category,name,model,price,group,coolpc_gid,socket,ddr,cores,threads,has_igpu,cooler_included,tdp_w,chipset,form_factor,wifi,dimm_slots,vrm_phases,ram_total_gb,ram_sticks,ram_speed,ram_cl,ssd_interface,capacity_gb,nand,gpu_chip,vram_gb,length_cm,psu_w,psu_rating,psu_sfx,psu_atx3,psu_modular,case_gpu_max_cm,case_cpu_max_cm,case_mb_max,case_sfx_only,case_glass,color,cooler_height_cm,cooler_sockets,cooler_tdp_w,cooler_low_profile,scraped_at
cpu,｛Intel Core Ultra 5 225F｝【10核】3.3G(↑4.9G) /20M /無內顯【代理盒裝】,Intel Core Ultra 5 225F,4880,Intel Core Ultra 200S系列1851 腳位【內建 NPU 支援 AI】,1136.5,LGA1851,,10,10,False,True,65,,,,,,,,,,,,,,,,,,,,,,,,,,,,,,,2026-10-10 06:01
cpu,｛Intel Core Ultra 5 225｝【10核】3.3G(↑4.9G) /20M /內顯Xe-core【代理盒裝】,Intel Core Ultra 5 225,5800,Intel Core Ultra 200S系列1851 腳位【內建 NPU 支援 AI】,1137.5,LGA1851,,10,10,True,True,65,,,,,,,,,,,,,,,,,,,,,,,,,,,,,,,2026-10-10 06:01
cpu,｛Intel Core Ultra 5 225｝【10核】3.3G(↑4.9G) /20M /內顯Xe-core【代理盒裝】~組裝價~,Intel Core Ultra 5 225,5280,Intel Core Ultra 200S系列1851 腳位【內建 NPU 支援 AI】,1138.5,LGA1851,,10,10,True,True,65,,,,,,,,,,,,,,,,,,,,,,,,,,,,,,,2026-10-10 06:01
cpu,｛Intel Core Ultra 5 245KF｝【14核】4.2G(↑5.2G) /24M /無內顯 /無風扇【代理盒裝】,Intel Core Ultra 5 245KF,6300,Intel Core Ultra 200S系列1851 腳位【內建 NPU 支援 AI】,1139.5,LGA1851,,14,14,False,False,125,,,,,,,,,,,,,,,,,,,,,,,,,,,,,,,2026-10-10 06:01
cpu,｛Intel Core Ultra 5 250KF Plus｝【18核】4.2G(↑5.3G) /30M /無內顯 /無風扇【代理盒裝】,Intel Core Ultra 5 250KF Plus,7990,Intel Core Ultra 200S系列1851 腳位【內建 NPU 支援 AI】,1141,LGA1851,,18,18,False,False,125,,,,,,,,,,,,,,,,,,,,,,,,,,,,,,,2026-10-10 06:01
cpu,｛Intel Core Ultra 5 250K Plus｝【18核】4.2G(↑5.3G) /30M /內顯Xe-core /無風扇【代理盒裝】,Intel Core Ultra 5 250K Plus,8250,Intel Core Ultra 200S系列1851 腳位【內建 NPU 支援 AI】,1142,LGA1851,,18,18,True,False,125,,,,,,,,,,,,,,,,,,,,,,,,,,,,,,,2026-10-10 06:01
cpu,｛Intel Core Ultra 7 265K｝【20核】3.9G(↑5.4G) /30M /內顯Xe-core /無風扇【代理盒裝】,Intel Core Ultra 7 265K,10300,Intel Core Ultra 200S系列1851 腳位【內建 NPU 支援 AI】,1144.5,LGA1851,,20,20,True,False,125,,,,,,,,,,,,,,,,,,,,,,,,,,,,,,,2026-10-10 06:01
cpu,｛Intel Core Ultra 7 270K Plus｝【24核】3.7G(↑5.4G) /36M /內顯Xe-core /無風扇【代理盒裝】,Intel Core Ultra 7 270K Plus,12200,Intel Core Ultra 200S系列1851 腳位【內建 NPU 支援 AI】,1145,LGA1851,,24,24,True,False,125,,,,,,,,,,,,,,,,,,,,,,,,,,,,,,,2026-10-10 06:01
cpu,｛Intel Core Ultra 9 285K｝【24核】3.7G(↑5.7G) /36M /內顯Xe-core /無風扇【代理盒裝】,Intel Core Ultra 9 285K,21500,Intel Core Ultra 200S系列1851 腳位【內建 NPU 支援 AI】,1146.5,LGA1851,,24,24,True,False,125,,,,,,,,,,,,,,,,,,,,,,,,,,,,,,,2026-10-10 06:01
cpu,｛Intel i3-14100｝【4核/8緒】3.5GHz(↑4.7GHz) /12M /UHD730 /60W 【代理盒裝】,Intel i3-14100,4800,Intel Raptor Lake-s 14代1700 腳位,1148.5,LGA1700,,4,8,True,True,60,,,,,,,,,,,,,,,,,,,,,,,,,,,,,,,2026-10-10 06:01
cpu,｛Intel i5-14400F｝【10核/16緒】2.5GHz(↑4.7G) /20M /無內顯 /65W 【代理盒裝】,Intel i5-14400F,6250,Intel Raptor Lake-s 14代1700 腳位,1149.5,LGA1700,,10,16,False,True,65,,,,,,,,,,,,,,,,,,,,,,,,,,,,,,,2026-10-10 06:01
cpu,｛Intel i5-14400｝【10核/16緒】2.5GHz(↑4.7G) /20M /UHD730 /65W 【代理盒裝】,Intel i5-14400,7250,Intel Raptor Lake-s 14代1700 腳位,1150.5,LGA1700,,10,16,True,True,65,,,,,,,,,,,,,,,,,,,,,,,,,,,,,,,2026-10-10 06:01
cpu,｛Intel i7-14700｝【20核/28緒】2.1GHz(↑5.4G) /33M /UHD770 /65W 【代理盒裝】,Intel i7-14700,11800,Intel Raptor Lake-s 14代1700 腳位,1151.5,LGA1700,,20,28,True,True,65,,,,,,,,,,,,,,,,,,,,,,,,,,,,,,,2026-10-10 06:01
cpu,｛Intel i5-12400F｝【6核/12緒】2.5G(↑4.4G) /18M /無內顯 /65w 【代理盒裝】,Intel i5-12400F,5100,Intel Alder Lake-s 12代1700 腳位,1153.5,LGA1700,,6,12,False,True,65,,,,,,,,,,,,,,,,,,,,,,,,,,,,,,,2026-10-10 06:01
cpu,｛Intel i5-12400｝【6核/12緒】2.5G(↑4.4G) /18M /UHD730 /65w 【代理盒裝】,Intel i5-12400,6100,Intel Alder Lake-s 12代1700 腳位,1154.5,LGA1700,,6,12,True,True,65,,,,,,,,,,,,,,,,,,,,,,,,,,,,,,,2026-10-10 06:01
cpu,｛AMD R5 3400G｝代理盒裝【4核/8緒】3.7G(↑4.2G)65W /12nm /代理商三年保 /含內顯,AMD R5 3400G,2099,AMD AM4 腳位,0.1163,AM4,,4,8,True,False,65,,,,,,,,,,,,,,,,,,,,,,,,,,,,,,,2026-10-10 06:01
cpu,｛AMD R5 5600X MPK｝(含風扇)【6核/12緒】3.7G(↑4.6G)代理商三年保,AMD R5 5600X MPK,4890,AMD AM4 腳位,1165,AM4,,6,12,False,True,65,,,,,,,,,,,,,,,,,,,,,,,,,,,,,,,2026-10-10 06:01
cpu,｛AMD R7 5800X3D｝十週年紀念版 AM4輝煌十載【8核/16緒】3.4G(↑4.5G)105W/7nm,AMD R7 5800X3D,11790,AMD AM4 腳位,1167,AM4,,8,16,False,False,105,,,,,,,,,,,,,,,,,,,,,,,,,,,,,,,2026-10-10 06:01
cpu,｛AMD R5 7500F MPK｝(含風扇)【6核/12緒】3.7G(↑5.0G)代理商三年保,AMD R5 7500F MPK,4890,AMD AM5 7000系列,1169.5,AM5,,6,12,False,True,65,,,,,,,,,,,,,,,,,,,,,,,,,,,,,,,2026-10-10 06:01
cpu,｛AMD R7 7700 MPK｝(代理含風扇)【8核/16緒】3.8G(↑5.3G)65W /具內顯 /代理商三年保,AMD R7 7700 MPK,7290,AMD AM5 7000系列,1171.5,AM5,,8,16,True,True,65,,,,,,,,,,,,,,,,,,,,,,,,,,,,,,,2026-10-10 06:01
cpu,｛AMD R7 7800X3D Tray盤｝【8核/16緒】4.2G(↑5.0G)96M/120W/具內顯三年保,AMD R7 7800X3D Tray盤,10290,AMD AM5 7000系列,1173.5,AM5,,8,16,True,False,120,,,,,,,,,,,,,,,,,,,,,,,,,,,,,,,2026-10-10 06:01
cpu,｛AMD R5 8400F盒｝【6核/12緒】4.2G(↑4.7G)65W,AMD R5 8400F盒,4950,AMD AM5 8000系列,1176.5,AM5,,6,12,False,False,65,,,,,,,,,,,,,,,,,,,,,,,,,,,,,,,2026-10-10 06:01
cpu,｛AMD R5 8400F盒｝【6核/12緒】4.2G(↑4.7G)65W【任搭主機板】,AMD R5 8400F盒,4450,AMD AM5 8000系列,1177.5,AM5,,6,12,False,False,65,,,,,,,,,,,,,,,,,,,,,,,,,,,,,,,2026-10-10 06:01
cpu,｛AMD R5 8500G盒｝【6核/12緒】3.5G(↑5.0G)65W /RDNA 3內顯 /新4奈米技術 /最低45W,AMD R5 8500G盒,5190,AMD AM5 8000系列,1178.5,AM5,,6,12,True,False,65,,,,,,,,,,,,,,,,,,,,,,,,,,,,,,,2026-10-10 06:01
cpu,｛AMD R5 8600G盒｝【6核/12緒】4.3G(↑5.0G)65W /RDNA 3內顯 /內建NPU支持AI,AMD R5 8600G盒,6550,AMD AM5 8000系列,1179.5,AM5,,6,12,True,False,65,,,,,,,,,,,,,,,,,,,,,,,,,,,,,,,2026-10-10 06:01
cpu,｛AMD R5 9600X｝代理盒裝【6核/12緒】3.9G(↑5.4G)65W /具RDNA內顯,AMD R5 9600X,8150,AMD AM5 9000系列,1182.5,AM5,,6,12,True,False,65,,,,,,,,,,,,,,,,,,,,,,,,,,,,,,,2026-10-10 06:01
cpu,｛AMD R7 9700X｝代理盒裝【8核/16緒】3.8G(↑5.5G)65W /具RDNA內顯,AMD R7 9700X,11550,AMD AM5 9000系列,1184.5,AM5,,8,16,True,False,65,,,,,,,,,,,,,,,,,,,,,,,,,,,,,,,2026-10-10 06:01
cpu,｛AMD R9 9900X｝代理盒裝【12核/24緒】4.4G(↑5.6G)120W /具內顯,AMD R9 9900X,14450,AMD AM5 9000系列,1186.5,AM5,,12,24,True,False,120,,,,,,,,,,,,,,,,,,,,,,,,,,,,,,,2026-10-10 06:01
cpu,｛AMD R9 9950X｝代理盒裝【16核/32緒】4.3G(↑5.7G)170W /具內顯,AMD R9 9950X,20350,AMD AM5 9000系列,1187.5,AM5,,16,32,True,False,170,,,,,,,,,,,,,,,,,,,,,,,,,,,,,,,2026-10-10 06:01
cpu,｛AMD R7 9800X3D｝代理盒裝【8核/16緒】4.7G(↑5.2G)120W /96M /具RDNA內顯,AMD R7 9800X3D,16150,AMD AM5 9000系列,1189.5,AM5,,8,16,True,False,120,,,,,,,,,,,,,,,,,,,,,,,,,,,,,,,2026-10-10 06:01
cpu,｛AMD R7 9850X3D｝代理盒裝【8核/16緒】4.7G(↑5.6G)120W/96M/具內顯,AMD R7 9850X3D,17050,AMD AM5 9000系列,1191,AM5,,8,16,True,False,120,,,,,,,,,,,,,,,,,,,,,,,,,,,,,,,2026-10-10 06:01
cpu,｛AMD R9 9900X3D｝代理盒裝【12核/24緒】4.4G(↑5.5G)120W /具內顯,AMD R9 9900X3D,20450,AMD AM5 9000系列,1192.5,AM5,,12,24,True,False,120,,,,,,,,,,,,,,,,,,,,,,,,,,,,,,,2026-10-10 06:01
cpu,｛AMD R9 9950X3D｝代理盒裝【16核/32緒】4.3G(↑5.7G)170W /具內顯,AMD R9 9950X3D,23950,AMD AM5 9000系列,1193.5,AM5,,16,32,True,False,170,,,,,,,,,,,,,,,,,,,,,,,,,,,,,,,2026-10-10 06:01
cpu,｛AMD R9 9950X3D2｝雙3D-V-Cache技術【16核/32緒】4.3G(↑5.6G)200W /具內顯,AMD R9 9950X3D2,31450,AMD AM5 9000系列,1194.5,AM5,,16,32,True,False,200,,,,,,,,,,,,,,,,,,,,,,,,,,,,,,,2026-10-10 06:01
motherboard,｛華碩 PRIME H610I-PLUS-CSM｝Mini-ITX/Intel 1G/註四年/5+1+1相 [DDR5],華碩 PRIME H610I-PLUS-CSM,3590,Intel H610 / 1700腳位(DDR5)-12~14代皆支援,1222.5,LGA1700,5,,,,,,H610,ITX,False,2,7,,,,,,,,,,,,,,,,,,,,,,,,,,2026-10-10 06:01
motherboard,｛華碩 PRIME H610M-E-CSM｝M-ATX/LAN 1G/註四年/8相/2DIMM [DDR5],華碩 PRIME H610M-E-CSM,2490,Intel H610 / 1700腳位(DDR5)-12~14代皆支援,1223.5,LGA1700,5,,,,,,H610,M-ATX,False,2,8,,,,,,,,,,,,,,,,,,,,,,,,,,2026-10-10 06:01
motherboard,｛華碩 PRIME H610M-F｝M-ATX/LAN 1G/註四年/3+1+1相/2DIMM [DDR5],華碩 PRIME H610M-F,1990,Intel H610 / 1700腳位(DDR5)-12~14代皆支援,1224.5,LGA1700,5,,,,,,H610,M-ATX,False,2,5,,,,,,,,,,,,,,,,,,,,,,,,,,2026-10-10 06:01
motherboard,｛華碩 PRIME H610M-K-CSM｝M-ATX/LAN 1G/註四年/8相電源/2DIMM [DDR5],華碩 PRIME H610M-K-CSM,2290,Intel H610 / 1700腳位(DDR5)-12~14代皆支援,1225.5,LGA1700,5,,,,,,H610,M-ATX,False,2,8,,,,,,,,,,,,,,,,,,,,,,,,,,2026-10-10 06:01
motherboard,｛微星 PRO H610M-S｝M-ATX/LAN 1G/註四年/5相電源/2DIMM [DDR5],微星 PRO H610M-S,1990,Intel H610 / 1700腳位(DDR5)-12~14代皆支援,1226.5,LGA1700,5,,,,,,H610,M-ATX,False,2,5,,,,,,,,,,,,,,,,,,,,,,,,,,2026-10-10 06:01
motherboard,｛微星 PRO H610M-E｝M-ATX/LAN 1G/註四年/8相電源/2DIMM/6+1+1相,微星 PRO H610M-E,2290,Intel H610 / 1700腳位(DDR5)-12~14代皆支援,1227.5,LGA1700,5,,,,,,H610,M-ATX,False,2,8,,,,,,,,,,,,,,,,,,,,,,,,,,2026-10-10 06:01
motherboard,｛華擎 H610M-H2/M.2 D5｝M-ATX/LAN 1G/註四年/2DIMM/3+1+1相,華擎 H610M-H2/M.2 D5,1990,Intel H610 / 1700腳位(DDR5)-12~14代皆支援,1228.5,LGA1700,5,,,,,,H610,M-ATX,False,2,5,,,,,,,,,,,,,,,,,,,,,,,,,,2026-10-10 06:01
motherboard,｛華碩 PRIME H610M-F D4 R2.0-CSM｝M-ATX/LAN 1G/註四年/2DIMM/5相,華碩 PRIME H610M-F D4 R2.0-CSM,2190,Intel H610 / 1700腳位(DDR4)-12~14代皆支援,1230.5,LGA1700,4,,,,,,H610,M-ATX,False,2,5,,,,,,,,,,,,,,,,,,,,,,,,,,2026-10-10 06:01
motherboard,｛華碩 PRIME H610M-K D4-CSM｝M-ATX/1A1H/LAN 1G/註四年/2DIMM/6+1+1相,華碩 PRIME H610M-K D4-CSM,2390,Intel H610 / 1700腳位(DDR4)-12~14代皆支援,1231.5,LGA1700,4,,,,,,H610,M-ATX,False,2,8,,,,,,,,,,,,,,,,,,,,,,,,,,2026-10-10 06:01
motherboard,｛華碩 PRIME H610I-PLUS D4-CSM｝Mini-ITX/1A1H1P/LAN 1G/2DIMM/5+1+1相,華碩 PRIME H610I-PLUS D4-CSM,3590,Intel H610 / 1700腳位(DDR4)-12~14代皆支援,1232.5,LGA1700,4,,,,,,H610,ITX,False,2,7,,,,,,,,,,,,,,,,,,,,,,,,,,2026-10-10 06:01
motherboard,｛技嘉 H610M K DDR4｝M-ATX/1H/LAN 1G/註四年/2DIMM/5相,技嘉 H610M K DDR4,2790,Intel H610 / 1700腳位(DDR4)-12~14代皆支援,1233.5,LGA1700,4,,,,,,H610,M-ATX,False,2,5,,,,,,,,,,,,,,,,,,,,,,,,,,2026-10-10 06:01
motherboard,｛技嘉 H610M H V2 DDR4｝M-ATX/1A1H/LAN 1G/註四年/2DIMM/6+1+1相,技嘉 H610M H V2 DDR4,2990,Intel H610 / 1700腳位(DDR4)-12~14代皆支援,1235.5,LGA1700,4,,,,,,H610,M-ATX,False,2,8,,,,,,,,,,,,,,,,,,,,,,,,,,2026-10-10 06:01
motherboard,｛技嘉 H610M S2H V2 DDR4｝M-ATX/LAN 1G/註四年/2DIMM/6+1+1相 *尾盤,技嘉 H610M S2H V2 DDR4,2790,Intel H610 / 1700腳位(DDR4)-12~14代皆支援,1236.5,LGA1700,4,,,,,,H610,M-ATX,False,2,8,,,,,,,,,,,,,,,,,,,,,,,,,,2026-10-10 06:01
motherboard,｛微星 PRO H610M-S DDR4｝M-ATX/1H/LAN 1G/註四年/2DIMM/5相,微星 PRO H610M-S DDR4,1990,Intel H610 / 1700腳位(DDR4)-12~14代皆支援,1237.5,LGA1700,4,,,,,,H610,M-ATX,False,2,5,,,,,,,,,,,,,,,,,,,,,,,,,,2026-10-10 06:01
motherboard,｛微星 PRO H610M-E DDR4｝M-ATX/LAN 1G/註四年/2DIMM/6+1+1相,微星 PRO H610M-E DDR4,2290,Intel H610 / 1700腳位(DDR4)-12~14代皆支援,1238.5,LGA1700,4,,,,,,H610,M-ATX,False,2,8,,,,,,,,,,,,,,,,,,,,,,,,,,2026-10-10 06:01
motherboard,｛華擎 H610M-H2/M.2｝M-ATX/LAN 1G/四年保/3+1+1相,華擎 H610M-H2/M.2,1990,Intel H610 / 1700腳位(DDR4)-12~14代皆支援,1239.5,LGA1700,4,,,,,,H610,M-ATX,False,4,5,,,,,,,,,,,,,,,,,,,,,,,,,,2026-10-10 06:01
motherboard,｛華擎 H610M COMBO II｝M-ATX/支援D4&D5記憶體/LAN 1G/三年保/6+1+1相,華擎 H610M COMBO II,2290,Intel H610 / 1700腳位(DDR4)-12~14代皆支援,1240.5,LGA1700,4,,,,,,H610,M-ATX,False,4,8,,,,,,,,,,,,,,,,,,,,,,,,,,2026-10-10 06:01
motherboard,｛華碩 B760M-AYW WIFI D4｝M-ATX/2.5G+無線/註五年/2DIMM/8相 *保固升級,華碩 B760M-AYW WIFI D4,3990,Intel B760 / 1700腳位(DDR4)-12~14代皆支援,1242,LGA1700,4,,,,,,B760,M-ATX,True,2,8,,,,,,,,,,,,,,,,,,,,,,,,,,2026-10-10 06:01
motherboard,｛華碩 PRIME B760M-F D4-CSM｝M-ATX/LAN 1G/註四年/2DIMM/8相,華碩 PRIME B760M-F D4-CSM,2790,Intel B760 / 1700腳位(DDR4)-12~14代皆支援,1243.5,LGA1700,4,,,,,,B760,M-ATX,False,2,8,,,,,,,,,,,,,,,,,,,,,,,,,,2026-10-10 06:01
motherboard,｛華碩 PRIME B760M-K D4-CSM｝M-ATX/2.5G/註四年/2DIMM/8相,華碩 PRIME B760M-K D4-CSM,3190,Intel B760 / 1700腳位(DDR4)-12~14代皆支援,1244.5,LGA1700,4,,,,,,B760,M-ATX,False,2,8,,,,,,,,,,,,,,,,,,,,,,,,,,2026-10-10 06:01
motherboard,｛華碩 PRIME B760M-A D4-CSM｝M-ATX/2.5G/註四年/8相,華碩 PRIME B760M-A D4-CSM,3790,Intel B760 / 1700腳位(DDR4)-12~14代皆支援,1245.5,LGA1700,4,,,,,,B760,M-ATX,False,4,8,,,,,,,,,,,,,,,,,,,,,,,,,,2026-10-10 06:01
motherboard,｛華碩 PRIME B760M-A WIFI D4-CSM｝M-ATX/2.5G+無線/註四年/10相,華碩 PRIME B760M-A WIFI D4-CSM,4490,Intel B760 / 1700腳位(DDR4)-12~14代皆支援,1246.5,LGA1700,4,,,,,,B760,M-ATX,True,4,10,,,,,,,,,,,,,,,,,,,,,,,,,,2026-10-10 06:01
motherboard,｛華碩 TUF GAMING B760M-E D4｝M-ATX/2.5G/註五年/10+1相,華碩 TUF GAMING B760M-E D4,4490,Intel B760 / 1700腳位(DDR4)-12~14代皆支援,1247,LGA1700,4,,,,,,B760,M-ATX,False,4,11,,,,,,,,,,,,,,,,,,,,,,,,,,2026-10-10 06:01
motherboard,｛華碩 TUF GAMING B760M-PLUS WIFI D4｝M-ATX/2.5G+無線/註五年/12+1相,華碩 TUF GAMING B760M-PLUS WIFI D4,5490,Intel B760 / 1700腳位(DDR4)-12~14代皆支援,1248,LGA1700,4,,,,,,B760,M-ATX,True,4,13,,,,,,,,,,,,,,,,,,,,,,,,,,2026-10-10 06:01
motherboard,｛華碩 TUF GAMING B760-PLUS WIFI D4｝/ATX/2.5G+無線/註五年/12+1相,華碩 TUF GAMING B760-PLUS WIFI D4,5990,Intel B760 / 1700腳位(DDR4)-12~14代皆支援,1249,LGA1700,4,,,,,,B760,ATX,True,4,13,,,,,,,,,,,,,,,,,,,,,,,,,,2026-10-10 06:01
motherboard,｛技嘉 B760M K V2 DDR4｝M-ATX/LAN 1G/註四年保/2DIMM/4+1+1相,技嘉 B760M K V2 DDR4,2790,Intel B760 / 1700腳位(DDR4)-12~14代皆支援,1250.5,LGA1700,4,,,,,,B760,M-ATX,False,2,6,,,,,,,,,,,,,,,,,,,,,,,,,,2026-10-10 06:01
motherboard,｛技嘉 B760M H DDR4｝M-ATX/LAN 1G/註四年保/2DIMM/6+1+1相,技嘉 B760M H DDR4,3090,Intel B760 / 1700腳位(DDR4)-12~14代皆支援,1251.5,LGA1700,4,,,,,,B760,M-ATX,False,2,8,,,,,,,,,,,,,,,,,,,,,,,,,,2026-10-10 06:01
motherboard,｛技嘉 B760M AORUS ARI WIFI6E DDR4｝雕妹/M-ATX/2.5G+無線/12+1+1相,技嘉 B760M AORUS ARI WIFI6E DDR4,5390,Intel B760 / 1700腳位(DDR4)-12~14代皆支援,1254.5,LGA1700,4,,,,,,B760,M-ATX,True,4,14,,,,,,,,,,,,,,,,,,,,,,,,,,2026-10-10 06:01
motherboard,｛微星 PRO B760M-E DDR4｝M-ATX/LAN 1G/註四年/2DIMM/6+1+1相,微星 PRO B760M-E DDR4,2590,Intel B760 / 1700腳位(DDR4)-12~14代皆支援,1255.5,LGA1700,4,,,,,,B760,M-ATX,False,2,8,,,,,,,,,,,,,,,,,,,,,,,,,,2026-10-10 06:01
motherboard,｛微星 PRO B760M-P DDR4｝M-ATX/LAN 1G/註四年/4DIMM/8相,微星 PRO B760M-P DDR4,3190,Intel B760 / 1700腳位(DDR4)-12~14代皆支援,1257.5,LGA1700,4,,,,,,B760,M-ATX,False,4,8,,,,,,,,,,,,,,,,,,,,,,,,,,2026-10-10 06:01
motherboard,｛微星 B760M BOMBER DDR4｝M-ATX/2.5G/註四年/2DIMM/8相,微星 B760M BOMBER DDR4,2890,Intel B760 / 1700腳位(DDR4)-12~14代皆支援,1258.5,LGA1700,4,,,,,,B760,M-ATX,False,2,8,,,,,,,,,,,,,,,,,,,,,,,,,,2026-10-10 06:01
motherboard,｛微星 B760M BOMBER WIFI DDR4｝M-ATX/2.5G+無線/註四年/2DIMM/6+1+1相,微星 B760M BOMBER WIFI DDR4,3590,Intel B760 / 1700腳位(DDR4)-12~14代皆支援,1259,LGA1700,4,,,,,,B760,M-ATX,True,2,8,,,,,,,,,,,,,,,,,,,,,,,,,,2026-10-10 06:01
motherboard,｛華擎 B760M-HDV/M.2 D4｝M-ATX/LAN 1G/註四年/5+1+1相,華擎 B760M-HDV/M.2 D4,2390,Intel B760 / 1700腳位(DDR4)-12~14代皆支援,1260.5,LGA1700,4,,,,,,B760,M-ATX,False,4,7,,,,,,,,,,,,,,,,,,,,,,,,,,2026-10-10 06:01
motherboard,｛華擎 B760M Pro RS/D4｝M-ATX/Realtek 2.5Gb/註四年/7+1+1相,華擎 B760M Pro RS/D4,3890,Intel B760 / 1700腳位(DDR4)-12~14代皆支援,1261,LGA1700,4,,,,,,B760,M-ATX,False,4,9,,,,,,,,,,,,,,,,,,,,,,,,,,2026-10-10 06:01
motherboard,｛華碩 B760M-AYW WIFI｝M-ATX/2.5G+無線/註五年/2DIMM/8相,華碩 B760M-AYW WIFI,2790,Intel B760 / 1700腳位(DDR5)-12~14代皆支援,1263.5,LGA1700,5,,,,,,B760,M-ATX,True,2,8,,,,,,,,,,,,,,,,,,,,,,,,,,2026-10-10 06:01
motherboard,｛華碩 PRIME B760M-F-CSM｝M-ATX/LAN 1G/註四年/2DIMM/8相,華碩 PRIME B760M-F-CSM,2590,Intel B760 / 1700腳位(DDR5)-12~14代皆支援,1264.5,LGA1700,5,,,,,,B760,M-ATX,False,2,8,,,,,,,,,,,,,,,,,,,,,,,,,,2026-10-10 06:01
motherboard,｛華碩 PRIME B760M-K-CSM｝M-ATX/2.5G/註四年/2DIMM/8相,華碩 PRIME B760M-K-CSM,2990,Intel B760 / 1700腳位(DDR5)-12~14代皆支援,1265.5,LGA1700,5,,,,,,B760,M-ATX,False,2,8,,,,,,,,,,,,,,,,,,,,,,,,,,2026-10-10 06:01
motherboard,｛華碩 PRIME B760M-A-CSM｝M-ATX/2.5G/註四年/8相,華碩 PRIME B760M-A-CSM,3190,Intel B760 / 1700腳位(DDR5)-12~14代皆支援,1266.5,LGA1700,5,,,,,,B760,M-ATX,False,4,8,,,,,,,,,,,,,,,,,,,,,,,,,,2026-10-10 06:01
motherboard,｛華碩 PRIME B760M-A WIFI-CSM｝M-ATX/2.5G+無線/註四年/10相,華碩 PRIME B760M-A WIFI-CSM,3490,Intel B760 / 1700腳位(DDR5)-12~14代皆支援,1267.5,LGA1700,5,,,,,,B760,M-ATX,True,4,10,,,,,,,,,,,,,,,,,,,,,,,,,,2026-10-10 06:01
motherboard,｛華碩 TUF GAMING B760M-PLUS WIFI II｝M-ATX/2.5G+無線/12+1相,華碩 TUF GAMING B760M-PLUS WIFI II,4490,Intel B760 / 1700腳位(DDR5)-12~14代皆支援,1268.5,LGA1700,5,,,,,,B760,M-ATX,True,4,13,,,,,,,,,,,,,,,,,,,,,,,,,,2026-10-10 06:01
motherboard,｛華碩 TUF GAMING B760-PLUS WIFI｝/ATX/2.5G+無線/註五年/12+1相,華碩 TUF GAMING B760-PLUS WIFI,4590,Intel B760 / 1700腳位(DDR5)-12~14代皆支援,1269.5,LGA1700,5,,,,,,B760,ATX,True,4,13,,,,,,,,,,,,,,,,,,,,,,,,,,2026-10-10 06:01
motherboard,｛技嘉 B760M E｝M-ATX/GE LAN/註四年保/2DIMM/6+1+1相,技嘉 B760M E,2990,Intel B760 / 1700腳位(DDR5)-12~14代皆支援,1271.5,LGA1700,5,,,,,,B760,M-ATX,False,2,8,,,,,,,,,,,,,,,,,,,,,,,,,,2026-10-10 06:01
motherboard,｛技嘉 B760M H V2｝M-ATX/LAN 1G/註四年/2DIMM/5+1+1相,技嘉 B760M H V2,2990,Intel B760 / 1700腳位(DDR5)-12~14代皆支援,1272.5,LGA1700,5,,,,,,B760,M-ATX,False,2,7,,,,,,,,,,,,,,,,,,,,,,,,,,2026-10-10 06:01
motherboard,｛技嘉 B760M DS3H WIFI6E GEN5｝M-ATX/2.5G+無線/註四年保/6+2+1相,技嘉 B760M DS3H WIFI6E GEN5,4490,Intel B760 / 1700腳位(DDR5)-12~14代皆支援,1274.5,LGA1700,5,,,,,,B760,M-ATX,True,4,9,,,,,,,,,,,,,,,,,,,,,,,,,,2026-10-10 06:01
motherboard,｛技嘉 B760M DS3H AX｝M-ATX/2.5G+無線/註四年保/6+2相 *尾盤,技嘉 B760M DS3H AX,3690,Intel B760 / 1700腳位(DDR5)-12~14代皆支援,1275.5,LGA1700,5,,,,,,B760,M-ATX,True,4,8,,,,,,,,,,,,,,,,,,,,,,,,,,2026-10-10 06:01
motherboard,｛技嘉 B760M GAMING WIFI6 PLUS GEN5｝M-ATX/2.5G+無線/註五年/6+2+1相,技嘉 B760M GAMING WIFI6 PLUS GEN5,3690,Intel B760 / 1700腳位(DDR5)-12~14代皆支援,1276.5,LGA1700,5,,,,,,B760,M-ATX,True,4,9,,,,,,,,,,,,,,,,,,,,,,,,,,2026-10-10 06:01
motherboard,｛技嘉 B760M GAMING X WIFI6E GEN5｝M-ATX/2.5G+無線/註五年/8+1+1相,技嘉 B760M GAMING X WIFI6E GEN5,4990,Intel B760 / 1700腳位(DDR5)-12~14代皆支援,1277.5,LGA1700,5,,,,,,B760,M-ATX,True,4,10,,,,,,,,,,,,,,,,,,,,,,,,,,2026-10-10 06:01
motherboard,｛技嘉 B760M AORUS ELITE AX｝M-ATX/2.5G+無線/註五年/12+1+1相 *尾盤,技嘉 B760M AORUS ELITE AX,4990,Intel B760 / 1700腳位(DDR5)-12~14代皆支援,1278.5,LGA1700,5,,,,,,B760,M-ATX,True,4,14,,,,,,,,,,,,,,,,,,,,,,,,,,2026-10-10 06:01
motherboard,｛技嘉 B760M AORUS ELITE WIFI6E-P GEN5｝雕妹/M-ATX/2.5G+無線/12+1+1相,技嘉 B760M AORUS ELITE WIFI6E-P GEN5,5990,Intel B760 / 1700腳位(DDR5)-12~14代皆支援,1279.5,LGA1700,5,,,,,,B760,M-ATX,True,4,14,,,,,,,,,,,,,,,,,,,,,,,,,,2026-10-10 06:01
motherboard,｛微星 PRO B760M-E｝M-ATX/LAN 1G/註四年/2DIMM/6+1+1相,微星 PRO B760M-E,2690,Intel B760 / 1700腳位(DDR5)-12~14代皆支援,1280.5,LGA1700,5,,,,,,B760,M-ATX,False,2,8,,,,,,,,,,,,,,,,,,,,,,,,,,2026-10-10 06:01
motherboard,｛微星 PRO B760M-B｝M-ATX/2.5G/註四年/2DIMM/6+1相,微星 PRO B760M-B,2790,Intel B760 / 1700腳位(DDR5)-12~14代皆支援,1281.5,LGA1700,5,,,,,,B760,M-ATX,False,2,7,,,,,,,,,,,,,,,,,,,,,,,,,,2026-10-10 06:01
motherboard,｛微星 PRO B760M-P｝M-ATX/LAN 1G/註四年/4DIMM/8相,微星 PRO B760M-P,3190,Intel B760 / 1700腳位(DDR5)-12~14代皆支援,1282.5,LGA1700,5,,,,,,B760,M-ATX,False,4,8,,,,,,,,,,,,,,,,,,,,,,,,,,2026-10-10 06:01
motherboard,｛微星 PRO B760M-A WIFI｝M-ATX/2.5G+無線/註四年/14相,微星 PRO B760M-A WIFI,3890,Intel B760 / 1700腳位(DDR5)-12~14代皆支援,1283,LGA1700,5,,,,,,B760,M-ATX,True,4,14,,,,,,,,,,,,,,,,,,,,,,,,,,2026-10-10 06:01
motherboard,｛微星 B760M BOMBER｝M-ATX/2.5G/註四年/2DIMM/8相,微星 B760M BOMBER,2890,Intel B760 / 1700腳位(DDR5)-12~14代皆支援,1284.5,LGA1700,5,,,,,,B760,M-ATX,False,2,8,,,,,,,,,,,,,,,,,,,,,,,,,,2026-10-10 06:01
motherboard,｛微星 B760M BOMBER WIFI｝M-ATX/2.5G+無線/註四年/2DIMM/6+1+1相,微星 B760M BOMBER WIFI,3490,Intel B760 / 1700腳位(DDR5)-12~14代皆支援,1285.5,LGA1700,5,,,,,,B760,M-ATX,True,2,8,,,,,,,,,,,,,,,,,,,,,,,,,,2026-10-10 06:01
motherboard,｛微星 B760M GAMING WIFI｝M-ATX/2.5G+無線/註五年/2DIMM/6+1相,微星 B760M GAMING WIFI,3690,Intel B760 / 1700腳位(DDR5)-12~14代皆支援,1286.5,LGA1700,5,,,,,,B760,M-ATX,True,2,7,,,,,,,,,,,,,,,,,,,,,,,,,,2026-10-10 06:01
motherboard,｛微星 B760M GAMING PLUS WIFI｝M-ATX/2.5G+無線/註五年/12+1+1相,微星 B760M GAMING PLUS WIFI,4090,Intel B760 / 1700腳位(DDR5)-12~14代皆支援,1287.5,LGA1700,5,,,,,,B760,M-ATX,True,4,14,,,,,,,,,,,,,,,,,,,,,,,,,,2026-10-10 06:01
motherboard,｛微星 B760 GAMING PLUS WIFI｝/ATX/2.5G+無線/註五年/12+1+1相,微星 B760 GAMING PLUS WIFI,4290,Intel B760 / 1700腳位(DDR5)-12~14代皆支援,1288.5,LGA1700,5,,,,,,B760,ATX,True,4,14,,,,,,,,,,,,,,,,,,,,,,,,,,2026-10-10 06:01
motherboard,｛華擎 B760M-HDV/M.2｝M-ATX/2.5G/註四年/7+1+1相,華擎 B760M-HDV/M.2,2390,Intel B760 / 1700腳位(DDR5)-12~14代皆支援,1289.5,LGA1700,5,,,,,,B760,M-ATX,False,4,9,,,,,,,,,,,,,,,,,,,,,,,,,,2026-10-10 06:01
motherboard,｛華擎 B760M PG LIGHTNING｝M-ATX/2.5G/註五年/7+1+1相,華擎 B760M PG LIGHTNING,3890,Intel B760 / 1700腳位(DDR5)-12~14代皆支援,1290.5,LGA1700,5,,,,,,B760,M-ATX,False,4,9,,,,,,,,,,,,,,,,,,,,,,,,,,2026-10-10 06:01
motherboard,｛華擎 B760M Steel Legend WiFi｝M-ATX/2.5G+無線/12+1+1相.支援eDP,華擎 B760M Steel Legend WiFi,4190,Intel B760 / 1700腳位(DDR5)-12~14代皆支援,1291.5,LGA1700,5,,,,,,B760,M-ATX,True,4,14,,,,,,,,,,,,,,,,,,,,,,,,,,2026-10-10 06:01
motherboard,｛華碩 PRIME Z790-P D4-CSM｝/ATX/2.5G/註四年/14+1相,華碩 PRIME Z790-P D4-CSM,6490,Intel Z790 / 1700腳位(DDR4)-12~14代皆支援,1293,LGA1700,4,,,,,,Z790,ATX,False,4,15,,,,,,,,,,,,,,,,,,,,,,,,,,2026-10-10 06:01
motherboard,｛華碩 PRIME Z790-P WIFI-CSM｝/ATX/2.5G+無線/註四年/14+1相,華碩 PRIME Z790-P WIFI-CSM,6490,Intel Z790 / 1700腳位(DDR5)-12~14代皆支援,1296,LGA1700,5,,,,,,Z790,ATX,True,4,15,,,,,,,,,,,,,,,,,,,,,,,,,,2026-10-10 06:01
motherboard,｛微星 PRO Z790-P WIFI｝/ATX/2.5G+無線/註四年/14+1+1相,微星 PRO Z790-P WIFI,5590,Intel Z790 / 1700腳位(DDR5)-12~14代皆支援,1297,LGA1700,5,,,,,,Z790,ATX,True,4,16,,,,,,,,,,,,,,,,,,,,,,,,,,2026-10-10 06:01
motherboard,｛華碩 PRIME H810M-K-CSM｝M-ATX/LAN 1G/註四年/2DIMM/6+1+1+1相,華碩 PRIME H810M-K-CSM,3090,Intel H810 / 1851腳位(DDR5),1299.5,LGA1851,5,,,,,,H810,M-ATX,False,2,9,,,,,,,,,,,,,,,,,,,,,,,,,,2026-10-10 06:01
motherboard,｛華碩 PRIME H810M-E-CSM｝M-ATX/LAN 1G/註四年/2DIMM/6+1+1+1相,華碩 PRIME H810M-E-CSM,3190,Intel H810 / 1851腳位(DDR5),1300.5,LGA1851,5,,,,,,H810,M-ATX,False,2,9,,,,,,,,,,,,,,,,,,,,,,,,,,2026-10-10 06:01
motherboard,｛技嘉 H810M K GEN5｝M-ATX/LAN 1G/註四年/2DIMM/3+1+2相,技嘉 H810M K GEN5,2990,Intel H810 / 1851腳位(DDR5),1301.5,LGA1851,5,,,,,,H810,M-ATX,False,2,6,,,,,,,,,,,,,,,,,,,,,,,,,,2026-10-10 06:01
motherboard,｛技嘉 H810M H｝M-ATX/LAN 1G/註四年/2DIMM/4+1+2相,技嘉 H810M H,3190,Intel H810 / 1851腳位(DDR5),1302.5,LGA1851,5,,,,,,H810,M-ATX,False,2,7,,,,,,,,,,,,,,,,,,,,,,,,,,2026-10-10 06:01
motherboard,｛技嘉 H810M H GEN5｝M-ATX/LAN 1G/註四年/2DIMM/4+1+2相,技嘉 H810M H GEN5,3190,Intel H810 / 1851腳位(DDR5),1303.5,LGA1851,5,,,,,,H810,M-ATX,False,2,7,,,,,,,,,,,,,,,,,,,,,,,,,,2026-10-10 06:01
motherboard,｛微星 PRO H810M-E｝M-ATX/2.5G/註四年/2DIMM/4+1+1+1相,微星 PRO H810M-E,2890,Intel H810 / 1851腳位(DDR5),1304.5,LGA1851,5,,,,,,H810,M-ATX,False,2,7,,,,,,,,,,,,,,,,,,,,,,,,,,2026-10-10 06:01
motherboard,｛微星 PRO H810M-B｝M-ATX/2.5G/註四年/2DIMM/6+1+1+1相,微星 PRO H810M-B,3290,Intel H810 / 1851腳位(DDR5),1305.5,LGA1851,5,,,,,,H810,M-ATX,False,2,9,,,,,,,,,,,,,,,,,,,,,,,,,,2026-10-10 06:01
motherboard,｛微星 PRO H810M-B WIFI6E｝M-ATX/2.5G+無線/註四年/2DIMM/6+1+1+1相,微星 PRO H810M-B WIFI6E,3590,Intel H810 / 1851腳位(DDR5),1306.5,LGA1851,5,,,,,,H810,M-ATX,True,2,9,,,,,,,,,,,,,,,,,,,,,,,,,,2026-10-10 06:01
motherboard,｛微星 H810M GAMING WIFI6E｝M-ATX/2.5G+Wi-Fi 6E/註四年/2DIMM/6+1+1+1相,微星 H810M GAMING WIFI6E,3890,Intel H810 / 1851腳位(DDR5),1307.5,LGA1851,5,,,,,,H810,M-ATX,True,2,9,,,,,,,,,,,,,,,,,,,,,,,,,,2026-10-10 06:01
motherboard,｛華擎 H810M-H｝M-ATX/LAN 1G/註四年/2DIMM/6+1+1+1+1相,華擎 H810M-H,2290,Intel H810 / 1851腳位(DDR5),1308.5,LGA1851,5,,,,,,H810,M-ATX,False,2,10,,,,,,,,,,,,,,,,,,,,,,,,,,2026-10-10 06:01
motherboard,｛華碩 ROG STRIX B860-I GAMING WIFI｝Mini-ITX/Intel 2.5Gb+Wi-Fi 7/註五年/10+1+2+1相,華碩 ROG STRIX B860-I GAMING WIFI,6990,Intel B860 / 1851腳位(DDR5),1312,LGA1851,5,,,,,,B860,ITX,True,2,14,,,,,,,,,,,,,,,,,,,,,,,,,,2026-10-10 06:01
motherboard,｛華碩 B860M-E-CSM｝M-ATX/2.5G/註四年/2DIMM/6+1+1+1相 *任搭優惠價,華碩 B860M-E-CSM,3390,Intel B860 / 1851腳位(DDR5),1313.5,LGA1851,5,,,,,,B860,M-ATX,False,2,9,,,,,,,,,,,,,,,,,,,,,,,,,,2026-10-10 06:01
motherboard,｛華碩 B860M AYW GAMING WIFI｝M-ATX/2.5G+無線/註五年/2DIMM/6+1+1+1相/獨家,華碩 B860M AYW GAMING WIFI,4590,Intel B860 / 1851腳位(DDR5),1314,LGA1851,5,,,,,,B860,M-ATX,True,2,9,,,,,,,,,,,,,,,,,,,,,,,,,,2026-10-10 06:01
motherboard,｛華碩 PRIME B860M-K-CSM｝M-ATX/2.5G/註四年/2DIMM/6+1+1+1相,華碩 PRIME B860M-K-CSM,3990,Intel B860 / 1851腳位(DDR5),1315.5,LGA1851,5,,,,,,B860,M-ATX,False,2,9,,,,,,,,,,,,,,,,,,,,,,,,,,2026-10-10 06:01
motherboard,｛華碩 PRIME B860M-A-CSM｝M-ATX/2.5G/註四年/7+1+1+1相,華碩 PRIME B860M-A-CSM,4690,Intel B860 / 1851腳位(DDR5),1316.5,LGA1851,5,,,,,,B860,M-ATX,False,4,10,,,,,,,,,,,,,,,,,,,,,,,,,,2026-10-10 06:01
motherboard,｛華碩 PRIME B860M-A WIFI-CSM｝M-ATX/2.5G+無線/註四年/7+1+1+1相*任搭優惠價,華碩 PRIME B860M-A WIFI-CSM,4990,Intel B860 / 1851腳位(DDR5),1317.5,LGA1851,5,,,,,,B860,M-ATX,True,4,10,,,,,,,,,,,,,,,,,,,,,,,,,,2026-10-10 06:01
motherboard,｛華碩 B860M MAX GAMING AX｝M-ATX/2.5G+無線/註五年/6+1+1+1相*任搭優惠價,華碩 B860M MAX GAMING AX,4890,Intel B860 / 1851腳位(DDR5),1318.5,LGA1851,5,,,,,,B860,M-ATX,True,4,9,,,,,,,,,,,,,,,,,,,,,,,,,,2026-10-10 06:01
motherboard,｛華碩 TUF GAMING B860M-PLUS WIFI｝M-ATX/2.5G+Wi-Fi7/註五年/12+1+2+1相,華碩 TUF GAMING B860M-PLUS WIFI,6490,Intel B860 / 1851腳位(DDR5),1319.5,LGA1851,5,,,,,,B860,M-ATX,True,4,16,,,,,,,,,,,,,,,,,,,,,,,,,,2026-10-10 06:01
motherboard,｛華碩 TUF GAMING B860-PLUS WIFI｝/ATX/2.5G+Wi-Fi7/註五年/12+1+2+1相,華碩 TUF GAMING B860-PLUS WIFI,6990,Intel B860 / 1851腳位(DDR5),1320.5,LGA1851,5,,,,,,B860,ATX,True,4,16,,,,,,,,,,,,,,,,,,,,,,,,,,2026-10-10 06:01
motherboard,｛華碩 ROG STRIX B860-G GAMING WIFI｝M-ATX/2.5G+Wi-Fi7/14+1+2+1相*任搭優惠價,華碩 ROG STRIX B860-G GAMING WIFI,7490,Intel B860 / 1851腳位(DDR5),1321.5,LGA1851,5,,,,,,B860,M-ATX,True,4,18,,,,,,,,,,,,,,,,,,,,,,,,,,2026-10-10 06:01
motherboard,｛華碩 ROG STRIX B860-A GAMING WIFI S｝吹雪/ATX/2.5G+Wi-Fi7/14+1+2+1相,華碩 ROG STRIX B860-A GAMING WIFI S,7690,Intel B860 / 1851腳位(DDR5),1323.5,LGA1851,5,,,,,,B860,ATX,True,4,18,,,,,,,,,,,,,,,,,,,,,,,,,,2026-10-10 06:01
motherboard,｛華碩 ROG STRIX B860-F GAMING WIFI｝/ATX/2.5G+Wi-Fi7/16+1+2+1相*任搭優惠價,華碩 ROG STRIX B860-F GAMING WIFI,8490,Intel B860 / 1851腳位(DDR5),1324,LGA1851,5,,,,,,B860,ATX,True,4,20,,,,,,,,,,,,,,,,,,,,,,,,,,2026-10-10 06:01
motherboard,｛技嘉 B860M H｝M-ATX/2.5G/註四年/2DIMM/4+1+2相,技嘉 B860M H,3590,Intel B860 / 1851腳位(DDR5),1325.5,LGA1851,5,,,,,,B860,M-ATX,False,2,7,,,,,,,,,,,,,,,,,,,,,,,,,,2026-10-10 06:01
motherboard,｛技嘉 B860M EAGLE V2｝M-ATX/2.5G/註四年/2DIMM/6+1+2相,技嘉 B860M EAGLE V2,3990,Intel B860 / 1851腳位(DDR5),1326.5,LGA1851,5,,,,,,B860,M-ATX,False,2,9,,,,,,,,,,,,,,,,,,,,,,,,,,2026-10-10 06:01
motherboard,｛技嘉 B860M GAMING WIFI6｝M-ATX/2.5G+無線/註五年/8+1+2相,技嘉 B860M GAMING WIFI6,4990,Intel B860 / 1851腳位(DDR5),1327.5,LGA1851,5,,,,,,B860,M-ATX,True,4,11,,,,,,,,,,,,,,,,,,,,,,,,,,2026-10-10 06:01
motherboard,｛技嘉 B860M GAMING X WIFI6E｝M-ATX/2.5G+無線/註五年/8+1+2相,技嘉 B860M GAMING X WIFI6E,5390,Intel B860 / 1851腳位(DDR5),1329.5,LGA1851,5,,,,,,B860,M-ATX,True,4,11,,,,,,,,,,,,,,,,,,,,,,,,,,2026-10-10 06:01
motherboard,｛技嘉 B860M AORUS ELITE WIFI6E｝M-ATX/2.5G+無線/註五年/12+1+2相*獨家,技嘉 B860M AORUS ELITE WIFI6E,6490,Intel B860 / 1851腳位(DDR5),1330.5,LGA1851,5,,,,,,B860,M-ATX,True,4,15,,,,,,,,,,,,,,,,,,,,,,,,,,2026-10-10 06:01
motherboard,｛技嘉 B860M AORUS ELITE WIFI6E ICE｝冰魄白 M-ATX/2.5G+無線/12+1+2相*獨家,技嘉 B860M AORUS ELITE WIFI6E ICE,6490,Intel B860 / 1851腳位(DDR5),1331.5,LGA1851,5,,,,,,B860,M-ATX,True,4,15,,,,,,,,,,,,,,,,,,,,,,,,,,2026-10-10 06:01
motherboard,｛技嘉 B860 EAGLE WIFI6E｝/ATX/2.5G+無線/註四年/12+1+2相,技嘉 B860 EAGLE WIFI6E,5990,Intel B860 / 1851腳位(DDR5),1332.5,LGA1851,5,,,,,,B860,ATX,True,4,15,,,,,,,,,,,,,,,,,,,,,,,,,,2026-10-10 06:01
motherboard,｛技嘉 B860 GAMING X WIFI6E｝/ATX/2.5G+無線/註五年/12+1+2相,技嘉 B860 GAMING X WIFI6E,6790,Intel B860 / 1851腳位(DDR5),1333.5,LGA1851,5,,,,,,B860,ATX,True,4,15,,,,,,,,,,,,,,,,,,,,,,,,,,2026-10-10 06:01
motherboard,｛技嘉 B860 AORUS ELITE WIFI7 ICE｝/ATX/2.5G+Wi-Fi7/註五年/12+1+2相,技嘉 B860 AORUS ELITE WIFI7 ICE,7990,Intel B860 / 1851腳位(DDR5),1334.5,LGA1851,5,,,,,,B860,ATX,True,4,15,,,,,,,,,,,,,,,,,,,,,,,,,,2026-10-10 06:01
motherboard,｛微星 MPG B860I EDGE TI WIFI｝Mini-ITX/Intel 5G+Wi-Fi7/註五年/8+1+1+1相,微星 MPG B860I EDGE TI WIFI,6490,Intel B860 / 1851腳位(DDR5),1335.5,LGA1851,5,,,,,,B860,ITX,True,2,11,,,,,,,,,,,,,,,,,,,,,,,,,,2026-10-10 06:01
motherboard,｛微星 PRO B860M-E｝M-ATX/5G/註四年/2DIMM/6+1+1+1相,微星 PRO B860M-E,3390,Intel B860 / 1851腳位(DDR5),1336.5,LGA1851,5,,,,,,B860,M-ATX,False,2,9,,,,,,,,,,,,,,,,,,,,,,,,,,2026-10-10 06:01
motherboard,｛微星 PRO B860M-X｝M-ATX/5G/註四年/2DIMM/8+2+1相.獨家,微星 PRO B860M-X,3690,Intel B860 / 1851腳位(DDR5),1337.5,LGA1851,5,,,,,,B860,M-ATX,False,2,11,,,,,,,,,,,,,,,,,,,,,,,,,,2026-10-10 06:01
motherboard,｛微星 PRO B860M-B｝M-ATX/5G/註四年/2DIMM/6+1+1+1相 *尾盤,微星 PRO B860M-B,3690,Intel B860 / 1851腳位(DDR5),1338.5,LGA1851,5,,,,,,B860,M-ATX,False,2,9,,,,,,,,,,,,,,,,,,,,,,,,,,2026-10-10 06:01
motherboard,｛微星 PRO B860M-B WIFI｝M-ATX/5G+Wi-Fi7/註四年/2DIMM/6+1+1+1相,微星 PRO B860M-B WIFI,4490,Intel B860 / 1851腳位(DDR5),1339.5,LGA1851,5,,,,,,B860,M-ATX,True,2,9,,,,,,,,,,,,,,,,,,,,,,,,,,2026-10-10 06:01
motherboard,｛微星 B860M GAMING WIFI｝M-ATX/2.5G+Wi-Fi7/註五年/8+1+1+1相,微星 B860M GAMING WIFI,4690,Intel B860 / 1851腳位(DDR5),1340.5,LGA1851,5,,,,,,B860,M-ATX,True,4,11,,,,,,,,,,,,,,,,,,,,,,,,,,2026-10-10 06:01
motherboard,｛微星 B860M GAMING PLUS WIFI｝M-ATX/Intel 5G+Wi-Fi7/註五年/12+1+1+1相,微星 B860M GAMING PLUS WIFI,6190,Intel B860 / 1851腳位(DDR5),1341.5,LGA1851,5,,,,,,B860,M-ATX,True,4,15,,,,,,,,,,,,,,,,,,,,,,,,,,2026-10-10 06:01
motherboard,｛微星 MAG B860M MORTAR WIFI｝M-ATX/Intel 5G+Wi-Fi7/註五年/12+1+1+1相,微星 MAG B860M MORTAR WIFI,6690,Intel B860 / 1851腳位(DDR5),1342.5,LGA1851,5,,,,,,B860,M-ATX,True,4,15,,,,,,,,,,,,,,,,,,,,,,,,,,2026-10-10 06:01
motherboard,｛微星 PRO B860-P｝/ATX/5G/註四年/12+1+1+1相,微星 PRO B860-P,5090,Intel B860 / 1851腳位(DDR5),1343.5,LGA1851,5,,,,,,B860,ATX,False,4,15,,,,,,,,,,,,,,,,,,,,,,,,,,2026-10-10 06:01
motherboard,｛微星 PRO B860-P WIFI｝/ATX/5G/註四年/12+1+1+1相,微星 PRO B860-P WIFI,5590,Intel B860 / 1851腳位(DDR5),1344.5,LGA1851,5,,,,,,B860,ATX,True,4,15,,,,,,,,,,,,,,,,,,,,,,,,,,2026-10-10 06:01
motherboard,｛微星 B860 GAMING PLUS WIFI｝/ATX/Intel 5G+Wi-Fi7/註五年/12+1+1+1相,微星 B860 GAMING PLUS WIFI,6590,Intel B860 / 1851腳位(DDR5),1345.5,LGA1851,5,,,,,,B860,ATX,True,4,15,,,,,,,,,,,,,,,,,,,,,,,,,,2026-10-10 06:01
motherboard,｛微星 MAG B860 TOMAHAWK WIFI｝/ATX/Intel 5G+Wi-Fi7/註五年/12+1+1+1相,微星 MAG B860 TOMAHAWK WIFI,6990,Intel B860 / 1851腳位(DDR5),1346.5,LGA1851,5,,,,,,B860,ATX,True,4,15,,,,,,,,,,,,,,,,,,,,,,,,,,2026-10-10 06:01
motherboard,｛華擎 B860I WiFi｝Mini-ITX/2.5G+無線/註五年/8+1+1相,華擎 B860I WiFi,4990,Intel B860 / 1851腳位(DDR5),1347,LGA1851,5,,,,,,B860,ITX,True,2,10,,,,,,,,,,,,,,,,,,,,,,,,,,2026-10-10 06:01
motherboard,｛華擎 B860M-H2｝M-ATX/LAN 1G/註四年/2DIMM/5+1+1+1+1相,華擎 B860M-H2,2990,Intel B860 / 1851腳位(DDR5),1348.5,LGA1851,5,,,,,,B860,M-ATX,False,2,9,,,,,,,,,,,,,,,,,,,,,,,,,,2026-10-10 06:01
motherboard,｛華擎 B860M Rock WiFi｝M-ATX/2.5G+無線/註五年/2DIMM/5+1+1+1+1相,華擎 B860M Rock WiFi,4190,Intel B860 / 1851腳位(DDR5),1349.5,LGA1851,5,,,,,,B860,M-ATX,True,2,9,,,,,,,,,,,,,,,,,,,,,,,,,,2026-10-10 06:01
motherboard,｛華擎 B860M LiveMixer WiFi｝M-ATX/2.5G+無線/註五年/10+1+1+1相,華擎 B860M LiveMixer WiFi,4690,Intel B860 / 1851腳位(DDR5),1350.5,LGA1851,5,,,,,,B860,M-ATX,True,4,13,,,,,,,,,,,,,,,,,,,,,,,,,,2026-10-10 06:01
motherboard,｛華擎 B860M-X WiFi｝M-ATX/2.5G+無線/註五年/2DIMM/7+1+1+1+1相,華擎 B860M-X WiFi,4990,Intel B860 / 1851腳位(DDR5),1351.5,LGA1851,5,,,,,,B860,M-ATX,True,2,11,,,,,,,,,,,,,,,,,,,,,,,,,,2026-10-10 06:01
motherboard,｛華擎 B860M Pro RS WiFi｝M-ATX/2.5G+無線/註五年/10+1+1+1+1相,華擎 B860M Pro RS WiFi,5990,Intel B860 / 1851腳位(DDR5),1352.5,LGA1851,5,,,,,,B860,M-ATX,True,4,14,,,,,,,,,,,,,,,,,,,,,,,,,,2026-10-10 06:01
motherboard,｛華擎 B860M Steel Legend WiFi｝M-ATX/2.5G+無線/註五年/12+1+1+1相,華擎 B860M Steel Legend WiFi,5490,Intel B860 / 1851腳位(DDR5),1353.5,LGA1851,5,,,,,,B860,M-ATX,True,4,15,,,,,,,,,,,,,,,,,,,,,,,,,,2026-10-10 06:01
motherboard,｛華擎 B860 Rock WiFi 7｝/ATX/2.5G+Wi-Fi7/註五年/8+1+1+1+1相,華擎 B860 Rock WiFi 7,4390,Intel B860 / 1851腳位(DDR5),1354.5,LGA1851,5,,,,,,B860,ATX,True,4,12,,,,,,,,,,,,,,,,,,,,,,,,,,2026-10-10 06:01
motherboard,｛華擎 B860 Steel Legend WiFi｝/ATX/2.5G+無線/註五年/14+1+1+1相,華擎 B860 Steel Legend WiFi,8290,Intel B860 / 1851腳位(DDR5),1357.5,LGA1851,5,,,,,,B860,ATX,True,4,17,,,,,,,,,,,,,,,,,,,,,,,,,,2026-10-10 06:01
motherboard,｛華碩 Z890 MAX GAMING WIFI7｝/ATX/2.5G+Wi-Fi7/12+1+2+1相*任搭優惠價至10/31,華碩 Z890 MAX GAMING WIFI7,6990,Intel Z890 / 1851腳位(DDR5),1360.5,LGA1851,5,,,,,,Z890,ATX,True,4,16,,,,,,,,,,,,,,,,,,,,,,,,,,2026-10-10 06:01
motherboard,｛華碩 PRIME Z890-P WIFI-CSM｝/ATX/2.5G+Wi-Fi7/註四年/14+1+2相 *任搭優惠價,華碩 PRIME Z890-P WIFI-CSM,7490,Intel Z890 / 1851腳位(DDR5),1361.5,LGA1851,5,,,,,,Z890,ATX,True,4,17,,,,,,,,,,,,,,,,,,,,,,,,,,2026-10-10 06:01
motherboard,｛華碩 Z890 AYW GAMING WIFI W｝/ATX/2.5G+無線/註五年/白色/12+1+2相.獨家,華碩 Z890 AYW GAMING WIFI W,8990,Intel Z890 / 1851腳位(DDR5),1362.5,LGA1851,5,,,,,,Z890,ATX,True,4,15,,,,,,,,,,,,,,,,,,,,,,,,,,2026-10-10 06:01
motherboard,｛華碩 TUF GAMING Z890-PRO WIFI｝/ATX/2.5G+Wi-Fi7/註五年/銀白版/16+1+2相,華碩 TUF GAMING Z890-PRO WIFI,9990,Intel Z890 / 1851腳位(DDR5),1363.5,LGA1851,5,,,,,,Z890,ATX,True,4,19,,,,,,,,,,,,,,,,,,,,,,,,,,2026-10-10 06:01
motherboard,｛華碩 ROG STRIX Z890-A GAMING WIFI｝/ATX/2.5G+Wi-Fi7/銀白版/16+1+2相,華碩 ROG STRIX Z890-A GAMING WIFI,12990,Intel Z890 / 1851腳位(DDR5),1364.5,LGA1851,5,,,,,,Z890,ATX,True,4,19,,,,,,,,,,,,,,,,,,,,,,,,,,2026-10-10 06:01
motherboard,｛華碩 ROG STRIX Z890-F GAMING WIFI｝/ATX/2.5G+Wi-Fi7/16+1+2相,華碩 ROG STRIX Z890-F GAMING WIFI,14990,Intel Z890 / 1851腳位(DDR5),1365.5,LGA1851,5,,,,,,Z890,ATX,True,4,19,,,,,,,,,,,,,,,,,,,,,,,,,,2026-10-10 06:01
motherboard,｛華碩 ProArt Z890-CREATOR WIFI｝/ATX/Marvell10G+2.5G+Wi-Fi7/16+1+2相,華碩 ProArt Z890-CREATOR WIFI,15990,Intel Z890 / 1851腳位(DDR5),1366.5,LGA1851,5,,,,,,Z890,ATX,True,4,19,,,,,,,,,,,,,,,,,,,,,,,,,,2026-10-10 06:01
motherboard,｛華碩 ROG MAXIMUS Z890 HERO｝/ATX/5G+2.5G+Wi-Fi7/22+1+2+2相,華碩 ROG MAXIMUS Z890 HERO,20990,Intel Z890 / 1851腳位(DDR5),1367.5,LGA1851,5,,,,,,Z890,ATX,True,4,27,,,,,,,,,,,,,,,,,,,,,,,,,,2026-10-10 06:01
motherboard,｛技嘉 Z890I AORUS ULTRA｝Mini-ITX/2.5G+Wi-Fi7+註五年/8+1+2相,技嘉 Z890I AORUS ULTRA,11990,Intel Z890 / 1851腳位(DDR5),1368.5,LGA1851,5,,,,,,Z890,ITX,True,2,11,,,,,,,,,,,,,,,,,,,,,,,,,,2026-10-10 06:01
motherboard,｛技嘉 Z890M GAMING X｝M-ATX/2.5G/註五年/8+1+2相,技嘉 Z890M GAMING X,6890,Intel Z890 / 1851腳位(DDR5),1369.5,LGA1851,5,,,,,,Z890,M-ATX,False,4,11,,,,,,,,,,,,,,,,,,,,,,,,,,2026-10-10 06:01
motherboard,｛技嘉 Z890M FORCE DUO X WIFI7｝M-ATX/5G+Wi-Fi7/註五年/12+1+2相,技嘉 Z890M FORCE DUO X WIFI7,7990,Intel Z890 / 1851腳位(DDR5),1370.5,LGA1851,5,,,,,,Z890,M-ATX,True,4,15,,,,,,,,,,,,,,,,,,,,,,,,,,2026-10-10 06:01
motherboard,｛技嘉 Z890 UD WIFI6E｝/ATX/2.5G+無線/註四年/14+1+2相,技嘉 Z890 UD WIFI6E,6990,Intel Z890 / 1851腳位(DDR5),1371.5,LGA1851,5,,,,,,Z890,ATX,True,4,17,,,,,,,,,,,,,,,,,,,,,,,,,,2026-10-10 06:01
motherboard,｛技嘉 Z890 EAGLE WIFI7｝/ATX/2.5G+Wi-Fi7/註四年/14+1+2相 *售完為止,技嘉 Z890 EAGLE WIFI7,6990,Intel Z890 / 1851腳位(DDR5),1372.5,LGA1851,5,,,,,,Z890,ATX,True,4,17,,,,,,,,,,,,,,,,,,,,,,,,,,2026-10-10 06:01
motherboard,｛技嘉 Z890 EAGLE WIFI7 PLUS｝/ATX/2.5G+Wi-Fi7/註四年/14+1+2相,技嘉 Z890 EAGLE WIFI7 PLUS,8290,Intel Z890 / 1851腳位(DDR5),1373.5,LGA1851,5,,,,,,Z890,ATX,True,4,17,,,,,,,,,,,,,,,,,,,,,,,,,,2026-10-10 06:01
motherboard,｛技嘉 Z890 GAMING X WIFI7｝/ATX/2.5G+Wi-Fi7/註五年/16+1+2相,技嘉 Z890 GAMING X WIFI7,9290,Intel Z890 / 1851腳位(DDR5),1374.5,LGA1851,5,,,,,,Z890,ATX,True,4,19,,,,,,,,,,,,,,,,,,,,,,,,,,2026-10-10 06:01
motherboard,｛技嘉 Z890 AORUS ELITE WIFI7｝/ATX/2.5G+Wi-Fi7/註五年/16+1+2相,技嘉 Z890 AORUS ELITE WIFI7,9990,Intel Z890 / 1851腳位(DDR5),1375.5,LGA1851,5,,,,,,Z890,ATX,True,4,19,,,,,,,,,,,,,,,,,,,,,,,,,,2026-10-10 06:01
motherboard,｛技嘉 Z890 AORUS ELITE WIFI7 PLUS｝/ATX/5G+2.5G+Wi-Fi7/註五年/16+1+2相,技嘉 Z890 AORUS ELITE WIFI7 PLUS,9990,Intel Z890 / 1851腳位(DDR5),1376.5,LGA1851,5,,,,,,Z890,ATX,True,4,19,,,,,,,,,,,,,,,,,,,,,,,,,,2026-10-10 06:01
motherboard,｛技嘉 Z890 AORUS ELITE WIFI7 ICE｝冰魄白/ATX/2.5G+Wi-Fi7/16+1+2相-獨家,技嘉 Z890 AORUS ELITE WIFI7 ICE,9490,Intel Z890 / 1851腳位(DDR5),1377.5,LGA1851,5,,,,,,Z890,ATX,True,4,19,,,,,,,,,,,,,,,,,,,,,,,,,,2026-10-10 06:01
motherboard,｛技嘉 Z890 AORUS ELITE DUO X｝/ATX/5G+Wi-Fi7/註五年/2DIMM/16+1+2相.XMP Booster,技嘉 Z890 AORUS ELITE DUO X,11490,Intel Z890 / 1851腳位(DDR5),1378.5,LGA1851,5,,,,,,Z890,ATX,True,2,19,,,,,,,,,,,,,,,,,,,,,,,,,,2026-10-10 06:01
motherboard,｛技嘉 Z890 AORUS PRO ICE｝冰魄白/ATX/5G+Wi-Fi7/註五年/16+1+2相,技嘉 Z890 AORUS PRO ICE,12990,Intel Z890 / 1851腳位(DDR5),1379,LGA1851,5,,,,,,Z890,ATX,True,4,19,,,,,,,,,,,,,,,,,,,,,,,,,,2026-10-10 06:01
motherboard,｛技嘉 Z890 AERO G｝/ATX/2*2.5G+Wi-Fi7/註五年/16+1+2相,技嘉 Z890 AERO G,12990,Intel Z890 / 1851腳位(DDR5),1380.5,LGA1851,5,,,,,,Z890,ATX,True,4,19,,,,,,,,,,,,,,,,,,,,,,,,,,2026-10-10 06:01
motherboard,｛技嘉 Z890 AORUS MASTER｝/ATX/10G+Wi-Fi7/註五年/18+1+2相,技嘉 Z890 AORUS MASTER,17990,Intel Z890 / 1851腳位(DDR5),1381.5,LGA1851,5,,,,,,Z890,ATX,True,4,21,,,,,,,,,,,,,,,,,,,,,,,,,,2026-10-10 06:01
motherboard,｛技嘉 Z890 AORUS XTREME AI TOP(E-ATX/2*10G+Wi-Fi7/22+1+2相,｛技嘉 Z890 AORUS XTREME AI TOP(E-ATX/2*10G+Wi-Fi7/22+1+2相,33900,Intel Z890 / 1851腳位(DDR5),1382.5,LGA1851,5,,,,,,Z890,E-ATX,True,4,25,,,,,,,,,,,,,,,,,,,,,,,,,,2026-10-10 06:01
motherboard,｛微星 MPG Z890I EDGE TI WIFI｝Mini-ITX/Killer 5G+Wi-Fi7/註五年/10+1+1+1相,微星 MPG Z890I EDGE TI WIFI,11590,Intel Z890 / 1851腳位(DDR5),1383.5,LGA1851,5,,,,,,Z890,ITX,True,2,13,,,,,,,,,,,,,,,,,,,,,,,,,,2026-10-10 06:01
motherboard,｛微星 PRO Z890-S WIFI｝/ATX/2.5G+Wi-Fi7/註四年/12+1+1+1相,微星 PRO Z890-S WIFI,7490,Intel Z890 / 1851腳位(DDR5),1384.5,LGA1851,5,,,,,,Z890,ATX,True,4,15,,,,,,,,,,,,,,,,,,,,,,,,,,2026-10-10 06:01
motherboard,｛微星 PRO Z890-S WIFI WHITE｝/ATX/2.5G+Wi-Fi7/雪白版/12+1+1+1相,微星 PRO Z890-S WIFI WHITE,7490,Intel Z890 / 1851腳位(DDR5),1385.5,LGA1851,5,,,,,,Z890,ATX,True,4,15,,,,,,,,,,,,,,,,,,,,,,,,,,2026-10-10 06:01
motherboard,｛微星 PRO Z890-S WIFI PZ｝背插/ATX/2.5G+Wi-Fi7/銀/12+1+1+1相,微星 PRO Z890-S WIFI PZ,7990,Intel Z890 / 1851腳位(DDR5),1386.5,LGA1851,5,,,,,,Z890,ATX,True,4,15,,,,,,,,,,,,,,,,,,,,,,,,,,2026-10-10 06:01
motherboard,｛微星 PRO Z890-P WIFI｝/ATX/5G+Wi-Fi7/註四年/14+1+1+1相,微星 PRO Z890-P WIFI,8490,Intel Z890 / 1851腳位(DDR5),1387.5,LGA1851,5,,,,,,Z890,ATX,True,4,17,,,,,,,,,,,,,,,,,,,,,,,,,,2026-10-10 06:01
motherboard,｛微星 PRO Z890-A WIFI｝/ATX/5G+Wi-Fi7/註四年/16+1+1+1相,微星 PRO Z890-A WIFI,8990,Intel Z890 / 1851腳位(DDR5),1388.5,LGA1851,5,,,,,,Z890,ATX,True,4,19,,,,,,,,,,,,,,,,,,,,,,,,,,2026-10-10 06:01
motherboard,｛微星 Z890 GAMING PLUS WIFI｝/ATX/Killer 5G+Wi-Fi7/註五年/14+1+1+1相,微星 Z890 GAMING PLUS WIFI,9990,Intel Z890 / 1851腳位(DDR5),1389.5,LGA1851,5,,,,,,Z890,ATX,True,4,17,,,,,,,,,,,,,,,,,,,,,,,,,,2026-10-10 06:01
motherboard,｛微星 MAG Z890 TOMAHAWK WIFI｝/ATX/Killer 5G+Wi-Fi7/16+1+1+1相*獨家,微星 MAG Z890 TOMAHAWK WIFI,10990,Intel Z890 / 1851腳位(DDR5),1390.5,LGA1851,5,,,,,,Z890,ATX,True,4,19,,,,,,,,,,,,,,,,,,,,,,,,,,2026-10-10 06:01
motherboard,｛微星 MPG Z890 EDGE TI WIFI｝/ATX/Killer 5G+Wi-Fi7/註五年/16+1+1+1相,微星 MPG Z890 EDGE TI WIFI,13490,Intel Z890 / 1851腳位(DDR5),1391.5,LGA1851,5,,,,,,Z890,ATX,True,4,19,,,,,,,,,,,,,,,,,,,,,,,,,,2026-10-10 06:01
motherboard,｛微星 MPG Z890 CARBON WIFI｝/ATX/Killer5G+Intel2.5G+Wi-Fi7/註五年/20+1+1+1相,微星 MPG Z890 CARBON WIFI,15990,Intel Z890 / 1851腳位(DDR5),1392.5,LGA1851,5,,,,,,Z890,ATX,True,4,23,,,,,,,,,,,,,,,,,,,,,,,,,,2026-10-10 06:01
motherboard,｛微星 MEG Z890 UNIFY-X｝/ATX/Killer5G+Wi-Fi7/註五年/20+2+1+1相,微星 MEG Z890 UNIFY-X,18990,Intel Z890 / 1851腳位(DDR5),1393.5,LGA1851,5,,,,,,Z890,ATX,True,4,24,,,,,,,,,,,,,,,,,,,,,,,,,,2026-10-10 06:01
motherboard,｛微星 MEG Z890 ACE｝/ATX/10G+Wi-Fi7/註五年/24+2+1+1相,微星 MEG Z890 ACE,19990,Intel Z890 / 1851腳位(DDR5),1395.5,LGA1851,5,,,,,,Z890,ATX,True,4,28,,,,,,,,,,,,,,,,,,,,,,,,,,2026-10-10 06:01
motherboard,｛微星 MEG Z890 GODLIKE｝E-ATX/10G+Killer 5G+Wi-Fi7/註五年/26+2+1相,微星 MEG Z890 GODLIKE,35990,Intel Z890 / 1851腳位(DDR5),1397.5,LGA1851,5,,,,,,Z890,E-ATX,True,4,29,,,,,,,,,,,,,,,,,,,,,,,,,,2026-10-10 06:01
motherboard,｛華擎 Z890I Nova WiFi｝Mini-ITX/5G+Wi-Fi7/註五年/12+1+1+1+1相,華擎 Z890I Nova WiFi,11890,Intel Z890 / 1851腳位(DDR5),1398.5,LGA1851,5,,,,,,Z890,ITX,True,2,16,,,,,,,,,,,,,,,,,,,,,,,,,,2026-10-10 06:01
motherboard,｛華擎 Z890M Riptide WiFi｝M-ATX/Killer 2.5G+無線/註五年/16+1+1相,華擎 Z890M Riptide WiFi,7990,Intel Z890 / 1851腳位(DDR5),1399.5,LGA1851,5,,,,,,Z890,M-ATX,True,4,18,,,,,,,,,,,,,,,,,,,,,,,,,,2026-10-10 06:01
motherboard,｛華擎 Z890 Pro-A WiFi｝/ATX/2.5G+無線/註五年/16+1+1相,華擎 Z890 Pro-A WiFi,5990,Intel Z890 / 1851腳位(DDR5),1400.5,LGA1851,5,,,,,,Z890,ATX,True,4,18,,,,,,,,,,,,,,,,,,,,,,,,,,2026-10-10 06:01
motherboard,｛華擎 Z890 Nova WiFi｝/ATX/5G+Killer 2.5G+Wi-Fi7/註五年/20+1+2相,華擎 Z890 Nova WiFi,12990,Intel Z890 / 1851腳位(DDR5),1402.5,LGA1851,5,,,,,,Z890,ATX,True,4,23,,,,,,,,,,,,,,,,,,,,,,,,,,2026-10-10 06:01
motherboard,｛華擎 Z890 Taichi Lite｝/ATX/5G+Dragon 2.5G+Wi-Fi7/註五年/20+1+2相,華擎 Z890 Taichi Lite,13990,Intel Z890 / 1851腳位(DDR5),1403.5,LGA1851,5,,,,,,Z890,ATX,True,4,23,,,,,,,,,,,,,,,,,,,,,,,,,,2026-10-10 06:01
motherboard,｛華擎 Z890 Taichi｝/ATX/5G+Dragon 2.5G+Wi-Fi7/註五年/20+1+2相,華擎 Z890 Taichi,14990,Intel Z890 / 1851腳位(DDR5),1404.5,LGA1851,5,,,,,,Z890,ATX,True,4,23,,,,,,,,,,,,,,,,,,,,,,,,,,2026-10-10 06:01
motherboard,｛華碩 PRIME A520M-K/CSM｝M-ATX/1A1H/LAN 1G/註四年/D-SUB+HDMI輸出/6相,華碩 PRIME A520M-K/CSM,2090,AMD A520 / AM4腳位(DDR4),1415.5,AM4,4,,,,,,A520,M-ATX,False,4,6,,,,,,,,,,,,,,,,,,,,,,,,,,2026-10-10 06:01
motherboard,｛技嘉 A520M K V2｝M-ATX/1A1H/LAN 1G/註四年/2DIMM/D-SUB+HDMI輸出/6+1相,技嘉 A520M K V2,2090,AMD A520 / AM4腳位(DDR4),1416.5,AM4,4,,,,,,A520,M-ATX,False,2,7,,,,,,,,,,,,,,,,,,,,,,,,,,2026-10-10 06:01
motherboard,｛技嘉 A520M H ARGB｝M-ATX/LAN 1G/註四年/2DIMM/HDMI+Display輸出/6+1相,技嘉 A520M H ARGB,2090,AMD A520 / AM4腳位(DDR4),1417.5,AM4,4,,,,,,A520,M-ATX,False,2,7,,,,,,,,,,,,,,,,,,,,,,,,,,2026-10-10 06:01
motherboard,｛微星 A520M-A PRO｝M-ATX/1D1H/LAN 1G/註四年/2DIMM/DVI+HDMI輸出/6相,微星 A520M-A PRO,1890,AMD A520 / AM4腳位(DDR4),1418.5,AM4,4,,,,,,A520,M-ATX,False,2,6,,,,,,,,,,,,,,,,,,,,,,,,,,2026-10-10 06:01
motherboard,｛華擎 A520M-ITX/ac｝Mini-ITX/1H1P/LAN 1G/ac+BT/註四年/HDMI+Display輸出/8相,華擎 A520M-ITX/ac,3390,AMD A520 / AM4腳位(DDR4),1419.5,AM4,4,,,,,,A520,ITX,False,2,8,,,,,,,,,,,,,,,,,,,,,,,,,,2026-10-10 06:01
motherboard,｛華擎 A520M-HVS｝M-ATX/1A1H/Realtek LAN/註四年/D-SUB+HDMI輸出/6相,華擎 A520M-HVS,1650,AMD A520 / AM4腳位(DDR4),1420,AM4,4,,,,,,A520,M-ATX,False,4,6,,,,,,,,,,,,,,,,,,,,,,,,,,2026-10-10 06:01
motherboard,｛華碩 PRIME B550M-K ARGB-CSM｝M-ATX/LAN 1G/2DIMM/註四年/4+2相,華碩 PRIME B550M-K ARGB-CSM,2490,AMD B550 / AM4腳位(DDR4),1422.5,AM4,4,,,,,,B550,M-ATX,False,2,6,,,,,,,,,,,,,,,,,,,,,,,,,,2026-10-10 06:01
motherboard,｛華碩 PRIME B550M-K/CSM｝M-ATX/LAN 1G/註四年/4DIMM/4+2相,華碩 PRIME B550M-K/CSM,2790,AMD B550 / AM4腳位(DDR4),1423,AM4,4,,,,,,B550,M-ATX,False,4,6,,,,,,,,,,,,,,,,,,,,,,,,,,2026-10-10 06:01
motherboard,｛華碩 PRIME B550M-K WIFI｝M-ATX/LAN 1G+Wi-Fi 6/註四年/2DIMM/4+2相,華碩 PRIME B550M-K WIFI,2890,AMD B550 / AM4腳位(DDR4),1424.5,AM4,4,,,,,,B550,M-ATX,True,2,6,,,,,,,,,,,,,,,,,,,,,,,,,,2026-10-10 06:01
motherboard,｛華碩 TUF GAMING B550M-PLUS｝M-ATX/1H1P/2.5G/註五年/8+2相,華碩 TUF GAMING B550M-PLUS,3390,AMD B550 / AM4腳位(DDR4),1426,AM4,4,,,,,,B550,M-ATX,False,4,10,,,,,,,,,,,,,,,,,,,,,,,,,,2026-10-10 06:01
motherboard,｛華碩 TUF GAMING B550M-PLUS WIFI II｝M-ATX/R 2.5G+Wi-Fi 6/註五年/8+2相,華碩 TUF GAMING B550M-PLUS WIFI II,3790,AMD B550 / AM4腳位(DDR4),1427,AM4,4,,,,,,B550,M-ATX,True,4,10,,,,,,,,,,,,,,,,,,,,,,,,,,2026-10-10 06:01
motherboard,｛技嘉 B550M H ARGB｝M-ATX/LAN 1G/註四年/2DIMM/4+2相,技嘉 B550M H ARGB,2490,AMD B550 / AM4腳位(DDR4),1428.5,AM4,4,,,,,,B550,M-ATX,False,2,6,,,,,,,,,,,,,,,,,,,,,,,,,,2026-10-10 06:01
motherboard,｛技嘉 B550M K｝M-ATX/1H1P/LAN 1G/註四年/4DIMM/4+2相,技嘉 B550M K,2690,AMD B550 / AM4腳位(DDR4),1429.5,AM4,4,,,,,,B550,M-ATX,False,4,6,,,,,,,,,,,,,,,,,,,,,,,,,,2026-10-10 06:01
motherboard,｛技嘉 B550M AORUS ELITE｝M-ATX/1D1H/LAN 1G/註五年/5+3相,技嘉 B550M AORUS ELITE,2990,AMD B550 / AM4腳位(DDR4),1430.5,AM4,4,,,,,,B550,M-ATX,False,4,8,,,,,,,,,,,,,,,,,,,,,,,,,,2026-10-10 06:01
motherboard,｛技嘉 B550M GAMING X WIFI6｝M-ATX/LAN 1G+無線/註五年/5+3相,技嘉 B550M GAMING X WIFI6,3690,AMD B550 / AM4腳位(DDR4),1431.5,AM4,4,,,,,,B550,M-ATX,True,4,8,,,,,,,,,,,,,,,,,,,,,,,,,,2026-10-10 06:01
motherboard,｛微星 B550M-A PRO｝M-ATX/1D1H/LAN 1G/註四年/2DIMM/4+2相*尾盤,微星 B550M-A PRO,2390,AMD B550 / AM4腳位(DDR4),1432,AM4,4,,,,,,B550,M-ATX,False,2,6,,,,,,,,,,,,,,,,,,,,,,,,,,2026-10-10 06:01
motherboard,｛微星 PRO B550M-B｝M-ATX/LAN 1G/註四年/2DIMM/4+2相,微星 PRO B550M-B,2690,AMD B550 / AM4腳位(DDR4),1433.5,AM4,4,,,,,,B550,M-ATX,False,2,6,,,,,,,,,,,,,,,,,,,,,,,,,,2026-10-10 06:01
motherboard,｛微星 PRO B550M-P｝M-ATX/LAN 1G/註四年/4DIMM/4+2+1相,微星 PRO B550M-P,2790,AMD B550 / AM4腳位(DDR4),1434.5,AM4,4,,,,,,B550,M-ATX,False,4,7,,,,,,,,,,,,,,,,,,,,,,,,,,2026-10-10 06:01
motherboard,｛微星 PRO B550M-P WIFI6E｝M-ATX/LAN 1G+無線/註四年/4DIMM/4+2+1相,微星 PRO B550M-P WIFI6E,2990,AMD B550 / AM4腳位(DDR4),1435.5,AM4,4,,,,,,B550,M-ATX,True,4,7,,,,,,,,,,,,,,,,,,,,,,,,,,2026-10-10 06:01
motherboard,｛微星 B550M PRO-VDH WIFI｝M-ATX/Realtek LAN+ac/註四年/4+2+1相,微星 B550M PRO-VDH WIFI,3390,AMD B550 / AM4腳位(DDR4),1436,AM4,4,,,,,,B550,M-ATX,True,4,7,,,,,,,,,,,,,,,,,,,,,,,,,,2026-10-10 06:01
motherboard,｛微星 B550M GAMING PLUS WIFI6E｝M-ATX/LAN 1G+無線/註五年/4+2+1相,微星 B550M GAMING PLUS WIFI6E,3990,AMD B550 / AM4腳位(DDR4),1437.5,AM4,4,,,,,,B550,M-ATX,True,4,7,,,,,,,,,,,,,,,,,,,,,,,,,,2026-10-10 06:01
motherboard,｛華擎 B550M-ITX/ac｝ITX/1H1P/LAN 1G/ac+BT/註四年/8相,華擎 B550M-ITX/ac,3990,AMD B550 / AM4腳位(DDR4),1438.5,AM4,4,,,,,,B550,ITX,False,2,8,,,,,,,,,,,,,,,,,,,,,,,,,,2026-10-10 06:01
motherboard,｛華擎 B550M-HDV｝M-ATX/1A1D1H/LAN 1G/註四年/6相,華擎 B550M-HDV,2890,AMD B550 / AM4腳位(DDR4),1439,AM4,4,,,,,,B550,M-ATX,False,4,6,,,,,,,,,,,,,,,,,,,,,,,,,,2026-10-10 06:01
motherboard,｛華擎 A620AM-HVS｝M-ATX/LAN 1G/註四年/2DIMM/D-SUB+HDMI輸出/4+1+1相,華擎 A620AM-HVS,2590,AMD A620 / AM5腳位(DDR5),1442.5,AM5,5,,,,,,A620,M-ATX,False,2,6,,,,,,,,,,,,,,,,,,,,,,,,,,2026-10-10 06:01
motherboard,｛華碩 ROG STRIX B650E-I GAMING WIFI｝Mini-ITX/Intel2.5G+無線)10+2+1相,華碩 ROG STRIX B650E-I GAMING WIFI,8990,AMD B650E & B650 / AM5腳位(DDR5),1444,AM5,5,,,,,,B650,ITX,True,2,13,,,,,,,,,,,,,,,,,,,,,,,,,,2026-10-10 06:01
motherboard,｛華碩 PRIME B650M-F-CSM｝M-ATX/LAN 1G/註四年/2DIMM/9相,華碩 PRIME B650M-F-CSM,2790,AMD B650E & B650 / AM5腳位(DDR5),1445,AM5,5,,,,,,B650,M-ATX,False,2,9,,,,,,,,,,,,,,,,,,,,,,,,,,2026-10-10 06:01
motherboard,｛華碩 PRIME B650M-R-CSM｝M-ATX/Realtek 2.5G/註四年/2DIMM/8+1相,華碩 PRIME B650M-R-CSM,3090,AMD B650E & B650 / AM5腳位(DDR5),1446,AM5,5,,,,,,B650,M-ATX,False,2,9,,,,,,,,,,,,,,,,,,,,,,,,,,2026-10-10 06:01
motherboard,｛華碩 TUF GAMING B650M-E WIFI｝M-ATX/2.5G+無線/註五年/8+2+1相,華碩 TUF GAMING B650M-E WIFI,4290,AMD B650E & B650 / AM5腳位(DDR5),1448.5,AM5,5,,,,,,B650,M-ATX,True,4,11,,,,,,,,,,,,,,,,,,,,,,,,,,2026-10-10 06:01
motherboard,｛華碩 TUF GAMING B650M-PLUS｝M-ATX/2.5G/註五年/12+2+2相 獨家,華碩 TUF GAMING B650M-PLUS,4390,AMD B650E & B650 / AM5腳位(DDR5),1449.5,AM5,5,,,,,,B650,M-ATX,False,4,16,,,,,,,,,,,,,,,,,,,,,,,,,,2026-10-10 06:01
motherboard,｛華碩 TUF GAMING B650M-PLUS WIFI｝M-ATX/2.5G+無線/註五年/12+2+2相,華碩 TUF GAMING B650M-PLUS WIFI,4690,AMD B650E & B650 / AM5腳位(DDR5),1450.5,AM5,5,,,,,,B650,M-ATX,True,4,16,,,,,,,,,,,,,,,,,,,,,,,,,,2026-10-10 06:01
motherboard,｛華碩 TUF GAMING B650-E WIFI｝/ATX/2.5G+無線/註五年/8+2+2相,華碩 TUF GAMING B650-E WIFI,4690,AMD B650E & B650 / AM5腳位(DDR5),1451.5,AM5,5,,,,,,B650,ATX,True,4,12,,,,,,,,,,,,,,,,,,,,,,,,,,2026-10-10 06:01
motherboard,｛華碩 TUF GAMING B650-PLUS WIFI｝/ATX/2.5G+無線/12+2相,華碩 TUF GAMING B650-PLUS WIFI,4990,AMD B650E & B650 / AM5腳位(DDR5),1452.5,AM5,5,,,,,,B650,ATX,True,4,14,,,,,,,,,,,,,,,,,,,,,,,,,,2026-10-10 06:01
motherboard,｛華碩 ROG STRIX B650-A GAMING WIFI｝/ATX/Intel2.5G+無線/12+2+1相,華碩 ROG STRIX B650-A GAMING WIFI,5490,AMD B650E & B650 / AM5腳位(DDR5),1453.5,AM5,5,,,,,,B650,ATX,True,4,15,,,,,,,,,,,,,,,,,,,,,,,,,,2026-10-10 06:01
motherboard,｛技嘉 B650M H｝M-ATX/LAN 1G/註四年/2DIMM/5+2+2相,技嘉 B650M H,2990,AMD B650E & B650 / AM5腳位(DDR5),1454.5,AM5,5,,,,,,B650,M-ATX,False,2,9,,,,,,,,,,,,,,,,,,,,,,,,,,2026-10-10 06:01
motherboard,｛技嘉 B650EM FORCE WIFI6E｝M-ATX/2.5G+無線/註五年/8+2+2相,技嘉 B650EM FORCE WIFI6E,4490,AMD B650E & B650 / AM5腳位(DDR5),1455,AM5,5,,,,,,B650,M-ATX,True,4,12,,,,,,,,,,,,,,,,,,,,,,,,,,2026-10-10 06:01
motherboard,｛技嘉 B650E EAGLE WIFI6E｝/ATX/2.5G+無線/註四年/8+2+2相,技嘉 B650E EAGLE WIFI6E,4990,AMD B650E & B650 / AM5腳位(DDR5),1456,AM5,5,,,,,,B650,ATX,True,4,12,,,,,,,,,,,,,,,,,,,,,,,,,,2026-10-10 06:01
motherboard,｛微星 MPG B650I EDGE WIFI｝Mini-ITX/2.5G+無線/註五年/8+2+1相,微星 MPG B650I EDGE WIFI,4990,AMD B650E & B650 / AM5腳位(DDR5),1457.5,AM5,5,,,,,,B650,ITX,True,2,11,,,,,,,,,,,,,,,,,,,,,,,,,,2026-10-10 06:01
motherboard,｛微星 PRO B650M-B｝M-ATX/2.5G/註四年/2DIMM/6+2+1相,微星 PRO B650M-B,2690,AMD B650E & B650 / AM5腳位(DDR5),1458,AM5,5,,,,,,B650,M-ATX,False,2,9,,,,,,,,,,,,,,,,,,,,,,,,,,2026-10-10 06:01
motherboard,｛微星 B650M BOMBER WIFI｝M-ATX/R2.5G+無線/註五年/2DIMM/6+2+1相,微星 B650M BOMBER WIFI,3690,AMD B650E & B650 / AM5腳位(DDR5),1459.5,AM5,5,,,,,,B650,M-ATX,True,2,9,,,,,,,,,,,,,,,,,,,,,,,,,,2026-10-10 06:01
motherboard,｛微星 B650M GAMING WIFI｝M-ATX/R2.5G+無線/註五年/2DIMM/6+2+1相,微星 B650M GAMING WIFI,3790,AMD B650E & B650 / AM5腳位(DDR5),1460.5,AM5,5,,,,,,B650,M-ATX,True,2,9,,,,,,,,,,,,,,,,,,,,,,,,,,2026-10-10 06:01
motherboard,｛微星 B650M GAMING PLUS WIFI｝M-ATX/2.5G+無線/註五年/10+2+1相,微星 B650M GAMING PLUS WIFI,4390,AMD B650E & B650 / AM5腳位(DDR5),1461,AM5,5,,,,,,B650,M-ATX,True,4,13,,,,,,,,,,,,,,,,,,,,,,,,,,2026-10-10 06:01
motherboard,｛微星 PRO B650-S WIFI｝/ATX/LAN2.5G+AMD 無線/註五年)12+2+1相,微星 PRO B650-S WIFI,4290,AMD B650E & B650 / AM5腳位(DDR5),1462,AM5,5,,,,,,B650,ATX,True,4,15,,,,,,,,,,,,,,,,,,,,,,,,,,2026-10-10 06:01
motherboard,｛華擎 B650M-H/M.2+｝M-ATX/LAN 1G+無線/註四年/2DIMM/6+1+1相,華擎 B650M-H/M.2+,2790,AMD B650E & B650 / AM5腳位(DDR5),1463.5,AM5,5,,,,,,B650,M-ATX,True,2,8,,,,,,,,,,,,,,,,,,,,,,,,,,2026-10-10 06:01
motherboard,｛華擎 B650M PG Lightning WiFi｝M-ATX/2.5G+無線/註四年/6+2+1相,華擎 B650M PG Lightning WiFi,3690,AMD B650E & B650 / AM5腳位(DDR5),1466.5,AM5,5,,,,,,B650,M-ATX,True,4,9,,,,,,,,,,,,,,,,,,,,,,,,,,2026-10-10 06:01
motherboard,｛華擎 B650M Pro X3D WIFI｝M-ATX/2.5G+無線/註五年/8+2+1相,華擎 B650M Pro X3D WIFI,4290,AMD B650E & B650 / AM5腳位(DDR5),1467.5,AM5,5,,,,,,B650,M-ATX,True,4,11,,,,,,,,,,,,,,,,,,,,,,,,,,2026-10-10 06:01
motherboard,｛技嘉 B840M H｝M-ATX/LAN 1G/註四年/2DIMM/5+2+2相,技嘉 B840M H,3190,AMD B840 / AM5腳位(DDR5),1471.5,AM5,5,,,,,,B840,M-ATX,False,2,9,,,,,,,,,,,,,,,,,,,,,,,,,,2026-10-10 06:01
motherboard,｛微星 PRO B840-P WIFI｝/ATX/2.5G+Wi-Fi7/註四年/7+2+1相,微星 PRO B840-P WIFI,4590,AMD B840 / AM5腳位(DDR5),1472.5,AM5,5,,,,,,B840,ATX,True,4,10,,,,,,,,,,,,,,,,,,,,,,,,,,2026-10-10 06:01
motherboard,｛微星 B840 GAMING PLUS WIFI｝/ATX/2.5G+Wi-Fi7/註五年/7+2+1相,微星 B840 GAMING PLUS WIFI,4990,AMD B840 / AM5腳位(DDR5),1473.5,AM5,5,,,,,,B840,ATX,True,4,10,,,,,,,,,,,,,,,,,,,,,,,,,,2026-10-10 06:01
motherboard,｛華擎 B840M-HVS｝M-ATX/LAN 1G/註四年保/2DIMM/4+1+1相,華擎 B840M-HVS,2690,AMD B840 / AM5腳位(DDR5),1474.5,AM5,5,,,,,,B840,M-ATX,False,2,6,,,,,,,,,,,,,,,,,,,,,,,,,,2026-10-10 06:01
motherboard,｛華碩 ROG STRIX B850-I GAMING WIFI7 W｝ITX/2.5G+Wi-Fi7/註五年/白/10+2+1相,華碩 ROG STRIX B850-I GAMING WIFI7 W,9990,AMD B850 / AM5腳位(DDR5),1476.5,AM5,5,,,,,,B850,ITX,True,2,13,,,,,,,,,,,,,,,,,,,,,,,,,,2026-10-10 06:01
motherboard,｛華碩 PRIME B850M-K-CSM｝M-ATX/2.5G/註四年保/2DIMM/8+2+1相,華碩 PRIME B850M-K-CSM,3890,AMD B850 / AM5腳位(DDR5),1477.5,AM5,5,,,,,,B850,M-ATX,False,2,11,,,,,,,,,,,,,,,,,,,,,,,,,,2026-10-10 06:01
motherboard,｛華碩 B850M AYW GAMING WIFI｝M-ATX/2.5G+無線/註五年/8+2+1相,華碩 B850M AYW GAMING WIFI,4690,AMD B850 / AM5腳位(DDR5),1478.5,AM5,5,,,,,,B850,M-ATX,True,4,11,,,,,,,,,,,,,,,,,,,,,,,,,,2026-10-10 06:01
motherboard,｛華碩 TUF GAMING B850M-PLUS II｝M-ATX/2.5G/註五年/14+2+1相,華碩 TUF GAMING B850M-PLUS II,5690,AMD B850 / AM5腳位(DDR5),1479.5,AM5,5,,,,,,B850,M-ATX,False,4,17,,,,,,,,,,,,,,,,,,,,,,,,,,2026-10-10 06:01
motherboard,｛華碩 TUF GAMING B850M-PLUS WIFI7｝M-ATX/2.5G+Wi-Fi7/註五年/14+2+1相,華碩 TUF GAMING B850M-PLUS WIFI7,6990,AMD B850 / AM5腳位(DDR5),1480.5,AM5,5,,,,,,B850,M-ATX,True,4,17,,,,,,,,,,,,,,,,,,,,,,,,,,2026-10-10 06:01
motherboard,｛華碩 TUF GAMING B850M-PLUS WIFI7 W｝M-ATX/2.5G+Wi-Fi7/14+2+1相/白,華碩 TUF GAMING B850M-PLUS WIFI7 W,7090,AMD B850 / AM5腳位(DDR5),1481.5,AM5,5,,,,,,B850,M-ATX,True,4,17,,,,,,,,,,,,,,,,,,,,,,,,,,2026-10-10 06:01
motherboard,｛華碩 B850 MAX GAMING WIFI W｝/ATX/2.5G+無線/註五年/銀白.獨家/8+2+1相,華碩 B850 MAX GAMING WIFI W,5490,AMD B850 / AM5腳位(DDR5),1482.5,AM5,5,,,,,,B850,ATX,True,4,11,,,,,,,,,,,,,,,,,,,,,,,,,,2026-10-10 06:01
motherboard,｛華碩 TUF GAMING B850-PLUS WIFI｝/ATX/2.5G+Wi-Fi7/註五年/14+2+1相,華碩 TUF GAMING B850-PLUS WIFI,7490,AMD B850 / AM5腳位(DDR5),1483,AM5,5,,,,,,B850,ATX,True,4,17,,,,,,,,,,,,,,,,,,,,,,,,,,2026-10-10 06:01
motherboard,｛華碩 TUF GAMING B850-BTF WIFI W｝背插/ATX/2.5G+Wi-Fi7/註五年/14+2+1相/白,華碩 TUF GAMING B850-BTF WIFI W,8290,AMD B850 / AM5腳位(DDR5),1484.5,AM5,5,,,,,,B850,ATX,True,4,17,,,,,,,,,,,,,,,,,,,,,,,,,,2026-10-10 06:01
motherboard,｛華碩 TUF GAMING B850-PRO WIFI7 W NEO｝/ATX/2.5G+Wi-Fi7/白/14+2+1相,華碩 TUF GAMING B850-PRO WIFI7 W NEO,8290,AMD B850 / AM5腳位(DDR5),1485.5,AM5,5,,,,,,B850,ATX,True,4,17,,,,,,,,,,,,,,,,,,,,,,,,,,2026-10-10 06:01
motherboard,｛華碩 ProArt B850-CREATOR WIFI NEO｝/ATX/雙5G+Wi-Fi7/註五年/14+2+1相,華碩 ProArt B850-CREATOR WIFI NEO,9490,AMD B850 / AM5腳位(DDR5),1486.5,AM5,5,,,,,,B850,ATX,True,4,17,,,,,,,,,,,,,,,,,,,,,,,,,,2026-10-10 06:01
motherboard,｛華碩 ROG STRIX B850-G GAMING WIFI｝白 M-ATX/2.5G+Wi-Fi7/14+2+1相,華碩 ROG STRIX B850-G GAMING WIFI,7490,AMD B850 / AM5腳位(DDR5),1487,AM5,5,,,,,,B850,M-ATX,True,4,17,,,,,,,,,,,,,,,,,,,,,,,,,,2026-10-10 06:01
motherboard,｛華碩 ROG STRIX B850-A GAMING WIFI7 S NEO｝吹雪/ATX/5G+Wi-Fi7/14+2+2相,華碩 ROG STRIX B850-A GAMING WIFI7 S NEO,8490,AMD B850 / AM5腳位(DDR5),1488.5,AM5,5,,,,,,B850,ATX,True,4,18,,,,,,,,,,,,,,,,,,,,,,,,,,2026-10-10 06:01
motherboard,｛華碩 ROG STRIX B850-F GAMING WIFI7 NEO｝/ATX/5G+Wi-Fi7/註五年/16+2+2相,華碩 ROG STRIX B850-F GAMING WIFI7 NEO,9990,AMD B850 / AM5腳位(DDR5),1489.5,AM5,5,,,,,,B850,ATX,True,4,20,,,,,,,,,,,,,,,,,,,,,,,,,,2026-10-10 06:01
motherboard,｛技嘉 B850M DS3H ICE｝M-ATX/2.5G/4DIMM/雪白/註四年/8+2+2相,技嘉 B850M DS3H ICE,3690,AMD B850 / AM5腳位(DDR5),1491.5,AM5,5,,,,,,B850,M-ATX,False,4,12,,,,,,,,,,,,,,,,,,,,,,,,,,2026-10-10 06:01
motherboard,｛技嘉 B850M FORCE WIFI6E V2｝M-ATX/2.5G+無線/註五年/8+2+2相,技嘉 B850M FORCE WIFI6E V2,4990,AMD B850 / AM5腳位(DDR5),1492.5,AM5,5,,,,,,B850,M-ATX,True,4,12,,,,,,,,,,,,,,,,,,,,,,,,,,2026-10-10 06:01
motherboard,｛技嘉 B850M GAMING X WIFI6E｝M-ATX/2.5G+無線/註五年/10+2+2相,技嘉 B850M GAMING X WIFI6E,6490,AMD B850 / AM5腳位(DDR5),1493.5,AM5,5,,,,,,B850,M-ATX,True,4,14,,,,,,,,,,,,,,,,,,,,,,,,,,2026-10-10 06:01
motherboard,｛技嘉 B850M AORUS STEALTH ICE｝背插/M-ATX/5G+Wi-Fi7/註五年/8+2+2相/白,技嘉 B850M AORUS STEALTH ICE,5990,AMD B850 / AM5腳位(DDR5),1494.5,AM5,5,,,,,,B850,M-ATX,True,4,12,,,,,,,,,,,,,,,,,,,,,,,,,,2026-10-10 06:01
motherboard,｛技嘉 B850M AORUS ELITE WIFI6E ICE｝白 M-ATX/2.5G+無線/12+2+2相,技嘉 B850M AORUS ELITE WIFI6E ICE,6790,AMD B850 / AM5腳位(DDR5),1495.5,AM5,5,,,,,,B850,M-ATX,True,4,16,,,,,,,,,,,,,,,,,,,,,,,,,,2026-10-10 06:01
motherboard,｛技嘉 B850M AORUS ELITE WIFI7 ICE-P｝雕妹 M-ATX/2.5G+Wi-Fi7/12+2+2相*獨家,技嘉 B850M AORUS ELITE WIFI7 ICE-P,6990,AMD B850 / AM5腳位(DDR5),1496.5,AM5,5,,,,,,B850,M-ATX,True,4,16,,,,,,,,,,,,,,,,,,,,,,,,,,2026-10-10 06:01
motherboard,｛技嘉 B850 EAGLE WIFI6E｝/ATX/1G+無線/註四年/8+2+2相,技嘉 B850 EAGLE WIFI6E,6490,AMD B850 / AM5腳位(DDR5),1497.5,AM5,5,,,,,,B850,ATX,True,4,12,,,,,,,,,,,,,,,,,,,,,,,,,,2026-10-10 06:01
motherboard,｛技嘉 B850 GAMING X WIFI6E｝/ATX/2.5G+無線/註五年/12+2+2相,技嘉 B850 GAMING X WIFI6E,7490,AMD B850 / AM5腳位(DDR5),1498.5,AM5,5,,,,,,B850,ATX,True,4,16,,,,,,,,,,,,,,,,,,,,,,,,,,2026-10-10 06:01
motherboard,｛技嘉 B850 AORUS ELITE WIFI7｝/ATX/2.5G+Wi-Fi7/註五年/14+2+2相,技嘉 B850 AORUS ELITE WIFI7,7990,AMD B850 / AM5腳位(DDR5),1499.5,AM5,5,,,,,,B850,ATX,True,4,18,,,,,,,,,,,,,,,,,,,,,,,,,,2026-10-10 06:01
motherboard,｛技嘉 B850 AORUS ELITE WIFI7 ICE｝冰魄白 ATX/2.5G+Wi-Fi7/註五年/14+2+2相,技嘉 B850 AORUS ELITE WIFI7 ICE,7990,AMD B850 / AM5腳位(DDR5),1500.5,AM5,5,,,,,,B850,ATX,True,4,18,,,,,,,,,,,,,,,,,,,,,,,,,,2026-10-10 06:01
motherboard,｛技嘉 B850 AORUS STEALTH｝背插/ATX/5G+Wi-Fi7/註五年/14+2+2相,技嘉 B850 AORUS STEALTH,7990,AMD B850 / AM5腳位(DDR5),1501.5,AM5,5,,,,,,B850,ATX,True,4,18,,,,,,,,,,,,,,,,,,,,,,,,,,2026-10-10 06:01
motherboard,｛技嘉 B850 AORUS STEALTH ICE｝背插/ATX/5G+Wi-Fi7/白/註五年/白/14+2+2相,技嘉 B850 AORUS STEALTH ICE,7990,AMD B850 / AM5腳位(DDR5),1502.5,AM5,5,,,,,,B850,ATX,True,4,18,,,,,,,,,,,,,,,,,,,,,,,,,,2026-10-10 06:01
motherboard,｛技嘉 B850 AORUS ELITE-P ICE｝雕妹/ATX/5G+Wi-Fi7/16+2+2相,技嘉 B850 AORUS ELITE-P ICE,8490,AMD B850 / AM5腳位(DDR5),1503.5,AM5,5,,,,,,B850,ATX,True,4,20,,,,,,,,,,,,,,,,,,,,,,,,,,2026-10-10 06:01
motherboard,｛微星 MPG B850I EDGE TI WIFI｝Mini-ITX/5G+Wi-Fi7/註五年/8+2+1相,微星 MPG B850I EDGE TI WIFI,8990,AMD B850 / AM5腳位(DDR5),1504.5,AM5,5,,,,,,B850,ITX,True,2,11,,,,,,,,,,,,,,,,,,,,,,,,,,2026-10-10 06:01
motherboard,｛微星 PRO B850M-G｝M-ATX/5G/註四年/2DIMM/7+2+1相,微星 PRO B850M-G,3790,AMD B850 / AM5腳位(DDR5),1505.5,AM5,5,,,,,,B850,M-ATX,False,2,10,,,,,,,,,,,,,,,,,,,,,,,,,,2026-10-10 06:01
motherboard,｛微星 PRO B850M-P WIFI｝M-ATX/5G+Wi-Fi7/註四年/7+2+1相,微星 PRO B850M-P WIFI,4690,AMD B850 / AM5腳位(DDR5),1506.5,AM5,5,,,,,,B850,M-ATX,True,4,10,,,,,,,,,,,,,,,,,,,,,,,,,,2026-10-10 06:01
motherboard,｛微星 PRO B850M-A WIFI｝M-ATX/5G+Wi-Fi7/註四年/8+2+1相,微星 PRO B850M-A WIFI,5390,AMD B850 / AM5腳位(DDR5),1507.5,AM5,5,,,,,,B850,M-ATX,True,4,11,,,,,,,,,,,,,,,,,,,,,,,,,,2026-10-10 06:01
motherboard,｛微星 PRO B850M-A WIFI PZ｝背插/M-ATX/5G+Wi-Fi7/註四年/8+2+1相,微星 PRO B850M-A WIFI PZ,5390,AMD B850 / AM5腳位(DDR5),1508.5,AM5,5,,,,,,B850,M-ATX,True,4,11,,,,,,,,,,,,,,,,,,,,,,,,,,2026-10-10 06:01
motherboard,｛微星 B850M GAMING WIFI6E｝M-ATX/2.5G+無線/註五年/7+2+1相,微星 B850M GAMING WIFI6E,4590,AMD B850 / AM5腳位(DDR5),1509.5,AM5,5,,,,,,B850,M-ATX,True,4,10,,,,,,,,,,,,,,,,,,,,,,,,,,2026-10-10 06:01
motherboard,｛微星 B850M GAMING PLUS WIFI6E｝M-ATX/2.5G+無線/註五年/10+2+1相,微星 B850M GAMING PLUS WIFI6E,5390,AMD B850 / AM5腳位(DDR5),1510.5,AM5,5,,,,,,B850,M-ATX,True,4,13,,,,,,,,,,,,,,,,,,,,,,,,,,2026-10-10 06:01
motherboard,｛微星 B850M GAMING PLUS WIFI｝M-ATX/5G+Wi-Fi7/註五年/8+2+1相,微星 B850M GAMING PLUS WIFI,5590,AMD B850 / AM5腳位(DDR5),1511.5,AM5,5,,,,,,B850,M-ATX,True,4,11,,,,,,,,,,,,,,,,,,,,,,,,,,2026-10-10 06:01
motherboard,｛微星 MAG B850M MORTAR｝M-ATX/5G/註五年/12+2+1相 *送 AX210NGW WI-FI6E 網卡,微星 MAG B850M MORTAR,6490,AMD B850 / AM5腳位(DDR5),1512.5,AM5,5,,,,,,B850,M-ATX,True,4,15,,,,,,,,,,,,,,,,,,,,,,,,,,2026-10-10 06:01
motherboard,｛微星 MAG B850M MORTAR WIFI｝M-ATX/5G+Wi-Fi7/註五年/12+2+1相,微星 MAG B850M MORTAR WIFI,6790,AMD B850 / AM5腳位(DDR5),1513.5,AM5,5,,,,,,B850,M-ATX,True,4,15,,,,,,,,,,,,,,,,,,,,,,,,,,2026-10-10 06:01
motherboard,｛微星 B850MPOWER｝M-ATX/5G+Wi-Fi7/註五年/2DIMM/12+2+1相-超頻玩家設計,微星 B850MPOWER,7690,AMD B850 / AM5腳位(DDR5),1514.5,AM5,5,,,,,,B850,M-ATX,True,2,15,,,,,,,,,,,,,,,,,,,,,,,,,,2026-10-10 06:01
motherboard,｛微星 MPG B850M EDGE TI MAX WIFI｝M-ATX/5G+Wi-Fi7/註五年/14+2+1相,微星 MPG B850M EDGE TI MAX WIFI,8690,AMD B850 / AM5腳位(DDR5),1515.5,AM5,5,,,,,,B850,M-ATX,True,4,17,,,,,,,,,,,,,,,,,,,,,,,,,,2026-10-10 06:01
motherboard,｛微星 PRO B850-P WIFI｝/ATX/5G+Wi-Fi7/註四年/12+2+1相,微星 PRO B850-P WIFI,5990,AMD B850 / AM5腳位(DDR5),1516.5,AM5,5,,,,,,B850,ATX,True,4,15,,,,,,,,,,,,,,,,,,,,,,,,,,2026-10-10 06:01
motherboard,｛微星 B850 GAMING PLUS WIFI｝/ATX/5G+Wi-Fi7/註五年/12+2+1相,微星 B850 GAMING PLUS WIFI,5990,AMD B850 / AM5腳位(DDR5),1517.5,AM5,5,,,,,,B850,ATX,True,4,15,,,,,,,,,,,,,,,,,,,,,,,,,,2026-10-10 06:01
motherboard,｛微星 B850 GAMING PLUS WIFI PZ｝背插/ATX/5G+Wi-Fi7/註五年/12+2+1相/白,微星 B850 GAMING PLUS WIFI PZ,6490,AMD B850 / AM5腳位(DDR5),1518.5,AM5,5,,,,,,B850,ATX,True,4,15,,,,,,,,,,,,,,,,,,,,,,,,,,2026-10-10 06:01
motherboard,｛微星 MAG B850 GAMING PLUS MAX WIFI｝/ATX/5G+Wi-Fi7/註五年/12+2+1相,微星 MAG B850 GAMING PLUS MAX WIFI,6490,AMD B850 / AM5腳位(DDR5),1519.5,AM5,5,,,,,,B850,ATX,True,4,15,,,,,,,,,,,,,,,,,,,,,,,,,,2026-10-10 06:01
motherboard,｛微星 MPG B850 EDGE TI WIFI｝/ATX/5G+Wi-Fi7/雪白版/14+2+1相,微星 MPG B850 EDGE TI WIFI,8690,AMD B850 / AM5腳位(DDR5),1521.5,AM5,5,,,,,,B850,ATX,True,4,17,,,,,,,,,,,,,,,,,,,,,,,,,,2026-10-10 06:01
motherboard,｛華擎 B850I LIGHTNING WIFI｝Mini-ITX/Killer2.5G+無線/註五年/10+1+1相,華擎 B850I LIGHTNING WIFI,6990,AMD B850 / AM5腳位(DDR5),1524.5,AM5,5,,,,,,B850,ITX,True,2,12,,,,,,,,,,,,,,,,,,,,,,,,,,2026-10-10 06:01
motherboard,｛華擎 B850M-X｝M-ATX/2.5G/註五年/2DIMM/6+1+1相,華擎 B850M-X,3590,AMD B850 / AM5腳位(DDR5),1525.5,AM5,5,,,,,,B850,M-ATX,False,2,8,,,,,,,,,,,,,,,,,,,,,,,,,,2026-10-10 06:01
motherboard,｛華擎 B850M-X WIFI｝M-ATX/2.5G+無線/註五年/2DIMM/6+1+1相,華擎 B850M-X WIFI,3790,AMD B850 / AM5腳位(DDR5),1526.5,AM5,5,,,,,,B850,M-ATX,True,2,8,,,,,,,,,,,,,,,,,,,,,,,,,,2026-10-10 06:01
motherboard,｛華擎 B850M Pro-A｝M-ATX/2.5G/註四年/8+2+1相,華擎 B850M Pro-A,3990,AMD B850 / AM5腳位(DDR5),1527.5,AM5,5,,,,,,B850,M-ATX,False,4,11,,,,,,,,,,,,,,,,,,,,,,,,,,2026-10-10 06:01
motherboard,｛華擎 B850M Pro-A WiFi｝M-ATX/2.5G+無線/註四年/8+2+1相,華擎 B850M Pro-A WiFi,4190,AMD B850 / AM5腳位(DDR5),1528.5,AM5,5,,,,,,B850,M-ATX,True,4,11,,,,,,,,,,,,,,,,,,,,,,,,,,2026-10-10 06:01
motherboard,｛華擎 B850M Pro RS｝M-ATX/2.5G/註五年/8+2+1相,華擎 B850M Pro RS,4590,AMD B850 / AM5腳位(DDR5),1529.5,AM5,5,,,,,,B850,M-ATX,False,4,11,,,,,,,,,,,,,,,,,,,,,,,,,,2026-10-10 06:01
motherboard,｛華擎 B850M Pro RS WiFi｝M-ATX/2.5G+無線/註五年/8+2+1相,華擎 B850M Pro RS WiFi,4590,AMD B850 / AM5腳位(DDR5),1530.5,AM5,5,,,,,,B850,M-ATX,True,4,11,,,,,,,,,,,,,,,,,,,,,,,,,,2026-10-10 06:01
motherboard,｛華擎 B850M Pro RS WiFi White｝M-ATX/2.5G+無線/註五年/8+2+1相/白,華擎 B850M Pro RS WiFi White,4990,AMD B850 / AM5腳位(DDR5),1531.5,AM5,5,,,,,,B850,M-ATX,True,4,11,,,,,,,,,,,,,,,,,,,,,,,,,,2026-10-10 06:01
motherboard,｛華擎 B850M Challenger WiFi｝M-ATX/2.5G+Wi-Fi7/註五年/8+1+1相,華擎 B850M Challenger WiFi,4990,AMD B850 / AM5腳位(DDR5),1532.5,AM5,5,,,,,,B850,M-ATX,True,4,10,,,,,,,,,,,,,,,,,,,,,,,,,,2026-10-10 06:01
motherboard,｛華擎 B850M Challenger WiFi White｝M-ATX/2.5G+Wi-Fi7/註五年/8+1+1相/白,華擎 B850M Challenger WiFi White,4990,AMD B850 / AM5腳位(DDR5),1533.5,AM5,5,,,,,,B850,M-ATX,True,4,10,,,,,,,,,,,,,,,,,,,,,,,,,,2026-10-10 06:01
motherboard,｛華擎 B850M Riptide WiFi｝M-ATX/2.5G+Wi-Fi7/註五年/12+2+1相,華擎 B850M Riptide WiFi,5690,AMD B850 / AM5腳位(DDR5),1534.5,AM5,5,,,,,,B850,M-ATX,True,4,15,,,,,,,,,,,,,,,,,,,,,,,,,,2026-10-10 06:01
motherboard,｛華擎 B850 Rock WiFi 7｝/ATX/2.5G+Wi-Fi7/註五年/9+2+1相,華擎 B850 Rock WiFi 7,4990,AMD B850 / AM5腳位(DDR5),1535.5,AM5,5,,,,,,B850,ATX,True,4,12,,,,,,,,,,,,,,,,,,,,,,,,,,2026-10-10 06:01
motherboard,｛華擎 B850 Challenger WiFi｝/ATX/2.5G+Wi-Fi7/註五年/12+2+1相,華擎 B850 Challenger WiFi,5790,AMD B850 / AM5腳位(DDR5),1536.5,AM5,5,,,,,,B850,ATX,True,4,15,,,,,,,,,,,,,,,,,,,,,,,,,,2026-10-10 06:01
motherboard,｛華擎 B850 Challenger WiFi White｝/ATX/2.5G+Wi-Fi7/註五年/12+2+1相/白,華擎 B850 Challenger WiFi White,5790,AMD B850 / AM5腳位(DDR5),1537.5,AM5,5,,,,,,B850,ATX,True,4,15,,,,,,,,,,,,,,,,,,,,,,,,,,2026-10-10 06:01
motherboard,｛華擎 B850 Pro-A｝/ATX/2.5G/註五年/14+2+1相,華擎 B850 Pro-A,5990,AMD B850 / AM5腳位(DDR5),1538.5,AM5,5,,,,,,B850,ATX,False,4,17,,,,,,,,,,,,,,,,,,,,,,,,,,2026-10-10 06:01
motherboard,｛華擎 B850 Pro RS｝/ATX/2.5G/註五年/14+2+1相,華擎 B850 Pro RS,6490,AMD B850 / AM5腳位(DDR5),1539.5,AM5,5,,,,,,B850,ATX,False,4,17,,,,,,,,,,,,,,,,,,,,,,,,,,2026-10-10 06:01
motherboard,｛華碩 ROG STRIX X870-I GAMING WIFI｝Mini-ITX/2.5G+Wi-Fi7/註五年/10+2+1相,華碩 ROG STRIX X870-I GAMING WIFI,13990,AMD X870E & X870 / AM5腳位(DDR5),1541,AM5,5,,,,,,X870,ITX,True,2,13,,,,,,,,,,,,,,,,,,,,,,,,,,2026-10-10 06:01
motherboard,｛華碩 PRIME X870-P WIFI-CSM｝/ATX/2.5G+Wi-Fi7/註四年/14+2+1相,華碩 PRIME X870-P WIFI-CSM,7590,AMD X870E & X870 / AM5腳位(DDR5),1543.5,AM5,5,,,,,,X870,ATX,True,4,17,,,,,,,,,,,,,,,,,,,,,,,,,,2026-10-10 06:01
motherboard,｛華碩 X870 AYW GAMING WIFI W｝/ATX/2.5G+無線/註五年/12+2+1相/白,華碩 X870 AYW GAMING WIFI W,7490,AMD X870E & X870 / AM5腳位(DDR5),1544.5,AM5,5,,,,,,X870,ATX,True,4,15,,,,,,,,,,,,,,,,,,,,,,,,,,2026-10-10 06:01
motherboard,｛華碩 X870 MAX GAMING WIFI7 W｝/ATX/2.5G+Wi-Fi7/註五年/12+2+1相/白,華碩 X870 MAX GAMING WIFI7 W,7990,AMD X870E & X870 / AM5腳位(DDR5),1545.5,AM5,5,,,,,,X870,ATX,True,4,15,,,,,,,,,,,,,,,,,,,,,,,,,,2026-10-10 06:01
motherboard,｛華碩 TUF GAMING X870-PLUS WIFI｝/ATX/2.5G+Wi-Fi7/註五年/16+2+1相,華碩 TUF GAMING X870-PLUS WIFI,9990,AMD X870E & X870 / AM5腳位(DDR5),1546.5,AM5,5,,,,,,X870,ATX,True,4,19,,,,,,,,,,,,,,,,,,,,,,,,,,2026-10-10 06:01
motherboard,｛華碩 TUF GAMING X870-PRO WIFI7 W NEO｝/ATX/5G+Wi-Fi7/16+2+1相/白,華碩 TUF GAMING X870-PRO WIFI7 W NEO,10490,AMD X870E & X870 / AM5腳位(DDR5),1547.5,AM5,5,,,,,,X870,ATX,True,4,19,,,,,,,,,,,,,,,,,,,,,,,,,,2026-10-10 06:01
motherboard,｛華碩 ProArt X870E-CREATOR WIFI｝/ATX/10G+2.5G+Wi-Fi7/16+2+2相,華碩 ProArt X870E-CREATOR WIFI,17990,AMD X870E & X870 / AM5腳位(DDR5),1548.5,AM5,5,,,,,,X870,ATX,True,4,20,,,,,,,,,,,,,,,,,,,,,,,,,,2026-10-10 06:01
motherboard,｛華碩 ROG STRIX X870E-A GAMING WIFI7 NEO｝/ATX/5G+Wi-Fi7/註五年/白/16+2+2相,華碩 ROG STRIX X870E-A GAMING WIFI7 NEO,14990,AMD X870E & X870 / AM5腳位(DDR5),1550.5,AM5,5,,,,,,X870,ATX,True,4,20,,,,,,,,,,,,,,,,,,,,,,,,,,2026-10-10 06:01
motherboard,｛華碩 ROG STRIX X870E-E GAMING WIFI7 NEO｝/ATX/5G+Wi-Fi7/註五年/18+2+2相,華碩 ROG STRIX X870E-E GAMING WIFI7 NEO,18990,AMD X870E & X870 / AM5腳位(DDR5),1552.5,AM5,5,,,,,,X870,ATX,True,4,22,,,,,,,,,,,,,,,,,,,,,,,,,,2026-10-10 06:01
motherboard,｛華碩 ROG CROSSHAIR X870E HERO｝/ATX/5G+2.5G+Wi-Fi7/18+2+2相,華碩 ROG CROSSHAIR X870E HERO,20990,AMD X870E & X870 / AM5腳位(DDR5),1553.5,AM5,5,,,,,,X870,ATX,True,4,22,,,,,,,,,,,,,,,,,,,,,,,,,,2026-10-10 06:01
motherboard,｛華碩 ROG CROSSHAIR X870E HERO BTF｝背插/ATX/5G+2.5G+Wi-Fi7/18+2+2相,華碩 ROG CROSSHAIR X870E HERO BTF,20990,AMD X870E & X870 / AM5腳位(DDR5),1554.5,AM5,5,,,,,,X870,ATX,True,4,22,,,,,,,,,,,,,,,,,,,,,,,,,,2026-10-10 06:01
motherboard,｛華碩 ROG CROSSHAIR X870E DARK HERO｝/ATX/10G+5G+Wi-Fi7/20+2+2相,華碩 ROG CROSSHAIR X870E DARK HERO,23000,AMD X870E & X870 / AM5腳位(DDR5),1555.5,AM5,5,,,,,,X870,ATX,True,4,24,,,,,,,,,,,,,,,,,,,,,,,,,,2026-10-10 06:01
motherboard,｛華碩 ROG CROSSHAIR X870E APEX｝/ATX/5G+Wi-Fi7/註五年/2DIMM/18+2+2相,華碩 ROG CROSSHAIR X870E APEX,23990,AMD X870E & X870 / AM5腳位(DDR5),1556.5,AM5,5,,,,,,X870,ATX,True,2,22,,,,,,,,,,,,,,,,,,,,,,,,,,2026-10-10 06:01
motherboard,｛華碩 ROG CROSSHAIR X870E EXTREME｝E-ATX/5G+10G+Wi-Fi7/20+2+2相,華碩 ROG CROSSHAIR X870E EXTREME,36990,AMD X870E & X870 / AM5腳位(DDR5),1558.5,AM5,5,,,,,,X870,E-ATX,True,4,24,,,,,,,,,,,,,,,,,,,,,,,,,,2026-10-10 06:01
motherboard,｛技嘉 X870 EAGLE WIFI7｝/ATX/2.5G+Wi-Fi7/註四年/14+2+2相,技嘉 X870 EAGLE WIFI7,7490,AMD X870E & X870 / AM5腳位(DDR5),1559.5,AM5,5,,,,,,X870,ATX,True,4,18,,,,,,,,,,,,,,,,,,,,,,,,,,2026-10-10 06:01
motherboard,｛技嘉 X870 GAMING X WIFI7｝/ATX/2.5G+Wi-Fi7/註五年/16+2+2相,技嘉 X870 GAMING X WIFI7,9490,AMD X870E & X870 / AM5腳位(DDR5),1560.5,AM5,5,,,,,,X870,ATX,True,4,20,,,,,,,,,,,,,,,,,,,,,,,,,,2026-10-10 06:01
motherboard,｛技嘉 X870I AORUS PRO ICE｝Mini-ITX/2.5G+Wi-Fi7/8+2+1相,技嘉 X870I AORUS PRO ICE,9990,AMD X870E & X870 / AM5腳位(DDR5),1561.5,AM5,5,,,,,,X870,ITX,True,2,11,,,,,,,,,,,,,,,,,,,,,,,,,,2026-10-10 06:01
motherboard,｛技嘉 X870 AORUS ELITE WIFI7｝/ATX/2.5G+Wi-Fi7/16+2+2相,技嘉 X870 AORUS ELITE WIFI7,10890,AMD X870E & X870 / AM5腳位(DDR5),1562.5,AM5,5,,,,,,X870,ATX,True,4,20,,,,,,,,,,,,,,,,,,,,,,,,,,2026-10-10 06:01
motherboard,｛技嘉 X870 AORUS ELITE WIFI7 ICE｝/ATX/2.5G+Wi-Fi 7/獨家-冰魄白/16+2+2相,技嘉 X870 AORUS ELITE WIFI7 ICE,10890,AMD X870E & X870 / AM5腳位(DDR5),1563.5,AM5,5,,,,,,X870,ATX,True,4,20,,,,,,,,,,,,,,,,,,,,,,,,,,2026-10-10 06:01
motherboard,｛技嘉 X870 AORUS STEALTH｝背插/ATX/5G+Wi-Fi7/註五年/16+2+2相,技嘉 X870 AORUS STEALTH,11490,AMD X870E & X870 / AM5腳位(DDR5),1564.5,AM5,5,,,,,,X870,ATX,True,4,20,,,,,,,,,,,,,,,,,,,,,,,,,,2026-10-10 06:01
motherboard,｛技嘉 X870 AORUS STEALTH ICE｝背插/ATX/5G+Wi-Fi7/註五年/16+2+2相,技嘉 X870 AORUS STEALTH ICE,11490,AMD X870E & X870 / AM5腳位(DDR5),1565.5,AM5,5,,,,,,X870,ATX,True,4,20,,,,,,,,,,,,,,,,,,,,,,,,,,2026-10-10 06:01
motherboard,｛技嘉 X870E AORUS PRO｝/ATX/2.5G+Wi-Fi7/註五年/16+2+2相,技嘉 X870E AORUS PRO,11990,AMD X870E & X870 / AM5腳位(DDR5),1566.5,AM5,5,,,,,,X870,ATX,True,4,20,,,,,,,,,,,,,,,,,,,,,,,,,,2026-10-10 06:01
motherboard,｛技嘉 X870E AORUS PRO ICE｝冰魄白/ATX/2.5G+Wi-Fi7/註五年/16+2+2相 *尾盤,技嘉 X870E AORUS PRO ICE,12990,AMD X870E & X870 / AM5腳位(DDR5),1567.5,AM5,5,,,,,,X870,ATX,True,4,20,,,,,,,,,,,,,,,,,,,,,,,,,,2026-10-10 06:01
motherboard,｛技嘉 X870E AERO X3D WOOD｝木質美學/ATX/雙5G+Wi-Fi7/註五年/16+2+2相/白,技嘉 X870E AERO X3D WOOD,13990,AMD X870E & X870 / AM5腳位(DDR5),1568.5,AM5,5,,,,,,X870,ATX,True,4,20,,,,,,,,,,,,,,,,,,,,,,,,,,2026-10-10 06:01
motherboard,｛技嘉 X870E AERO X3D DARK WOOD｝木質美學/ATX/雙5G+Wi-Fi7/註五年/16+2+2相,技嘉 X870E AERO X3D DARK WOOD,13990,AMD X870E & X870 / AM5腳位(DDR5),1569.5,AM5,5,,,,,,X870,ATX,True,4,20,,,,,,,,,,,,,,,,,,,,,,,,,,2026-10-10 06:01
motherboard,｛技嘉 X870E AORUS PRO X3D ICE｝冰魄白/ATX/5G+Wi-Fi7/註五年/18+2+2相,技嘉 X870E AORUS PRO X3D ICE,13990,AMD X870E & X870 / AM5腳位(DDR5),1570.5,AM5,5,,,,,,X870,ATX,True,4,22,,,,,,,,,,,,,,,,,,,,,,,,,,2026-10-10 06:01
motherboard,｛技嘉 X870E AORUS MASTER｝/ATX/5G+Wi-Fi7/註五年/16+2+2相,技嘉 X870E AORUS MASTER,19490,AMD X870E & X870 / AM5腳位(DDR5),1571.5,AM5,5,,,,,,X870,ATX,True,4,20,,,,,,,,,,,,,,,,,,,,,,,,,,2026-10-10 06:01
motherboard,｛技嘉 X870E AORUS MASTER X3D ICE｝/ATX/5G+10G+Wi-Fi7/18+2+2相(X3D優化),技嘉 X870E AORUS MASTER X3D ICE,20990,AMD X870E & X870 / AM5腳位(DDR5),1572.5,AM5,5,,,,,,X870,ATX,True,4,22,,,,,,,,,,,,,,,,,,,,,,,,,,2026-10-10 06:01
motherboard,｛技嘉 X870E AORUS XTREME X3D AI TOP｝E-ATX/雙10G+Wi-Fi7/24+2+2相,技嘉 X870E AORUS XTREME X3D AI TOP,34990,AMD X870E & X870 / AM5腳位(DDR5),1573.5,AM5,5,,,,,,X870,E-ATX,True,4,28,,,,,,,,,,,,,,,,,,,,,,,,,,2026-10-10 06:01
motherboard,｛技嘉 X870 AORUS TACHYON ICE｝E-ATX/5G+Wi-Fi7/註五年/18+2+2相,技嘉 X870 AORUS TACHYON ICE,19990,AMD X870E & X870 / AM5腳位(DDR5),1574.5,AM5,5,,,,,,X870,E-ATX,True,4,22,,,,,,,,,,,,,,,,,,,,,,,,,,2026-10-10 06:01
motherboard,｛技嘉 X870 AORUS INFINITY｝E-ATX/5G+Wi-Fi7/註五年/18+2+2相,技嘉 X870 AORUS INFINITY,24990,AMD X870E & X870 / AM5腳位(DDR5),1575.5,AM5,5,,,,,,X870,E-ATX,True,4,22,,,,,,,,,,,,,,,,,,,,,,,,,,2026-10-10 06:01
motherboard,｛微星 MPG X870I EDGE TI EVO WIFI｝Mini-ITX/5G+Wi-Fi7/註五年/8+2+1相,微星 MPG X870I EDGE TI EVO WIFI,12990,AMD X870E & X870 / AM5腳位(DDR5),1576.5,AM5,5,,,,,,X870,ITX,True,2,11,,,,,,,,,,,,,,,,,,,,,,,,,,2026-10-10 06:01
motherboard,｛微星 PRO X870-P WIFI｝/ATX/5G+Wi-Fi7/註四年/14+2+1相 *尾盤,微星 PRO X870-P WIFI,7590,AMD X870E & X870 / AM5腳位(DDR5),1577.5,AM5,5,,,,,,X870,ATX,True,4,17,,,,,,,,,,,,,,,,,,,,,,,,,,2026-10-10 06:01
motherboard,｛微星 PRO X870E-S EVO WIFI｝/ATX/5G+Wi-Fi7/註四年/12+2+1相,微星 PRO X870E-S EVO WIFI,8190,AMD X870E & X870 / AM5腳位(DDR5),1578.5,AM5,5,,,,,,X870,ATX,True,4,15,,,,,,,,,,,,,,,,,,,,,,,,,,2026-10-10 06:01
motherboard,｛微星 PRO X870E-P WIFI｝/ATX/5G+Wi-Fi7/註四年/14+2+1相,微星 PRO X870E-P WIFI,8690,AMD X870E & X870 / AM5腳位(DDR5),1579.5,AM5,5,,,,,,X870,ATX,True,4,17,,,,,,,,,,,,,,,,,,,,,,,,,,2026-10-10 06:01
motherboard,｛微星 X870 GAMING PLUS WIFI｝/ATX/5G+Wi-Fi7/註五年/14+2+1相,微星 X870 GAMING PLUS WIFI,8690,AMD X870E & X870 / AM5腳位(DDR5),1580.5,AM5,5,,,,,,X870,ATX,True,4,17,,,,,,,,,,,,,,,,,,,,,,,,,,2026-10-10 06:01
motherboard,｛微星 MAG X870E GAMING MAX WIFI｝/ATX/5G+Wi-Fi7/註五年/12+2+1相,微星 MAG X870E GAMING MAX WIFI,9290,AMD X870E & X870 / AM5腳位(DDR5),1581.5,AM5,5,,,,,,X870,ATX,True,4,15,,,,,,,,,,,,,,,,,,,,,,,,,,2026-10-10 06:01
motherboard,｛微星 X870E GAMING PLUS WIFI｝/ATX/5G+Wi-Fi7/註五年/14+2+1相,微星 X870E GAMING PLUS WIFI,9290,AMD X870E & X870 / AM5腳位(DDR5),1582.5,AM5,5,,,,,,X870,ATX,True,4,17,,,,,,,,,,,,,,,,,,,,,,,,,,2026-10-10 06:01
motherboard,｛微星 MAG X870E TOMAHAWK WIFI｝/ATX/5G+Wi-Fi7/14+2+1相,微星 MAG X870E TOMAHAWK WIFI,11990,AMD X870E & X870 / AM5腳位(DDR5),1583.5,AM5,5,,,,,,X870,ATX,True,4,17,,,,,,,,,,,,,,,,,,,,,,,,,,2026-10-10 06:01
motherboard,｛微星 MAG X870E TOMAHAWK MAX WIFI PZ｝背插/ATX/5G+Wi-Fi7/14+2+1相,微星 MAG X870E TOMAHAWK MAX WIFI PZ,12490,AMD X870E & X870 / AM5腳位(DDR5),1584.5,AM5,5,,,,,,X870,ATX,True,4,17,,,,,,,,,,,,,,,,,,,,,,,,,,2026-10-10 06:01
motherboard,｛微星 MPG X870E EDGE TI WIFI｝/ATX/5G+Wi-Fi7/註五年/14+2+1相銀白,微星 MPG X870E EDGE TI WIFI,12490,AMD X870E & X870 / AM5腳位(DDR5),1585.5,AM5,5,,,,,,X870,ATX,True,4,17,,,,,,,,,,,,,,,,,,,,,,,,,,2026-10-10 06:01
motherboard,｛微星 MPG X870E CARBON WIFI｝/ATX/5G+2.5G+Wi-Fi7/18+2+1相,微星 MPG X870E CARBON WIFI,15490,AMD X870E & X870 / AM5腳位(DDR5),1586.5,AM5,5,,,,,,X870,ATX,True,4,21,,,,,,,,,,,,,,,,,,,,,,,,,,2026-10-10 06:01
motherboard,｛微星 MPG X870E CARBON MAX WIFI｝/ATX/5G+2.5G+Wi-Fi7/18+2+1相,微星 MPG X870E CARBON MAX WIFI,16490,AMD X870E & X870 / AM5腳位(DDR5),1587.5,AM5,5,,,,,,X870,ATX,True,4,21,,,,,,,,,,,,,,,,,,,,,,,,,,2026-10-10 06:01
motherboard,｛微星 MEG X870E UNIFY-X MAX｝/ATX/5G+Wi-Fi7/註五年/18+2+1相,微星 MEG X870E UNIFY-X MAX,19990,AMD X870E & X870 / AM5腳位(DDR5),1588.5,AM5,5,,,,,,X870,ATX,True,4,21,,,,,,,,,,,,,,,,,,,,,,,,,,2026-10-10 06:01
motherboard,｛微星 MEG X870E ACE MAX｝/ATX/10G+5G+Wi-Fi7/註五年/18+2+1相,微星 MEG X870E ACE MAX,20990,AMD X870E & X870 / AM5腳位(DDR5),1589,AM5,5,,,,,,X870,ATX,True,4,21,,,,,,,,,,,,,,,,,,,,,,,,,,2026-10-10 06:01
motherboard,｛微星 MEG X870E GODLIKE MAX｝E-ATX/10G+5G+Wi-Fi7/註五年/24+2+1相,微星 MEG X870E GODLIKE MAX,36990,AMD X870E & X870 / AM5腳位(DDR5),1590.5,AM5,5,,,,,,X870,E-ATX,True,4,27,,,,,,,,,,,,,,,,,,,,,,,,,,2026-10-10 06:01
motherboard,｛華擎 X870 Pro RS｝/ATX/Dragon 2.5G/註五年/14+2+1相 *送拉鍊收納包,華擎 X870 Pro RS,5790,AMD X870E & X870 / AM5腳位(DDR5),1591.5,AM5,5,,,,,,X870,ATX,False,4,17,,,,,,,,,,,,,,,,,,,,,,,,,,2026-10-10 06:01
motherboard,｛華擎 X870 Pro RS WiFi｝/ATX/Dragon 2.5G+Wi-Fi7/註五年/14+2+1相*送拉鍊收納包,華擎 X870 Pro RS WiFi,5990,AMD X870E & X870 / AM5腳位(DDR5),1592.5,AM5,5,,,,,,X870,ATX,True,4,17,,,,,,,,,,,,,,,,,,,,,,,,,,2026-10-10 06:01
motherboard,｛華擎 X870 Steel Legend WiFi｝/ATX/2.5G+Wi-Fi7/註五年/14+2+1相*送拉鍊收納包,華擎 X870 Steel Legend WiFi,6990,AMD X870E & X870 / AM5腳位(DDR5),1593.5,AM5,5,,,,,,X870,ATX,True,4,17,,,,,,,,,,,,,,,,,,,,,,,,,,2026-10-10 06:01
motherboard,｛華擎 X870 Challenger WiFi White｝白/ATX/2.5G+Wi-Fi7/註五年/16+2+1相*送收納包,華擎 X870 Challenger WiFi White,7190,AMD X870E & X870 / AM5腳位(DDR5),1595.5,AM5,5,,,,,,X870,ATX,True,4,19,,,,,,,,,,,,,,,,,,,,,,,,,,2026-10-10 06:01
motherboard,｛華擎 X870E Challenger WiFi White｝白/ATX/5G+Wi-Fi7/註五年/20+2+1相*送收納包,華擎 X870E Challenger WiFi White,9490,AMD X870E & X870 / AM5腳位(DDR5),1597.5,AM5,5,,,,,,X870,ATX,True,4,23,,,,,,,,,,,,,,,,,,,,,,,,,,2026-10-10 06:01
motherboard,｛華擎 X870 Nova WiFi｝/ATX/5G+Wi-Fi7/註五年/20+2+1相*送拉鍊收納包,華擎 X870 Nova WiFi,9990,AMD X870E & X870 / AM5腳位(DDR5),1598.5,AM5,5,,,,,,X870,ATX,True,4,23,,,,,,,,,,,,,,,,,,,,,,,,,,2026-10-10 06:01
motherboard,｛華擎 X870 Taichi Creator｝/ATX/10G+5G+Wi-Fi7/註五年/18+2+1相 *送拉鍊收納包,華擎 X870 Taichi Creator,11990,AMD X870E & X870 / AM5腳位(DDR5),1599.5,AM5,5,,,,,,X870,ATX,True,4,21,,,,,,,,,,,,,,,,,,,,,,,,,,2026-10-10 06:01
motherboard,｛華擎 X870E Taichi｝EATX/5G+Wi-Fi7/註五年/24+2+1相 *送拉鍊收納包,華擎 X870E Taichi,14990,AMD X870E & X870 / AM5腳位(DDR5),1601.5,AM5,5,,,,,,X870,ATX,True,4,27,,,,,,,,,,,,,,,,,,,,,,,,,,2026-10-10 06:01
motherboard,｛華擎 X870E Taichi OCF｝/ATX/5G+Wi-Fi7/註五年/22+2+1相 *送拉鍊收納包,華擎 X870E Taichi OCF,18990,AMD X870E & X870 / AM5腳位(DDR5),1602.5,AM5,5,,,,,,X870,ATX,True,4,25,,,,,,,,,,,,,,,,,,,,,,,,,,2026-10-10 06:01
ram,｛UMAX 單條32GB DDR5-4800｝/CL40,｛UMAX 單條32GB DDR5-4800｝/CL40,13500,桌上型記憶體 DDR5 單條,1621.5,,5,,,,,,,,,,,32,1,4800,40,,,,,,,,,,,,,,,,,,,,,,2026-10-10 06:01
ram,｛UMAX 單條8GB DDR5-5600｝/CL46,｛UMAX 單條8GB DDR5-5600｝/CL46,3990,桌上型記憶體 DDR5 單條,1622.5,,5,,,,,,,,,,,8,1,5600,46,,,,,,,,,,,,,,,,,,,,,,2026-10-10 06:01
ram,｛UMAX 單條16GB DDR5-5600｝/CL46,｛UMAX 單條16GB DDR5-5600｝/CL46,7300,桌上型記憶體 DDR5 單條,1623.5,,5,,,,,,,,,,,16,1,5600,46,,,,,,,,,,,,,,,,,,,,,,2026-10-10 06:01
ram,｛UMAX 單條32GB DDR5-5600｝/CL46,｛UMAX 單條32GB DDR5-5600｝/CL46,14500,桌上型記憶體 DDR5 單條,1625.5,,5,,,,,,,,,,,32,1,5600,46,,,,,,,,,,,,,,,,,,,,,,2026-10-10 06:01
ram,威剛 單條8GB DDR5-5600/CL46｛AD5U56008G-S｝,威剛 單條8GB DDR5-5600/CL46｛AD5U56008G-S｝,4199,桌上型記憶體 DDR5 單條,1627.5,,5,,,,,,,,,,,8,1,5600,46,,,,,,,,,,,,,,,,,,,,,,2026-10-10 06:01
ram,威剛 單條16GB DDR5-4000/CL32｛AD5U400016G-S｝,威剛 單條16GB DDR5-4000/CL32｛AD5U400016G-S｝,5999,桌上型記憶體 DDR5 單條,1628.5,,5,,,,,,,,,,,16,1,4000,32,,,,,,,,,,,,,,,,,,,,,,2026-10-10 06:01
ram,威剛 單條16GB DDR5-4000/CL32｛AD5U400016G-S｝~組裝價~,威剛 單條16GB DDR5-4000/CL32｛AD5U400016G-S｝~組裝價~,5499,桌上型記憶體 DDR5 單條,1629.5,,5,,,,,,,,,,,16,1,4000,32,,,,,,,,,,,,,,,,,,,,,,2026-10-10 06:01
ram,威剛 單條16GB DDR5-4800/CL40｛AD5U480016G-S｝,威剛 單條16GB DDR5-4800/CL40｛AD5U480016G-S｝,6999,桌上型記憶體 DDR5 單條,1630.5,,5,,,,,,,,,,,16,1,4800,40,,,,,,,,,,,,,,,,,,,,,,2026-10-10 06:01
ram,威剛 單條16GB DDR5-5600/CL46｛AD5U560016G-S｝,威剛 單條16GB DDR5-5600/CL46｛AD5U560016G-S｝,7999,桌上型記憶體 DDR5 單條,1631.5,,5,,,,,,,,,,,16,1,5600,46,,,,,,,,,,,,,,,,,,,,,,2026-10-10 06:01
ram,威剛 單條16GB DDR5-5600/CL46 LancerBlade矮 黑｛AX5U5600C4616G-SLABBK｝,威剛 單條16GB DDR5-5600/CL46 LancerBlade矮 黑｛AX5U5600C4616G-SLABBK｝,8199,桌上型記憶體 DDR5 單條,1633.5,,5,,,,,,,,,,,16,1,5600,46,,,,,,,,,,,,,,,,,,,,,,2026-10-10 06:01
ram,威剛 單條16GB DDR5-6000/CL48 LancerBlade矮 黑｛AX5U6000C4816G-SLABBK｝,威剛 單條16GB DDR5-6000/CL48 LancerBlade矮 黑｛AX5U6000C4816G-SLABBK｝,8399,桌上型記憶體 DDR5 單條,1634.5,,5,,,,,,,,,,,16,1,6000,48,,,,,,,,,,,,,,,,,,,,,,2026-10-10 06:01
ram,威剛 單條32GB DDR5-5600/CL46｛AD5U560032G-S｝,威剛 單條32GB DDR5-5600/CL46｛AD5U560032G-S｝,14999,桌上型記憶體 DDR5 單條,1635.5,,5,,,,,,,,,,,32,1,5600,46,,,,,,,,,,,,,,,,,,,,,,2026-10-10 06:01
ram,｛金士頓 單條16GB DDR5-5600｝/CL46,｛金士頓 單條16GB DDR5-5600｝/CL46,8500,桌上型記憶體 DDR5 單條,1636.5,,5,,,,,,,,,,,16,1,5600,46,,,,,,,,,,,,,,,,,,,,,,2026-10-10 06:01
ram,｛金士頓 單條32GB DDR5-5600｝/CL46,｛金士頓 單條32GB DDR5-5600｝/CL46,16500,桌上型記憶體 DDR5 單條,1637.5,,5,,,,,,,,,,,32,1,5600,46,,,,,,,,,,,,,,,,,,,,,,2026-10-10 06:01
ram,｛金士頓 單條8GB DDR5-5600｝(CL36) FURY Beast (獸獵者),｛金士頓 單條8GB DDR5-5600｝(CL36) FURY Beast (獸獵者),4990,桌上型記憶體 DDR5 單條,1638.5,,5,,,,,,,,,,,8,1,5600,36,,,,,,,,,,,,,,,,,,,,,,2026-10-10 06:01
ram,｛金士頓 單條16GB DDR5-5600｝(CL36) FURY Beast (獸獵者),｛金士頓 單條16GB DDR5-5600｝(CL36) FURY Beast (獸獵者),8500,桌上型記憶體 DDR5 單條,1639.5,,5,,,,,,,,,,,16,1,5600,36,,,,,,,,,,,,,,,,,,,,,,2026-10-10 06:01
ram,｛金士頓 單條16GB DDR5-6000｝(CL30) FURY Beast Black (獸獵者),｛金士頓 單條16GB DDR5-6000｝(CL30) FURY Beast Black (獸獵者),8888,桌上型記憶體 DDR5 單條,1640.5,,5,,,,,,,,,,,16,1,6000,30,,,,,,,,,,,,,,,,,,,,,,2026-10-10 06:01
ram,｛美光 Micron Crucial 單條32GB DDR5 5600｝/CL46 (原生顆粒),｛美光 Micron Crucial 單條32GB DDR5 5600｝/CL46 (原生顆粒),13999,桌上型記憶體 DDR5 單條,1643.5,,5,,,,,,,,,,,32,1,5600,46,,,,,,,,,,,,,,,,,,,,,,2026-10-10 06:01
ram,十銓｛T-CREATE EXPERT 引領者 24G DDR5-6000｝/CL28 黑,十銓｛T-CREATE EXPERT 引領者 24G DDR5-6000｝/CL28 黑,9999,桌上型記憶體 DDR5 單條,,,5,,,,,,,,,,,24,1,6000,28,,,,,,,,,,,,,,,,,,,,,,2026-10-10 06:01
ram,十銓｛T-CREATE EXPERT 引領者 24G DDR5-6000｝/CL28 白,十銓｛T-CREATE EXPERT 引領者 24G DDR5-6000｝/CL28 白,9999,桌上型記憶體 DDR5 單條,,,5,,,,,,,,,,,24,1,6000,28,,,,,,,,,,,,,,,,,,,,,,2026-10-10 06:01
ram,｛UMAX 16GB(雙通8GB*2) DDR5 4800｝/CL40 含散熱片,｛UMAX 16GB(雙通8GB*2) DDR5 4800｝/CL40 含散熱片,8200,桌上型記憶體 DDR5 雙通道,1648.5,,5,,,,,,,,,,,16,2,4800,40,,,,,,,,,,,,,,,,,,,,,,2026-10-10 06:01
ram,｛UMAX 16GB(雙通8GB*2) DDR5 5600｝/CL46 含散熱片,｛UMAX 16GB(雙通8GB*2) DDR5 5600｝/CL46 含散熱片,8200,桌上型記憶體 DDR5 雙通道,1651.5,,5,,,,,,,,,,,16,2,5600,46,,,,,,,,,,,,,,,,,,,,,,2026-10-10 06:01
ram,｛UMAX 32GB(雙通16GB*2) DDR5 5600｝/CL46 含散熱片,｛UMAX 32GB(雙通16GB*2) DDR5 5600｝/CL46 含散熱片,14500,桌上型記憶體 DDR5 雙通道,1652.5,,5,,,,,,,,,,,32,2,5600,46,,,,,,,,,,,,,,,,,,,,,,2026-10-10 06:01
ram,威剛 32G(雙通16G*2)D5-5600/CL46 LancerBlade矮 黑｛AX5U5600C4616G-DTLABBK｝,威剛 32G(雙通16G*2)D5-5600/CL46 LancerBlade矮 黑｛AX5U5600C4616G-DTLABBK｝,16399,桌上型記憶體 DDR5 雙通道,1656.5,,5,,,,,,,,,,,32,2,5600,46,,,,,,,,,,,,,,,,,,,,,,2026-10-10 06:01
ram,威剛 32G(雙通16G*2)D5-5600/CL46 LancerBlade矮 白｛AX5U5600C4616G-DTLABWH｝,威剛 32G(雙通16G*2)D5-5600/CL46 LancerBlade矮 白｛AX5U5600C4616G-DTLABWH｝,16399,桌上型記憶體 DDR5 雙通道,1658.5,,5,,,,,,,,,,,32,2,5600,46,,,,,,,,,,,,,,,,,,,,,,2026-10-10 06:01
ram,威剛 32G(雙通16G*2)D5-6000/CL48 LancerBlade矮 黑｛AX5U6000C4816G-DTLABBK｝,威剛 32G(雙通16G*2)D5-6000/CL48 LancerBlade矮 黑｛AX5U6000C4816G-DTLABBK｝,17299,桌上型記憶體 DDR5 雙通道,1660.5,,5,,,,,,,,,,,32,2,6000,48,,,,,,,,,,,,,,,,,,,,,,2026-10-10 06:01
ram,威剛 32G(雙通16G*2)D5-6000/CL48 LancerBlade矮 白｛AX5U6000C4816G-DTLABWH｝,威剛 32G(雙通16G*2)D5-6000/CL48 LancerBlade矮 白｛AX5U6000C4816G-DTLABWH｝,17299,桌上型記憶體 DDR5 雙通道,1661.5,,5,,,,,,,,,,,32,2,6000,48,,,,,,,,,,,,,,,,,,,,,,2026-10-10 06:01
ram,威剛 32G(雙通16G*2)D5-6000/CL36 LancerBlade矮 黑｛AX5U6000C3616G-DTLABBK｝,威剛 32G(雙通16G*2)D5-6000/CL36 LancerBlade矮 黑｛AX5U6000C3616G-DTLABBK｝,17799,桌上型記憶體 DDR5 雙通道,1662.5,,5,,,,,,,,,,,32,2,6000,36,,,,,,,,,,,,,,,,,,,,,,2026-10-10 06:01
ram,威剛 32G(雙通16G*2)D5-6000/CL36 LancerBlade矮 黑｛AX5U6000C3616G-DTLABBK｝~組裝價~,威剛 32G(雙通16G*2)D5-6000/CL36 LancerBlade矮 黑｛AX5U6000C3616G-DTLABBK｝~組裝價~,15999,桌上型記憶體 DDR5 雙通道,1663.5,,5,,,,,,,,,,,32,2,6000,36,,,,,,,,,,,,,,,,,,,,,,2026-10-10 06:01
ram,威剛 32G(雙通16G*2)D5-6000/CL36 LancerBlade矮 白｛AX5U6000C3616G-DTLABWH｝,威剛 32G(雙通16G*2)D5-6000/CL36 LancerBlade矮 白｛AX5U6000C3616G-DTLABWH｝,17799,桌上型記憶體 DDR5 雙通道,1664.5,,5,,,,,,,,,,,32,2,6000,36,,,,,,,,,,,,,,,,,,,,,,2026-10-10 06:01
ram,威剛 32G(雙通16G*2)D5-6000/CL30 LancerBlade矮 黑｛AX5U6000C3016G-DTLABBK｝,威剛 32G(雙通16G*2)D5-6000/CL30 LancerBlade矮 黑｛AX5U6000C3016G-DTLABBK｝,18799,桌上型記憶體 DDR5 雙通道,1665.5,,5,,,,,,,,,,,32,2,6000,30,,,,,,,,,,,,,,,,,,,,,,2026-10-10 06:01
ram,威剛 32G(雙通16G*2)D5-6000/CL30 LancerBlade矮 白｛AX5U6000C3016G-DTLABWH｝,威剛 32G(雙通16G*2)D5-6000/CL30 LancerBlade矮 白｛AX5U6000C3016G-DTLABWH｝,18799,桌上型記憶體 DDR5 雙通道,1666.5,,5,,,,,,,,,,,32,2,6000,30,,,,,,,,,,,,,,,,,,,,,,2026-10-10 06:01
ram,威剛 32G(雙通16G*2)D5-6000/CL36 LancerBlade矮RGB黑｛AX5U6000C3616G-DTLABRBK｝,威剛 32G(雙通16G*2)D5-6000/CL36 LancerBlade矮RGB黑｛AX5U6000C3616G-DTLABRBK｝,18099,桌上型記憶體 DDR5 雙通道,1669.5,,5,,,,,,,,,,,32,2,6000,36,,,,,,,,,,,,,,,,,,,,,,2026-10-10 06:01
ram,威剛 32G(雙通16G*2)D5-6000/CL36 LancerBlade矮RGB白｛AX5U6000C3616G-DTLABRWH｝,威剛 32G(雙通16G*2)D5-6000/CL36 LancerBlade矮RGB白｛AX5U6000C3616G-DTLABRWH｝,18099,桌上型記憶體 DDR5 雙通道,1670.5,,5,,,,,,,,,,,32,2,6000,36,,,,,,,,,,,,,,,,,,,,,,2026-10-10 06:01
ram,威剛 32G(雙通16G*2)D5-6000/CL30 LancerBlade矮RGB黑｛AX5U6000C3016G-DTLABRBK｝,威剛 32G(雙通16G*2)D5-6000/CL30 LancerBlade矮RGB黑｛AX5U6000C3016G-DTLABRBK｝,19099,桌上型記憶體 DDR5 雙通道,1671.5,,5,,,,,,,,,,,32,2,6000,30,,,,,,,,,,,,,,,,,,,,,,2026-10-10 06:01
ram,威剛 32G(雙通16G*2)D5-6000/CL30 LancerBlade矮RGB白｛AX5U6000C3016G-DTLABRWH｝,威剛 32G(雙通16G*2)D5-6000/CL30 LancerBlade矮RGB白｛AX5U6000C3016G-DTLABRWH｝,19099,桌上型記憶體 DDR5 雙通道,1672.5,,5,,,,,,,,,,,32,2,6000,30,,,,,,,,,,,,,,,,,,,,,,2026-10-10 06:01
ram,威剛 32G(雙通16G*2)D5-6000/CL30 Lancer RGB黑｛AX5U6000C3016G-DCLARBK｝,威剛 32G(雙通16G*2)D5-6000/CL30 Lancer RGB黑｛AX5U6000C3016G-DCLARBK｝,19399,桌上型記憶體 DDR5 雙通道,1679.5,,5,,,,,,,,,,,32,2,6000,30,,,,,,,,,,,,,,,,,,,,,,2026-10-10 06:01
ram,威剛 32G(雙通16G*2)D5-6000/CL30 Lancer RGB白｛AX5U6000C3016G-DCLARWH｝,威剛 32G(雙通16G*2)D5-6000/CL30 Lancer RGB白｛AX5U6000C3016G-DCLARWH｝,19399,桌上型記憶體 DDR5 雙通道,1680.5,,5,,,,,,,,,,,32,2,6000,30,,,,,,,,,,,,,,,,,,,,,,2026-10-10 06:01
ram,威剛 32G(雙通16G*2)D5-6400/CL32 LancerBlade矮 黑｛AX5U6400C3216G-DTLABBK｝,威剛 32G(雙通16G*2)D5-6400/CL32 LancerBlade矮 黑｛AX5U6400C3216G-DTLABBK｝,16999,桌上型記憶體 DDR5 雙通道,1682.5,,5,,,,,,,,,,,32,2,6400,32,,,,,,,,,,,,,,,,,,,,,,2026-10-10 06:01
ram,威剛 64G(雙通32G*2)D5-5600/CL46 LancerBlade矮 黑｛AX5U5600C4632G-DTLABBK｝,威剛 64G(雙通32G*2)D5-5600/CL46 LancerBlade矮 黑｛AX5U5600C4632G-DTLABBK｝,31999,桌上型記憶體 DDR5 雙通道,1683.5,,5,,,,,,,,,,,64,2,5600,46,,,,,,,,,,,,,,,,,,,,,,2026-10-10 06:01
ram,威剛 64G(雙通32G*2)D5-6000/CL30 LancerBlade矮 黑｛AX5U6000C3032G-DTLABBK｝,威剛 64G(雙通32G*2)D5-6000/CL30 LancerBlade矮 黑｛AX5U6000C3032G-DTLABBK｝,37599,桌上型記憶體 DDR5 雙通道,1684.5,,5,,,,,,,,,,,64,2,6000,30,,,,,,,,,,,,,,,,,,,,,,2026-10-10 06:01
ram,威剛 64G(雙通32G*2)D5-6000/CL30 LancerBlade矮 白｛AX5U6000C3032G-DTLABWH｝,威剛 64G(雙通32G*2)D5-6000/CL30 LancerBlade矮 白｛AX5U6000C3032G-DTLABWH｝,37599,桌上型記憶體 DDR5 雙通道,1685.5,,5,,,,,,,,,,,64,2,6000,30,,,,,,,,,,,,,,,,,,,,,,2026-10-10 06:01
ram,威剛 64G(雙通32G*2)D5-6000/CL30 LancerBlade矮RGB黑｛AX5U6000C3032G-DTLABRBK｝,威剛 64G(雙通32G*2)D5-6000/CL30 LancerBlade矮RGB黑｛AX5U6000C3032G-DTLABRBK｝,38199,桌上型記憶體 DDR5 雙通道,1686.5,,5,,,,,,,,,,,64,2,6000,30,,,,,,,,,,,,,,,,,,,,,,2026-10-10 06:01
ram,威剛 64G(雙通32G*2)D5-6000/CL30 LancerBlade矮RGB白｛AX5U6000C3032G-DTLABRWH｝,威剛 64G(雙通32G*2)D5-6000/CL30 LancerBlade矮RGB白｛AX5U6000C3032G-DTLABRWH｝,38199,桌上型記憶體 DDR5 雙通道,1687.5,,5,,,,,,,,,,,64,2,6000,30,,,,,,,,,,,,,,,,,,,,,,2026-10-10 06:01
ram,威剛 64G(雙通32G*2)D5-6000/CL30 Lancer黑｛AX5U6000C3032G-DCLABK｝,威剛 64G(雙通32G*2)D5-6000/CL30 Lancer黑｛AX5U6000C3032G-DCLABK｝,38199,桌上型記憶體 DDR5 雙通道,1688.5,,5,,,,,,,,,,,64,2,6000,30,,,,,,,,,,,,,,,,,,,,,,2026-10-10 06:01
ram,威剛 64G(雙通32G*2)D5-6000/CL30 Lancer白｛AX5U6000C3032G-DCLAWH｝,威剛 64G(雙通32G*2)D5-6000/CL30 Lancer白｛AX5U6000C3032G-DCLAWH｝,38199,桌上型記憶體 DDR5 雙通道,1690.5,,5,,,,,,,,,,,64,2,6000,30,,,,,,,,,,,,,,,,,,,,,,2026-10-10 06:01
ram,威剛 64G(雙通32G*2)D5-6000/CL30 Lancer RGB黑｛AX5U6000C3032G-DCLARBK｝,威剛 64G(雙通32G*2)D5-6000/CL30 Lancer RGB黑｛AX5U6000C3032G-DCLARBK｝,38799,桌上型記憶體 DDR5 雙通道,1692.5,,5,,,,,,,,,,,64,2,6000,30,,,,,,,,,,,,,,,,,,,,,,2026-10-10 06:01
ram,威剛 64G(雙通32G*2)D5-6000/CL30 Lancer RGB白｛AX5U6000C3032G-DCLARWH｝,威剛 64G(雙通32G*2)D5-6000/CL30 Lancer RGB白｛AX5U6000C3032G-DCLARWH｝,38799,桌上型記憶體 DDR5 雙通道,1693.5,,5,,,,,,,,,,,64,2,6000,30,,,,,,,,,,,,,,,,,,,,,,2026-10-10 06:01
ram,｛Biwin 佰維 Black Opal HX100 48GB(雙通24GBx2) DDR5-6000｝CL28 黑,｛Biwin 佰維 Black Opal HX100 48GB(雙通24GBx2) DDR5-6000｝CL28 黑,21490,桌上型記憶體 DDR5 雙通道,1696.5,,5,,,,,,,,,,,48,2,6000,28,,,,,,,,,,,,,,,,,,,,,,2026-10-10 06:01
ram,｛Biwin 佰維 Black Opal DW100 RGB 32GB(雙通16GBx2) DDR5-6000｝CL28 黑,｛Biwin 佰維 Black Opal DW100 RGB 32GB(雙通16GBx2) DDR5-6000｝CL28 黑,15990,桌上型記憶體 DDR5 雙通道,1699.5,,5,,,,,,,,,,,32,2,6000,28,,,,,,,,,,,,,,,,,,,,,,2026-10-10 06:01
ram,｛Biwin 佰維 Black Opal DW100 RGB 48GB(雙通24GBx2) DDR5-6000｝CL28 黑,｛Biwin 佰維 Black Opal DW100 RGB 48GB(雙通24GBx2) DDR5-6000｝CL28 黑,21890,桌上型記憶體 DDR5 雙通道,1700.5,,5,,,,,,,,,,,48,2,6000,28,,,,,,,,,,,,,,,,,,,,,,2026-10-10 06:01
ram,｛Biwin 佰維 Black Opal DW100 RGB 48GB(雙通24GBx2) DDR5-6000｝CL28 白,｛Biwin 佰維 Black Opal DW100 RGB 48GB(雙通24GBx2) DDR5-6000｝CL28 白,21800,桌上型記憶體 DDR5 雙通道,1701.5,,5,,,,,,,,,,,48,2,6000,28,,,,,,,,,,,,,,,,,,,,,,2026-10-10 06:01
ram,｛Origin code Vortex RGB 32GB(雙通16GBx2) DDR5-6200｝(CL26)銀(獨立風扇),｛Origin code Vortex RGB 32GB(雙通16GBx2) DDR5-6200｝(CL26)銀(獨立風扇),18690,桌上型記憶體 DDR5 雙通道,1702.5,,5,,,,,,,,,,,32,2,6200,26,,,,,,,,,,,,,,,,,,,,,,2026-10-10 06:01
ram,｛Origin code Vortex RGB 48GB(雙通24GBx2) DDR5-6000｝(CL26)銀(獨立風扇),｛Origin code Vortex RGB 48GB(雙通24GBx2) DDR5-6000｝(CL26)銀(獨立風扇),28490,桌上型記憶體 DDR5 雙通道,1703.5,,5,,,,,,,,,,,48,2,6000,26,,,,,,,,,,,,,,,,,,,,,,2026-10-10 06:01
ram,｛KLEVV(科賦)32GB(雙通道16GB*2)DDR5 6000/CL30 CRAS V RGB｝晶燦白,｛KLEVV(科賦)32GB(雙通道16GB*2)DDR5 6000/CL30 CRAS V RGB｝晶燦白,17488,桌上型記憶體 DDR5 雙通道,1728.5,,5,,,,,,,,,,,32,2,6000,30,,,,,,,,,,,,,,,,,,,,,,2026-10-10 06:01
ram,｛KLEVV(科賦)64GB(雙通道32GB*2)DDR5 6000/CL30 CRAS V RGB｝曜石黑,｛KLEVV(科賦)64GB(雙通道32GB*2)DDR5 6000/CL30 CRAS V RGB｝曜石黑,34388,桌上型記憶體 DDR5 雙通道,1729.5,,5,,,,,,,,,,,64,2,6000,30,,,,,,,,,,,,,,,,,,,,,,2026-10-10 06:01
ram,｛KLEVV(科賦)32GB(雙通道16GB*2) DDR5 6000/CL30 BOLT V｝,｛KLEVV(科賦)32GB(雙通道16GB*2) DDR5 6000/CL30 BOLT V｝,16888,桌上型記憶體 DDR5 雙通道,1731.5,,5,,,,,,,,,,,32,2,6000,30,,,,,,,,,,,,,,,,,,,,,,2026-10-10 06:01
ram,｛KLEVV(科賦)32GB(雙通道16GB*2) DDR5 6400/CL32 CRAS V RGB｝曜石黑,｛KLEVV(科賦)32GB(雙通道16GB*2) DDR5 6400/CL32 CRAS V RGB｝曜石黑,17788,桌上型記憶體 DDR5 雙通道,1733.5,,5,,,,,,,,,,,32,2,6400,32,,,,,,,,,,,,,,,,,,,,,,2026-10-10 06:01
ram,｛KLEVV(科賦)32GB(雙通道16GB*2) DDR5 6400/CL32 CRAS V RGB｝晶燦白,｛KLEVV(科賦)32GB(雙通道16GB*2) DDR5 6400/CL32 CRAS V RGB｝晶燦白,17788,桌上型記憶體 DDR5 雙通道,1734.5,,5,,,,,,,,,,,32,2,6400,32,,,,,,,,,,,,,,,,,,,,,,2026-10-10 06:01
ram,｛KLEVV(科賦)64GB(雙通道32GB*2) DDR5 6400/CL32 CRAS V RGB｝曜石黑,｛KLEVV(科賦)64GB(雙通道32GB*2) DDR5 6400/CL32 CRAS V RGB｝曜石黑,34888,桌上型記憶體 DDR5 雙通道,1735.5,,5,,,,,,,,,,,64,2,6400,32,,,,,,,,,,,,,,,,,,,,,,2026-10-10 06:01
ram,｛KLEVV(科賦)64GB(雙通道32GB*2) DDR5 6400/CL32 CRAS V RGB｝晶燦白,｛KLEVV(科賦)64GB(雙通道32GB*2) DDR5 6400/CL32 CRAS V RGB｝晶燦白,34888,桌上型記憶體 DDR5 雙通道,1736.5,,5,,,,,,,,,,,64,2,6400,32,,,,,,,,,,,,,,,,,,,,,,2026-10-10 06:01
ram,｛KLEVV(科賦)32GB(雙通16GB*2) DDR5 6000/CL28 URBANE V RGB｝(低矮散熱),｛KLEVV(科賦)32GB(雙通16GB*2) DDR5 6000/CL28 URBANE V RGB｝(低矮散熱),17388,桌上型記憶體 DDR5 雙通道,1738.5,,5,,,,,,,,,,,32,2,6000,28,,,,,,,,,,,,,,,,,,,,,,2026-10-10 06:01
ram,｛KLEVV(科賦)32GB(雙通16GB*2) DDR5 6400/CL32 URBANE V RGB｝(低矮散熱),｛KLEVV(科賦)32GB(雙通16GB*2) DDR5 6400/CL32 URBANE V RGB｝(低矮散熱),17588,桌上型記憶體 DDR5 雙通道,1739.5,,5,,,,,,,,,,,32,2,6400,32,,,,,,,,,,,,,,,,,,,,,,2026-10-10 06:01
ram,｛KLEVV(科賦)32GB(雙通16GB*2) DDR5 6400/CL30 URBANE V RGB｝(低矮散熱),｛KLEVV(科賦)32GB(雙通16GB*2) DDR5 6400/CL30 URBANE V RGB｝(低矮散熱),17888,桌上型記憶體 DDR5 雙通道,1740.5,,5,,,,,,,,,,,32,2,6400,30,,,,,,,,,,,,,,,,,,,,,,2026-10-10 06:01
ram,｛KLEVV(科賦)48GB(雙通24GB*2) DDR5 6400/CL32 URBANE V RGB｝(低矮散熱),｛KLEVV(科賦)48GB(雙通24GB*2) DDR5 6400/CL32 URBANE V RGB｝(低矮散熱),22688,桌上型記憶體 DDR5 雙通道,1742.5,,5,,,,,,,,,,,48,2,6400,32,,,,,,,,,,,,,,,,,,,,,,2026-10-10 06:01
ram,｛金士頓 32GB(雙通16GB*2) DDR5-5600/CL36 FURY Beast｝黑,｛金士頓 32GB(雙通16GB*2) DDR5-5600/CL36 FURY Beast｝黑,18300,桌上型記憶體 DDR5 雙通道,1743.5,,5,,,,,,,,,,,32,2,5600,36,,,,,,,,,,,,,,,,,,,,,,2026-10-10 06:01
ram,｛金士頓 32GB(雙通16GB*2) DDR5-5600/CL36 FURY Beast｝白,｛金士頓 32GB(雙通16GB*2) DDR5-5600/CL36 FURY Beast｝白,18300,桌上型記憶體 DDR5 雙通道,1744.5,,5,,,,,,,,,,,32,2,5600,36,,,,,,,,,,,,,,,,,,,,,,2026-10-10 06:01
ram,｛金士頓 32GB(雙通16GB*2) DDR5-5600/CL36 FURY Beast RGB｝黑,｛金士頓 32GB(雙通16GB*2) DDR5-5600/CL36 FURY Beast RGB｝黑,18500,桌上型記憶體 DDR5 雙通道,1745.5,,5,,,,,,,,,,,32,2,5600,36,,,,,,,,,,,,,,,,,,,,,,2026-10-10 06:01
ram,｛金士頓 32GB(雙通16GB*2) DDR5-6000/CL30 FURY Beast｝黑 (獸獵者),｛金士頓 32GB(雙通16GB*2) DDR5-6000/CL30 FURY Beast｝黑 (獸獵者),19000,桌上型記憶體 DDR5 雙通道,1746.5,,5,,,,,,,,,,,32,2,6000,30,,,,,,,,,,,,,,,,,,,,,,2026-10-10 06:01
ram,｛金士頓 32GB(雙通16GB*2) DDR5-6000/CL30 FURY Beast｝白 (獸獵者),｛金士頓 32GB(雙通16GB*2) DDR5-6000/CL30 FURY Beast｝白 (獸獵者),19000,桌上型記憶體 DDR5 雙通道,1747.5,,5,,,,,,,,,,,32,2,6000,30,,,,,,,,,,,,,,,,,,,,,,2026-10-10 06:01
ram,｛金士頓 64GB(雙通32GB*2) DDR5-5600/CL36 FURY Beast｝黑 (獸獵者),｛金士頓 64GB(雙通32GB*2) DDR5-5600/CL36 FURY Beast｝黑 (獸獵者),34800,桌上型記憶體 DDR5 雙通道,1749.5,,5,,,,,,,,,,,64,2,5600,36,,,,,,,,,,,,,,,,,,,,,,2026-10-10 06:01
ram,｛金士頓 64GB(雙通32GB*2) DDR5-5600/CL36 FURY Beast｝白 (獸獵者),｛金士頓 64GB(雙通32GB*2) DDR5-5600/CL36 FURY Beast｝白 (獸獵者),34800,桌上型記憶體 DDR5 雙通道,1750.5,,5,,,,,,,,,,,64,2,5600,36,,,,,,,,,,,,,,,,,,,,,,2026-10-10 06:01
ram,｛金士頓 64GB(雙通32GB*2) DDR5-6000/CL30 FURY Beast｝黑 (獸獵者),｛金士頓 64GB(雙通32GB*2) DDR5-6000/CL30 FURY Beast｝黑 (獸獵者),38500,桌上型記憶體 DDR5 雙通道,1751.5,,5,,,,,,,,,,,64,2,6000,30,,,,,,,,,,,,,,,,,,,,,,2026-10-10 06:01
ram,｛金士頓 64GB(雙通32GB*2) DDR5-6000/CL30 FURY Beast｝白 (獸獵者),｛金士頓 64GB(雙通32GB*2) DDR5-6000/CL30 FURY Beast｝白 (獸獵者),38500,桌上型記憶體 DDR5 雙通道,1752.5,,5,,,,,,,,,,,64,2,6000,30,,,,,,,,,,,,,,,,,,,,,,2026-10-10 06:01
ram,｛金士頓 64GB(雙通32GB*2) DDR5-6000/CL30 FURY Beast RGB｝黑,｛金士頓 64GB(雙通32GB*2) DDR5-6000/CL30 FURY Beast RGB｝黑,38700,桌上型記憶體 DDR5 雙通道,1753.5,,5,,,,,,,,,,,64,2,6000,30,,,,,,,,,,,,,,,,,,,,,,2026-10-10 06:01
ram,美光｛Micron Crucial 64GB(雙通32GB*2) DDR5 5600｝/CL46(原生顆粒),美光｛Micron Crucial 64GB(雙通32GB*2) DDR5 5600｝/CL46(原生顆粒),27999,桌上型記憶體 DDR5 雙通道,1773.5,,5,,,,,,,,,,,64,2,5600,46,,,,,,,,,,,,,,,,,,,,,,2026-10-10 06:01
ram,美光｛Micron Crucial PRO 超頻 32GB(雙通16GB*2) DDR5 6000｝/CL36 黑色散熱片,美光｛Micron Crucial PRO 超頻 32GB(雙通16GB*2) DDR5 6000｝/CL36 黑色散熱片,14599,桌上型記憶體 DDR5 雙通道,1775.5,,5,,,,,,,,,,,32,2,6000,36,,,,,,,,,,,,,,,,,,,,,,2026-10-10 06:01
ram,美光｛Micron Crucial PRO 超頻 64GB(雙通32GB*2) DDR5 6000｝/CL40 白色散熱片,美光｛Micron Crucial PRO 超頻 64GB(雙通32GB*2) DDR5 6000｝/CL40 白色散熱片,29199,桌上型記憶體 DDR5 雙通道,1778.5,,5,,,,,,,,,,,64,2,6000,40,,,,,,,,,,,,,,,,,,,,,,2026-10-10 06:01
ram,美光｛Micron Crucial PRO 超頻 32GB(雙通16GB*2) DDR5 6400｝/CL38 黑色散熱片,美光｛Micron Crucial PRO 超頻 32GB(雙通16GB*2) DDR5 6400｝/CL38 黑色散熱片,14999,桌上型記憶體 DDR5 雙通道,1779.5,,5,,,,,,,,,,,32,2,6400,38,,,,,,,,,,,,,,,,,,,,,,2026-10-10 06:01
ram,美光｛Micron Crucial PRO 超頻 32GB(雙通16GB*2) DDR5 6400｝/CL38 白色散熱片,美光｛Micron Crucial PRO 超頻 32GB(雙通16GB*2) DDR5 6400｝/CL38 白色散熱片,14999,桌上型記憶體 DDR5 雙通道,1780.5,,5,,,,,,,,,,,32,2,6400,38,,,,,,,,,,,,,,,,,,,,,,2026-10-10 06:01
ram,美光｛Micron Crucial PRO 超頻 64GB(雙通32GB*2) DDR5 6400｝/CL40 黑色散熱片,美光｛Micron Crucial PRO 超頻 64GB(雙通32GB*2) DDR5 6400｝/CL40 黑色散熱片,29999,桌上型記憶體 DDR5 雙通道,1781.5,,5,,,,,,,,,,,64,2,6400,40,,,,,,,,,,,,,,,,,,,,,,2026-10-10 06:01
ram,美光｛Micron Crucial PRO 超頻 64GB(雙通32GB*2) DDR5 6400｝/CL40 白色散熱片,美光｛Micron Crucial PRO 超頻 64GB(雙通32GB*2) DDR5 6400｝/CL40 白色散熱片,29999,桌上型記憶體 DDR5 雙通道,1782.5,,5,,,,,,,,,,,64,2,6400,40,,,,,,,,,,,,,,,,,,,,,,2026-10-10 06:01
ram,美光｛Micron Crucial PRO 超頻 96GB(雙通48GB*2) DDR5 5600｝/CL46 黑色散熱片,美光｛Micron Crucial PRO 超頻 96GB(雙通48GB*2) DDR5 5600｝/CL46 黑色散熱片,28500,桌上型記憶體 DDR5 雙通道,1783.5,,5,,,,,,,,,,,96,2,5600,46,,,,,,,,,,,,,,,,,,,,,,2026-10-10 06:01
ram,海盜船 VENGEANCE 32G(16G*2)DDR5-6000/CL36 灰｛CMK32GX5M2E6000Z36｝,海盜船 VENGEANCE 32G(16G*2)DDR5-6000/CL36 灰｛CMK32GX5M2E6000Z36｝,15490,桌上型記憶體 DDR5 雙通道,1784.5,,5,,,,,,,,,,,32,2,6000,36,,,,,,,,,,,,,,,,,,,,,,2026-10-10 06:01
ram,海盜船 VENGEANCE 32G(16G*2)DDR5-6000/CL36 灰RGB｛CMH32GX5M2E6000Z36｝,海盜船 VENGEANCE 32G(16G*2)DDR5-6000/CL36 灰RGB｛CMH32GX5M2E6000Z36｝,15990,桌上型記憶體 DDR5 雙通道,1785.5,,5,,,,,,,,,,,32,2,6000,36,,,,,,,,,,,,,,,,,,,,,,2026-10-10 06:01
ram,海盜船 VENGEANCE 32G(16G*2)DDR5-6000/CL30 灰｛CMK32GX5M2B6000Z30｝,海盜船 VENGEANCE 32G(16G*2)DDR5-6000/CL30 灰｛CMK32GX5M2B6000Z30｝,17590,桌上型記憶體 DDR5 雙通道,1786.5,,5,,,,,,,,,,,32,2,6000,30,,,,,,,,,,,,,,,,,,,,,,2026-10-10 06:01
ram,海盜船 VENGEANCE 32G(16G*2)DDR5-6000/CL30 灰RGB｛CMH32GX5M2B6000Z30K｝,海盜船 VENGEANCE 32G(16G*2)DDR5-6000/CL30 灰RGB｛CMH32GX5M2B6000Z30K｝,17990,桌上型記憶體 DDR5 雙通道,1787.5,,5,,,,,,,,,,,32,2,6000,30,,,,,,,,,,,,,,,,,,,,,,2026-10-10 06:01
ram,海盜船 VENGEANCE 32G(16G*2)DDR5-6400/CL36 灰｛CMK32GX5M2B6400Z36｝,海盜船 VENGEANCE 32G(16G*2)DDR5-6400/CL36 灰｛CMK32GX5M2B6400Z36｝,15490,桌上型記憶體 DDR5 雙通道,1788.5,,5,,,,,,,,,,,32,2,6400,36,,,,,,,,,,,,,,,,,,,,,,2026-10-10 06:01
ram,海盜船 VENGEANCE 32G(16G*2)DDR5-6400/CL36 灰RGB｛CMH32GX5M2B6400Z36｝,海盜船 VENGEANCE 32G(16G*2)DDR5-6400/CL36 灰RGB｛CMH32GX5M2B6400Z36｝,16990,桌上型記憶體 DDR5 雙通道,1789.5,,5,,,,,,,,,,,32,2,6400,36,,,,,,,,,,,,,,,,,,,,,,2026-10-10 06:01
ram,海盜船 VENGEANCE 32G(16G*2)DDR5-6400/CL32 灰｛CMK32GX5M2B6400Z32｝AI,海盜船 VENGEANCE 32G(16G*2)DDR5-6400/CL32 灰｛CMK32GX5M2B6400Z32｝AI,16990,桌上型記憶體 DDR5 雙通道,1790.5,,5,,,,,,,,,,,32,2,6400,32,,,,,,,,,,,,,,,,,,,,,,2026-10-10 06:01
ram,海盜船 VENGEANCE 32G(16G*2)DDR5-6400/CL32 灰RGB｛CMH32GX5M2B6400Z32｝,海盜船 VENGEANCE 32G(16G*2)DDR5-6400/CL32 灰RGB｛CMH32GX5M2B6400Z32｝,17290,桌上型記憶體 DDR5 雙通道,1791.5,,5,,,,,,,,,,,32,2,6400,32,,,,,,,,,,,,,,,,,,,,,,2026-10-10 06:01
ram,海盜船 VENGEANCE 64G(32G*2)DDR5-6400/CL42 黑｛CMK64GX5M2B6400C42｝,海盜船 VENGEANCE 64G(32G*2)DDR5-6400/CL42 黑｛CMK64GX5M2B6400C42｝,32900,桌上型記憶體 DDR5 雙通道,1792.5,,5,,,,,,,,,,,64,2,6400,42,,,,,,,,,,,,,,,,,,,,,,2026-10-10 06:01
ram,海盜船 VENGEANCE 128G(64G*2)DDR5-6000/CL40 黑｛CMK128GX5M2D6000C40｝,海盜船 VENGEANCE 128G(64G*2)DDR5-6000/CL40 黑｛CMK128GX5M2D6000C40｝,83500,桌上型記憶體 DDR5 雙通道,1794.5,,5,,,,,,,,,,,128,2,6000,40,,,,,,,,,,,,,,,,,,,,,,2026-10-10 06:01
ram,海盜船 DOMINATOR TITANIUM 32G(16G*2) D5-6000/CL30 灰RGB｛CMP32GX5M2B6000Z30｝,海盜船 DOMINATOR TITANIUM 32G(16G*2) D5-6000/CL30 灰RGB｛CMP32GX5M2B6000Z30｝,19200,桌上型記憶體 DDR5 雙通道,1796.5,,5,,,,,,,,,,,32,2,6000,30,,,,,,,,,,,,,,,,,,,,,,2026-10-10 06:01
ram,海盜船 DOMINATOR TITANIUM 32G(16G*2) D5-7200/CL34 黑RGB｛CMP32GX5M2X7200C3｝,海盜船 DOMINATOR TITANIUM 32G(16G*2) D5-7200/CL34 黑RGB｛CMP32GX5M2X7200C3｝,21990,桌上型記憶體 DDR5 雙通道,1797.5,,5,,,,,,,,,,,32,2,7200,34,,,,,,,,,,,,,,,,,,,,,,2026-10-10 06:01
ram,芝奇Flare X5 烈焰槍32GB(雙通16G*2)D5-6000 CL28黑｛F5-6000J2836G16GX2-FX5｝,芝奇Flare X5 烈焰槍32GB(雙通16G*2)D5-6000 CL28黑｛F5-6000J2836G16GX2-FX5｝,19500,桌上型記憶體 DDR5 雙通道,1799.5,,5,,,,,,,,,,,32,2,6000,28,,,,,,,,,,,,,,,,,,,,,,2026-10-10 06:01
ram,芝奇Flare X5 烈焰槍32GB(雙通16G*2)D5-6000 CL28白｛F5-6000J2836G16GX2-FX5W｝,芝奇Flare X5 烈焰槍32GB(雙通16G*2)D5-6000 CL28白｛F5-6000J2836G16GX2-FX5W｝,19500,桌上型記憶體 DDR5 雙通道,1800.5,,5,,,,,,,,,,,32,2,6000,28,,,,,,,,,,,,,,,,,,,,,,2026-10-10 06:01
ram,芝奇Flare X5烈焰槍 64GB(雙通32G*2)D5-6000/CL30黑｛F5-6000J3040G32GX2-FX5｝,芝奇Flare X5烈焰槍 64GB(雙通32G*2)D5-6000/CL30黑｛F5-6000J3040G32GX2-FX5｝,38900,桌上型記憶體 DDR5 雙通道,1801.5,,5,,,,,,,,,,,64,2,6000,30,,,,,,,,,,,,,,,,,,,,,,2026-10-10 06:01
ram,芝奇Flare X5烈焰槍 64GB(雙通32G*2)D5-6000/CL30白｛F5-6000J3040G32GX2-FX5W｝,芝奇Flare X5烈焰槍 64GB(雙通32G*2)D5-6000/CL30白｛F5-6000J3040G32GX2-FX5W｝,38900,桌上型記憶體 DDR5 雙通道,1802.5,,5,,,,,,,,,,,64,2,6000,30,,,,,,,,,,,,,,,,,,,,,,2026-10-10 06:01
ram,芝奇Flare X5 烈焰槍64GB(雙通32G*2)D5-6000 CL28黑｛F5-6000J2836G32GX2-FX5｝,芝奇Flare X5 烈焰槍64GB(雙通32G*2)D5-6000 CL28黑｛F5-6000J2836G32GX2-FX5｝,39900,桌上型記憶體 DDR5 雙通道,1803.5,,5,,,,,,,,,,,64,2,6000,28,,,,,,,,,,,,,,,,,,,,,,2026-10-10 06:01
ram,芝奇Flare X5 烈焰槍96GB(雙通48G*2)D5-6000 CL30黑｛F5-6000J3036F48GX2-FX5｝,芝奇Flare X5 烈焰槍96GB(雙通48G*2)D5-6000 CL30黑｛F5-6000J3036F48GX2-FX5｝,59980,桌上型記憶體 DDR5 雙通道,1804.5,,5,,,,,,,,,,,96,2,6000,30,,,,,,,,,,,,,,,,,,,,,,2026-10-10 06:01
ram,芝奇Flare X5 烈焰槍96GB(雙通48G*2)D5-6000 CL30白｛F5-6000J3036F48GX2-FX5W｝,芝奇Flare X5 烈焰槍96GB(雙通48G*2)D5-6000 CL30白｛F5-6000J3036F48GX2-FX5W｝,59980,桌上型記憶體 DDR5 雙通道,1805.5,,5,,,,,,,,,,,96,2,6000,30,,,,,,,,,,,,,,,,,,,,,,2026-10-10 06:01
ram,芝奇Flare X5 烈焰槍128GB(雙通64G*2)D5-6000 CL34黑｛F5-6000J3444F64GX2-FX5｝,芝奇Flare X5 烈焰槍128GB(雙通64G*2)D5-6000 CL34黑｛F5-6000J3444F64GX2-FX5｝,94500,桌上型記憶體 DDR5 雙通道,1806.5,,5,,,,,,,,,,,128,2,6000,34,,,,,,,,,,,,,,,,,,,,,,2026-10-10 06:01
ram,芝奇 Ripjaws S5焰刃32GB(雙通16G*2)D5-6000/CL36黑｛ F5-6000J3636F16GX2-RS5K｝,芝奇 Ripjaws S5焰刃32GB(雙通16G*2)D5-6000/CL36黑｛ F5-6000J3636F16GX2-RS5K｝,15600,桌上型記憶體 DDR5 雙通道,1809.5,,5,,,,,,,,,,,32,2,6000,36,,,,,,,,,,,,,,,,,,,,,,2026-10-10 06:01
ram,芝奇 Ripjaws S5焰刃64GB(雙通32G*2)D5-6000/C36黑｛F5-6000J3636F32GX2-RS5K｝,芝奇 Ripjaws S5焰刃64GB(雙通32G*2)D5-6000/C36黑｛F5-6000J3636F32GX2-RS5K｝,29200,桌上型記憶體 DDR5 雙通道,1811.5,,5,,,,,,,,,,,64,2,6000,,,,,,,,,,,,,,,,,,,,,,,2026-10-10 06:01
ram,芝奇 RipjawsM5 RGB焰刃32GB(16G*2)D5-6000/CL36黑｛F5-6000J3636F16GX2-RM5RK｝,芝奇 RipjawsM5 RGB焰刃32GB(16G*2)D5-6000/CL36黑｛F5-6000J3636F16GX2-RM5RK｝,19400,桌上型記憶體 DDR5 雙通道,1814.5,,5,,,,,,,,,,,32,2,6000,36,,,,,,,,,,,,,,,,,,,,,,2026-10-10 06:01
ram,芝奇 烈焰槍RGB 64GB(雙通32G*2)D5-6000/CL36黑｛F5-6000J3636F32GX2-RM5NRK｝,芝奇 烈焰槍RGB 64GB(雙通32G*2)D5-6000/CL36黑｛F5-6000J3636F32GX2-RM5NRK｝,34000,桌上型記憶體 DDR5 雙通道,1817.5,,5,,,,,,,,,,,64,2,6000,36,,,,,,,,,,,,,,,,,,,,,,2026-10-10 06:01
ram,芝奇 烈焰槍RGB 64GB(雙通32G*2)D5-6000/CL36白｛F5-6000J3636F32GX2-RM5NRW｝,芝奇 烈焰槍RGB 64GB(雙通32G*2)D5-6000/CL36白｛F5-6000J3636F32GX2-RM5NRW｝,34000,桌上型記憶體 DDR5 雙通道,1818.5,,5,,,,,,,,,,,64,2,6000,36,,,,,,,,,,,,,,,,,,,,,,2026-10-10 06:01
ram,芝奇 幻鋒戟RGB 32GB(雙通16G*2) D5-6400/CL32黑｛F5-6400J3239G16GX2-TZ5RK｝,芝奇 幻鋒戟RGB 32GB(雙通16G*2) D5-6400/CL32黑｛F5-6400J3239G16GX2-TZ5RK｝,21500,桌上型記憶體 DDR5 雙通道,1821.5,,5,,,,,,,,,,,32,2,6400,32,,,,,,,,,,,,,,,,,,,,,,2026-10-10 06:01
ram,芝奇 幻鋒戟RGB 64GB(雙通32G*2) D5-6000/CL30白｛F5-6000J3040G32GX2-TZ5RW｝,芝奇 幻鋒戟RGB 64GB(雙通32G*2) D5-6000/CL30白｛F5-6000J3040G32GX2-TZ5RW｝,29000,桌上型記憶體 DDR5 雙通道,1826.5,,5,,,,,,,,,,,64,2,6000,30,,,,,,,,,,,,,,,,,,,,,,2026-10-10 06:01
ram,芝奇 焰鋒戟RGB 32GB(雙通16GB*2) D5-6000/CL30黑｛F5-6000J3038F16GX2-TZ5NR｝,芝奇 焰鋒戟RGB 32GB(雙通16GB*2) D5-6000/CL30黑｛F5-6000J3038F16GX2-TZ5NR｝,19400,桌上型記憶體 DDR5 雙通道,1831.5,,5,,,,,,,,,,,32,2,6000,30,,,,,,,,,,,,,,,,,,,,,,2026-10-10 06:01
ram,芝奇 焰鋒戟RGB 64GB(雙通32GB*2)D5-6000/CL30黑｛F5-6000J3040G32GX2-TZ5NR｝,芝奇 焰鋒戟RGB 64GB(雙通32GB*2)D5-6000/CL30黑｛F5-6000J3040G32GX2-TZ5NR｝,37900,桌上型記憶體 DDR5 雙通道,1832.5,,5,,,,,,,,,,,64,2,6000,30,,,,,,,,,,,,,,,,,,,,,,2026-10-10 06:01
ram,芝奇 焰鋒戟RGB 64GB(雙通32GB*2)D5-6000/CL30白｛F5-6000J3040G32GX2-TZ5NRW｝,芝奇 焰鋒戟RGB 64GB(雙通32GB*2)D5-6000/CL30白｛F5-6000J3040G32GX2-TZ5NRW｝,37900,桌上型記憶體 DDR5 雙通道,1833.5,,5,,,,,,,,,,,64,2,6000,30,,,,,,,,,,,,,,,,,,,,,,2026-10-10 06:01
ram,芝奇 焰鋒戟RGB 32GB(雙通16GB*2)D5-6400/CL30黑｛F5-6400J3039G16GX2-TZ5NR｝,芝奇 焰鋒戟RGB 32GB(雙通16GB*2)D5-6400/CL30黑｛F5-6400J3039G16GX2-TZ5NR｝,19800,桌上型記憶體 DDR5 雙通道,1834.5,,5,,,,,,,,,,,32,2,6400,30,,,,,,,,,,,,,,,,,,,,,,2026-10-10 06:01
ram,芝奇 焰鋒戟RGB 32GB(雙通16GB*2)D5-6400/CL30白｛F5-6400J3039G16GX2-TZ5NRW｝,芝奇 焰鋒戟RGB 32GB(雙通16GB*2)D5-6400/CL30白｛F5-6400J3039G16GX2-TZ5NRW｝,19800,桌上型記憶體 DDR5 雙通道,1835.5,,5,,,,,,,,,,,32,2,6400,30,,,,,,,,,,,,,,,,,,,,,,2026-10-10 06:01
ram,芝奇 焰鋒戟RGB 32GB(雙通16GB*2)D5-7200/CL34黑｛F5-7200J3445G16GX2-TZ5NR｝,芝奇 焰鋒戟RGB 32GB(雙通16GB*2)D5-7200/CL34黑｛F5-7200J3445G16GX2-TZ5NR｝,19800,桌上型記憶體 DDR5 雙通道,1836.5,,5,,,,,,,,,,,32,2,7200,34,,,,,,,,,,,,,,,,,,,,,,2026-10-10 06:01
ram,芝奇 焰鋒戟RGB 128GB(雙通64GB*2)D5-6000/CL34黑｛F5-6000J3444F64GX2-TZ5NR｝,芝奇 焰鋒戟RGB 128GB(雙通64GB*2)D5-6000/CL34黑｛F5-6000J3444F64GX2-TZ5NR｝,95500,桌上型記憶體 DDR5 雙通道,1837.5,,5,,,,,,,,,,,128,2,6000,34,,,,,,,,,,,,,,,,,,,,,,2026-10-10 06:01
ram,芝奇 皇家戟RGB 48GB(雙通24GB*2)D5-6000 CL28銀｛F5-6000J2836F24GX2-TR5NS｝,芝奇 皇家戟RGB 48GB(雙通24GB*2)D5-6000 CL28銀｛F5-6000J2836F24GX2-TR5NS｝,37890,桌上型記憶體 DDR5 雙通道,1840,,5,,,,,,,,,,,48,2,6000,28,,,,,,,,,,,,,,,,,,,,,,2026-10-10 06:01
ram,芝奇 皇家戟RGB 64GB(雙通32GB*2)D5-6000/CL28銀｛F5-6000J2836G32GX2-TR5NS｝,芝奇 皇家戟RGB 64GB(雙通32GB*2)D5-6000/CL28銀｛F5-6000J2836G32GX2-TR5NS｝,43800,桌上型記憶體 DDR5 雙通道,1841.5,,5,,,,,,,,,,,64,2,6000,28,,,,,,,,,,,,,,,,,,,,,,2026-10-10 06:01
ram,"芝奇Flare X5 烈焰槍256GB(""雙通""四根64G*4)D5-6000 CL34黑｛F5-6000J3444F64GX4-FX5｝","芝奇Flare X5 烈焰槍256GB(""雙通""四根64G*4)D5-6000 CL34黑｛F5-6000J3444F64GX4-FX5｝",189000,桌上型記憶體 DDR5 雙通道,1853.5,,5,,,,,,,,,,,256,4,6000,34,,,,,,,,,,,,,,,,,,,,,,2026-10-10 06:01
ram,｛UMAX 8GB DDR4-2666｝(1024*8)CL19,｛UMAX 8GB DDR4-2666｝(1024*8)CL19,2150,桌上型記憶體 DDR4,1879.5,,4,,,,,,,,,,,8,1,2666,19,,,,,,,,,,,,,,,,,,,,,,2026-10-10 06:01
ram,｛UMAX 8GB DDR4-3200｝(1024*8)超頻CL16,｛UMAX 8GB DDR4-3200｝(1024*8)超頻CL16,2190,桌上型記憶體 DDR4,1880.5,,4,,,,,,,,,,,8,1,3200,16,,,,,,,,,,,,,,,,,,,,,,2026-10-10 06:01
ram,｛UMAX 16GB DDR4-2666｝(2048*8)(CL19,｛UMAX 16GB DDR4-2666｝(2048*8)(CL19,3950,桌上型記憶體 DDR4,1883.5,,4,,,,,,,,,,,16,1,2666,19,,,,,,,,,,,,,,,,,,,,,,2026-10-10 06:01
ram,｛UMAX 16GB DDR4-3200｝(1024*8)超頻CL16,｛UMAX 16GB DDR4-3200｝(1024*8)超頻CL16,4250,桌上型記憶體 DDR4,1884.5,,4,,,,,,,,,,,16,1,3200,16,,,,,,,,,,,,,,,,,,,,,,2026-10-10 06:01
ram,｛UMAX 16GB DDR4-3200｝(2048*8)超頻CL16,｛UMAX 16GB DDR4-3200｝(2048*8)超頻CL16,4250,桌上型記憶體 DDR4,1885.5,,4,,,,,,,,,,,16,1,3200,16,,,,,,,,,,,,,,,,,,,,,,2026-10-10 06:01
ram,｛UMAX 16GB DDR4-3200｝(1024*8)CL22,｛UMAX 16GB DDR4-3200｝(1024*8)CL22,3950,桌上型記憶體 DDR4,1886.5,,4,,,,,,,,,,,16,1,3200,22,,,,,,,,,,,,,,,,,,,,,,2026-10-10 06:01
ram,｛UMAX 32GB DDR4-3200｝(2048*8)CL22,｛UMAX 32GB DDR4-3200｝(2048*8)CL22,8888,桌上型記憶體 DDR4,1888.5,,4,,,,,,,,,,,32,1,3200,22,,,,,,,,,,,,,,,,,,,,,,2026-10-10 06:01
ram,｛UMAX 32GB DDR4-3200｝(2048*8)超頻CL16,｛UMAX 32GB DDR4-3200｝(2048*8)超頻CL16,8888,桌上型記憶體 DDR4,1889.5,,4,,,,,,,,,,,32,1,3200,16,,,,,,,,,,,,,,,,,,,,,,2026-10-10 06:01
ram,威剛 8GB DDR4-3200｛AD4U320038G22-SGN｝(1024*8),威剛 8GB DDR4-3200｛AD4U320038G22-SGN｝(1024*8),2299,桌上型記憶體 DDR4,1890.5,,4,,,,,,,,,,,8,1,3200,,,,,,,,,,,,,,,,,,,,,,,2026-10-10 06:01
ram,威剛 16GB DDR4-3200｛AD4U3200316G22-SGN｝(1024*8),威剛 16GB DDR4-3200｛AD4U3200316G22-SGN｝(1024*8),4599,桌上型記憶體 DDR4,1892.5,,4,,,,,,,,,,,16,1,3200,,,,,,,,,,,,,,,,,,,,,,,2026-10-10 06:01
ram,威剛 32GB DDR4-3200｛AD4U3200732G22-SGN｝(2048*8),威剛 32GB DDR4-3200｛AD4U3200732G22-SGN｝(2048*8),8999,桌上型記憶體 DDR4,1894.5,,4,,,,,,,,,,,32,1,3200,,,,,,,,,,,,,,,,,,,,,,,2026-10-10 06:01
ram,金士頓 8GB DDR4-3200 FURY Beast(獸獵者)｛KF432C16BB/8｝(1024*8),金士頓 8GB DDR4-3200 FURY Beast(獸獵者)｛KF432C16BB/8｝(1024*8),3200,桌上型記憶體 DDR4,1896.5,,4,,,,,,,,,,,8,1,3200,,,,,,,,,,,,,,,,,,,,,,,2026-10-10 06:01
ram,金士頓 8GB DDR4-3200 FURY Beast(獸獵者)｛KF432C16BB/8｝(1024*8)~搭機價~,金士頓 8GB DDR4-3200 FURY Beast(獸獵者)｛KF432C16BB/8｝(1024*8)~搭機價~,2900,桌上型記憶體 DDR4,1897.5,,4,,,,,,,,,,,8,1,3200,,,,,,,,,,,,,,,,,,,,,,,2026-10-10 06:01
ram,金士頓 16GB DDR4-3200｛KVR32N22S8/16｝(2048*8),金士頓 16GB DDR4-3200｛KVR32N22S8/16｝(2048*8),6150,桌上型記憶體 DDR4,1898.5,,4,,,,,,,,,,,16,1,3200,,,,,,,,,,,,,,,,,,,,,,,2026-10-10 06:01
ram,金士頓 16GB DDR4-3200 FURY Beast(獸獵者)｛KF432C16BB/16｝(2048*8),金士頓 16GB DDR4-3200 FURY Beast(獸獵者)｛KF432C16BB/16｝(2048*8),6150,桌上型記憶體 DDR4,1899.5,,4,,,,,,,,,,,16,1,3200,,,,,,,,,,,,,,,,,,,,,,,2026-10-10 06:01
ram,金士頓 32GB DDR4-3200｛KVR32N22D8/32｝(2048*8),金士頓 32GB DDR4-3200｛KVR32N22D8/32｝(2048*8),12000,桌上型記憶體 DDR4,1900.5,,4,,,,,,,,,,,32,1,3200,,,,,,,,,,,,,,,,,,,,,,,2026-10-10 06:01
ram,金士頓 32GB DDR4-3200 FURY Beast(獸獵者)｛KF432C16BB/32｝(2048*8),金士頓 32GB DDR4-3200 FURY Beast(獸獵者)｛KF432C16BB/32｝(2048*8),9450,桌上型記憶體 DDR4,1901.5,,4,,,,,,,,,,,32,1,3200,,,,,,,,,,,,,,,,,,,,,,,2026-10-10 06:01
ram,｛UMAX 16GB(雙通8GB*2) DDR4-2666｝含散熱片(1024*8),｛UMAX 16GB(雙通8GB*2) DDR4-2666｝含散熱片(1024*8),4350,桌上型記憶體 DDR4 雙通道,1904.5,,4,,,,,,,,,,,16,2,2666,,,,,,,,,,,,,,,,,,,,,,,2026-10-10 06:01
ram,｛UMAX 16GB(雙通8GB*2) DDR4-3200｝超頻CL16含散熱片(1024*8),｛UMAX 16GB(雙通8GB*2) DDR4-3200｝超頻CL16含散熱片(1024*8),4450,桌上型記憶體 DDR4 雙通道,1905.5,,4,,,,,,,,,,,16,2,3200,16,,,,,,,,,,,,,,,,,,,,,,2026-10-10 06:01
ram,｛UMAX 32GB(雙通16GB*2) DDR4-2666｝含散熱片(1024*8)CL19,｛UMAX 32GB(雙通16GB*2) DDR4-2666｝含散熱片(1024*8)CL19,7800,桌上型記憶體 DDR4 雙通道,1906.5,,4,,,,,,,,,,,32,2,2666,19,,,,,,,,,,,,,,,,,,,,,,2026-10-10 06:01
ram,｛UMAX 32GB(雙通16GB*2) DDR4-2666｝含散熱片(2048*8)CL19,｛UMAX 32GB(雙通16GB*2) DDR4-2666｝含散熱片(2048*8)CL19,7990,桌上型記憶體 DDR4 雙通道,1907.5,,4,,,,,,,,,,,32,2,2666,19,,,,,,,,,,,,,,,,,,,,,,2026-10-10 06:01
ram,｛UMAX 32GB(雙通16GB*2) DDR4-3200｝超頻CL16含散熱片(1024*8)CL16,｛UMAX 32GB(雙通16GB*2) DDR4-3200｝超頻CL16含散熱片(1024*8)CL16,8600,桌上型記憶體 DDR4 雙通道,1908.5,,4,,,,,,,,,,,32,2,3200,16,,,,,,,,,,,,,,,,,,,,,,2026-10-10 06:01
ram,｛UMAX 32GB(雙通16GB*2) DDR4-3200｝超頻CL16含散熱片(2048*8)CL16,｛UMAX 32GB(雙通16GB*2) DDR4-3200｝超頻CL16含散熱片(2048*8)CL16,8800,桌上型記憶體 DDR4 雙通道,1909.5,,4,,,,,,,,,,,32,2,3200,16,,,,,,,,,,,,,,,,,,,,,,2026-10-10 06:01
ram,｛UMAX 64GB(雙通32GB*2) DDR4-3200｝含散熱片(2048*8) CL22,｛UMAX 64GB(雙通32GB*2) DDR4-3200｝含散熱片(2048*8) CL22,17800,桌上型記憶體 DDR4 雙通道,1910.5,,4,,,,,,,,,,,64,2,3200,22,,,,,,,,,,,,,,,,,,,,,,2026-10-10 06:01
ram,威剛 32GB(雙通16G*2) D4-3200/CL16 D10超頻 黑｛AX4U3200716G16A-DB10｝(2048*8),威剛 32GB(雙通16G*2) D4-3200/CL16 D10超頻 黑｛AX4U3200716G16A-DB10｝(2048*8),8299,桌上型記憶體 DDR4 雙通道,1912.5,,4,,,,,,,,,,,32,2,3200,16,,,,,,,,,,,,,,,,,,,,,,2026-10-10 06:01
ram,金士頓 16GB(雙通8GB*2) DDR4-3200 FURY Beast(獸獵)｛KF432C16BBK2/16｝,金士頓 16GB(雙通8GB*2) DDR4-3200 FURY Beast(獸獵)｛KF432C16BBK2/16｝,6600,桌上型記憶體 DDR4 雙通道,1916.5,,4,,,,,,,,,,,16,2,3200,,,,,,,,,,,,,,,,,,,,,,,2026-10-10 06:01
ram,金士頓 32GB(雙通16GB*2) DDR4-3200 (獸獵者)｛KF432C16BBK2/32｝(2048*8),金士頓 32GB(雙通16GB*2) DDR4-3200 (獸獵者)｛KF432C16BBK2/32｝(2048*8),9500,桌上型記憶體 DDR4 雙通道,1919.5,,4,,,,,,,,,,,32,2,3200,,,,,,,,,,,,,,,,,,,,,,,2026-10-10 06:01
ram,芝奇 G.SKILL Ripjaws V 32GB(雙通16GB*2) D4-3600 CL18 黑｛F4-3600C18D-32GVK｝,芝奇 G.SKILL Ripjaws V 32GB(雙通16GB*2) D4-3600 CL18 黑｛F4-3600C18D-32GVK｝,9100,桌上型記憶體 DDR4 雙通道,1925.5,,4,,,,,,,,,,,32,2,3600,18,,,,,,,,,,,,,,,,,,,,,,2026-10-10 06:01
ram,芝奇 G.SKILL 幻光戟 16GB(雙通8GB*2) D4-3200 CL16 黑銀｛F4-3200C16D-16GTZR｝,芝奇 G.SKILL 幻光戟 16GB(雙通8GB*2) D4-3200 CL16 黑銀｛F4-3200C16D-16GTZR｝,5100,桌上型記憶體 DDR4 雙通道,1927.5,,4,,,,,,,,,,,16,2,3200,16,,,,,,,,,,,,,,,,,,,,,,2026-10-10 06:01
ram,芝奇 G.SKILL 幻光戟 32GB(雙通16GB*2) D4-3200 CL16 黑銀｛F4-3200C16D-32GTZR｝,芝奇 G.SKILL 幻光戟 32GB(雙通16GB*2) D4-3200 CL16 黑銀｛F4-3200C16D-32GTZR｝,9450,桌上型記憶體 DDR4 雙通道,1928.5,,4,,,,,,,,,,,32,2,3200,16,,,,,,,,,,,,,,,,,,,,,,2026-10-10 06:01
ram,芝奇 G.SKILL 幻光戟 32GB(雙通16GB*2) D4-3600 CL16 黑銀｛F4-3600C16D-32GTZRC｝,芝奇 G.SKILL 幻光戟 32GB(雙通16GB*2) D4-3600 CL16 黑銀｛F4-3600C16D-32GTZRC｝,9999,桌上型記憶體 DDR4 雙通道,1929.5,,4,,,,,,,,,,,32,2,3600,16,,,,,,,,,,,,,,,,,,,,,,2026-10-10 06:01
ram,芝奇 G.SKILL 焰光戟 32GB(雙通16GB*2) D4-3200｛F4-3200C16D-32GTZN｝[For AMD],芝奇 G.SKILL 焰光戟 32GB(雙通16GB*2) D4-3200｛F4-3200C16D-32GTZN｝[For AMD],9500,桌上型記憶體 DDR4 雙通道,1931.5,,4,,,,,,,,,,,32,2,3200,,,,,,,,,,,,,,,,,,,,,,,2026-10-10 06:01
ram,芝奇 G.SKILL 焰光戟 32GB(雙通16GB*2) D4-3600｛F4-3600C16D-32GTZNC｝[For AMD],芝奇 G.SKILL 焰光戟 32GB(雙通16GB*2) D4-3600｛F4-3600C16D-32GTZNC｝[For AMD],10150,桌上型記憶體 DDR4 雙通道,1932.5,,4,,,,,,,,,,,32,2,3600,,,,,,,,,,,,,,,,,,,,,,,2026-10-10 06:01
ssd,｛UMAX S330 240GB｝/2.5吋/讀520/寫450/3D NAND Flash【三年保】,UMAX S330 240GB,1399,2.5吋 SATA3 SSD固態硬碟,1995.5,,,,,,,,,,,,,,,,,SATA,240,,,,,,,,,,,,,,,,,,,,2026-10-10 06:01
ssd,｛UMAX S330 480GB｝/2.5吋/讀560/寫450/3D NAND Flash【三年保】,UMAX S330 480GB,2400,2.5吋 SATA3 SSD固態硬碟,1996.5,,,,,,,,,,,,,,,,,SATA,480,,,,,,,,,,,,,,,,,,,,2026-10-10 06:01
ssd,｛威剛 Ultimate SU650 240G｝/2.5吋/讀520/寫450/TLC顆粒【三年保】,威剛 Ultimate SU650 240G,1799,2.5吋 SATA3 SSD固態硬碟,1997.5,,,,,,,,,,,,,,,,,SATA,240,TLC,,,,,,,,,,,,,,,,,,,2026-10-10 06:01
ssd,｛威剛 Ultimate SU650 480G｝/2.5吋/讀520/寫450/TLC顆粒【三年保】,威剛 Ultimate SU650 480G,2699,2.5吋 SATA3 SSD固態硬碟,1998.5,,,,,,,,,,,,,,,,,SATA,480,TLC,,,,,,,,,,,,,,,,,,,2026-10-10 06:01
ssd,｛金士頓 A400 240G｝/2.5吋/讀500/寫350/TLC顆粒【三年保】,金士頓 A400 240G,1900,2.5吋 SATA3 SSD固態硬碟,2000.5,,,,,,,,,,,,,,,,,SATA,240,TLC,,,,,,,,,,,,,,,,,,,2026-10-10 06:01
ssd,｛金士頓 A400 480G｝/2.5吋/讀500/寫450/TLC顆粒【三年保】,金士頓 A400 480G,3400,2.5吋 SATA3 SSD固態硬碟,2001.5,,,,,,,,,,,,,,,,,SATA,480,TLC,,,,,,,,,,,,,,,,,,,2026-10-10 06:01
ssd,｛金士頓 A400 960G｝/2.5吋/讀500/寫450/TLC顆粒【三年保】,金士頓 A400 960G,5600,2.5吋 SATA3 SSD固態硬碟,2003.5,,,,,,,,,,,,,,,,,SATA,960,TLC,,,,,,,,,,,,,,,,,,,2026-10-10 06:01
ssd,｛金士頓 SKC600 256G｝/2.5吋/讀550/寫500/SMI/3D TLC【五年保】,金士頓 SKC600 256G,3100,2.5吋 SATA3 SSD固態硬碟,2005.5,,,,,,,,,,,,,,,,,SATA,256,TLC,,,,,,,,,,,,,,,,,,,2026-10-10 06:01
ssd,｛金士頓 SKC600 256G｝/2.5吋/讀550/寫500/SMI/3D TLC【五年保】~搭機價~,金士頓 SKC600 256G,2888,2.5吋 SATA3 SSD固態硬碟,2006.5,,,,,,,,,,,,,,,,,SATA,256,TLC,,,,,,,,,,,,,,,,,,,2026-10-10 06:01
ssd,｛金士頓 SKC600 512G｝/2.5吋/讀550/寫520/SMI/3D TLC【五年保】,金士頓 SKC600 512G,4700,2.5吋 SATA3 SSD固態硬碟,2007.5,,,,,,,,,,,,,,,,,SATA,512,TLC,,,,,,,,,,,,,,,,,,,2026-10-10 06:01
ssd,｛金士頓 SKC600 512G｝/2.5吋/讀550/寫520/SMI/3D TLC【五年保】~搭機價~,金士頓 SKC600 512G,4450,2.5吋 SATA3 SSD固態硬碟,2008.5,,,,,,,,,,,,,,,,,SATA,512,TLC,,,,,,,,,,,,,,,,,,,2026-10-10 06:01
ssd,｛金士頓 SKC600 1024G｝/2.5吋/讀550/寫520/SMI/3D TLC【五年保】,金士頓 SKC600 1024G,8300,2.5吋 SATA3 SSD固態硬碟,2009.5,,,,,,,,,,,,,,,,,SATA,1024,TLC,,,,,,,,,,,,,,,,,,,2026-10-10 06:01
ssd,｛金士頓 SKC600 1024G｝/2.5吋/讀550/寫520/SMI/3D TLC【五年保】~搭機價~,金士頓 SKC600 1024G,7550,2.5吋 SATA3 SSD固態硬碟,2010.5,,,,,,,,,,,,,,,,,SATA,1024,TLC,,,,,,,,,,,,,,,,,,,2026-10-10 06:01
ssd,｛金士頓 SKC600 2048G｝/2.5吋/讀550/寫520/SMI/3D TLC【五年保】,金士頓 SKC600 2048G,15800,2.5吋 SATA3 SSD固態硬碟,2011.5,,,,,,,,,,,,,,,,,SATA,2048,TLC,,,,,,,,,,,,,,,,,,,2026-10-10 06:01
ssd,｛金士頓 SKC600 2048G｝/2.5吋/讀550/寫520/SMI/3D TLC【五年保】~搭機價~,金士頓 SKC600 2048G,14500,2.5吋 SATA3 SSD固態硬碟,2012.5,,,,,,,,,,,,,,,,,SATA,2048,TLC,,,,,,,,,,,,,,,,,,,2026-10-10 06:01
ssd,｛致態 ZhiTai 致態小翼 S001 500GB｝/2.5吋/SATA 3/讀550/寫500【三年保】~送飲料提袋~,致態 ZhiTai 致態小翼 S001 500GB,2699,2.5吋 SATA3 SSD固態硬碟,2014.5,,,,,,,,,,,,,,,,,SATA,500,,,,,,,,,,,,,,,,,,,,2026-10-10 06:01
ssd,｛致態 ZhiTai 致態小翼 S001 1TB｝/2.5吋/SATA 3/讀550/寫500【三年保】~送飲料提袋~,致態 ZhiTai 致態小翼 S001 1TB,4499,2.5吋 SATA3 SSD固態硬碟,2015.5,,,,,,,,,,,,,,,,,SATA,1000,,,,,,,,,,,,,,,,,,,,2026-10-10 06:01
ssd,｛十銓 T-Force Vulcan Z 火神Z 256G｝/2.5吋/讀520/寫450/3D NAND/TLC【三年保】,十銓 T-Force Vulcan Z 火神Z 256G,1790,2.5吋 SATA3 SSD固態硬碟,2017.5,,,,,,,,,,,,,,,,,SATA,256,TLC,,,,,,,,,,,,,,,,,,,2026-10-10 06:01
ssd,宏碁｛Acer RE100 256GB｝/2.5吋/讀562/寫528/TLC【五年保】,Acer RE100 256GB,1790,2.5吋 SATA3 SSD固態硬碟,2022.5,,,,,,,,,,,,,,,,,SATA,256,TLC,,,,,,,,,,,,,,,,,,,2026-10-10 06:01
ssd,宏碁｛Acer RE100 512GB｝/2.5吋/讀562/寫529/TLC【五年保】,Acer RE100 512GB,2650,2.5吋 SATA3 SSD固態硬碟,2023.5,,,,,,,,,,,,,,,,,SATA,512,TLC,,,,,,,,,,,,,,,,,,,2026-10-10 06:01
ssd,宏碁｛Acer RE100 1TB｝/2.5吋/讀557/寫515/TLC【五年保】,Acer RE100 1TB,4390,2.5吋 SATA3 SSD固態硬碟,2024.5,,,,,,,,,,,,,,,,,SATA,1000,TLC,,,,,,,,,,,,,,,,,,,2026-10-10 06:01
ssd,宏碁｛Acer RE100 2TB｝/2.5吋/讀557/寫515/TLC【五年保】,Acer RE100 2TB,8490,2.5吋 SATA3 SSD固態硬碟,2025.5,,,,,,,,,,,,,,,,,SATA,2000,TLC,,,,,,,,,,,,,,,,,,,2026-10-10 06:01
ssd,美光 Micron Crucial｛BX500 240G｝/2.5吋讀540/寫500/TLC【三年保】,BX500 240G,1709,2.5吋 SATA3 SSD固態硬碟,2026.5,,,,,,,,,,,,,,,,,SATA,240,TLC,,,,,,,,,,,,,,,,,,,2026-10-10 06:01
ssd,美光 Micron Crucial｛BX500 1TB｝/2.5吋/讀540/寫500/TLC【三年保】限組裝~,BX500 1TB,4500,2.5吋 SATA3 SSD固態硬碟,2028.5,,,,,,,,,,,,,,,,,SATA,1000,TLC,,,,,,,,,,,,,,,,,,,2026-10-10 06:01
ssd,美光 Micron Crucial｛BX500 4TB｝/2.5吋/讀540/寫500M/TLC【三年保】,BX500 4TB,14700,2.5吋 SATA3 SSD固態硬碟,2030.5,,,,,,,,,,,,,,,,,SATA,4000,TLC,,,,,,,,,,,,,,,,,,,2026-10-10 06:01
ssd,WD Blue｛SA510 500GB｝(藍標)/2.5吋/讀560/寫530/3D TLC顆粒【五年保】,SA510 500GB,4200,2.5吋 SATA3 SSD固態硬碟,2031.5,,,,,,,,,,,,,,,,,SATA,500,TLC,,,,,,,,,,,,,,,,,,,2026-10-10 06:01
ssd,WD Blue｛SA510 1TB｝(藍標)/2.5吋/讀560/寫520/3D TLC顆粒【五年保】,SA510 1TB,7400,2.5吋 SATA3 SSD固態硬碟,2032.5,,,,,,,,,,,,,,,,,SATA,1000,TLC,,,,,,,,,,,,,,,,,,,2026-10-10 06:01
ssd,WD Blue｛SA510 4TB｝(藍標)/2.5吋/讀560/寫520/3D TLC顆粒【五年保】,SA510 4TB,27800,2.5吋 SATA3 SSD固態硬碟,2033.5,,,,,,,,,,,,,,,,,SATA,4000,TLC,,,,,,,,,,,,,,,,,,,2026-10-10 06:01
ssd,三星 Samsung｛870 EVO 500G｝/2.5吋/讀560/寫530/TLC【五年保】,870 EVO 500G,7499,2.5吋 SATA3 SSD固態硬碟,2034.5,,,,,,,,,,,,,,,,,SATA,500,TLC,,,,,,,,,,,,,,,,,,,2026-10-10 06:01
ssd,三星 Samsung｛870 EVO 1TB｝/2.5吋/讀560/寫530/TLC【五年保】,870 EVO 1TB,9999,2.5吋 SATA3 SSD固態硬碟,2035.5,,,,,,,,,,,,,,,,,SATA,1000,TLC,,,,,,,,,,,,,,,,,,,2026-10-10 06:01
ssd,三星 Samsung｛870 EVO 2TB｝/2.5吋/讀560/寫530/TLC【五年保】,870 EVO 2TB,22999,2.5吋 SATA3 SSD固態硬碟,2036.5,,,,,,,,,,,,,,,,,SATA,2000,TLC,,,,,,,,,,,,,,,,,,,2026-10-10 06:01
ssd,三星 Samsung｛870 EVO 4TB｝/2.5吋/讀560/寫530/TLC【五年保】,870 EVO 4TB,45999,2.5吋 SATA3 SSD固態硬碟,2037.5,,,,,,,,,,,,,,,,,SATA,4000,TLC,,,,,,,,,,,,,,,,,,,2026-10-10 06:01
ssd,三星 Samsung｛870 EVO 8TB｝/2.5吋/讀560/寫530/TLC【五年保】,870 EVO 8TB,116999,2.5吋 SATA3 SSD固態硬碟,2038.5,,,,,,,,,,,,,,,,,SATA,8000,TLC,,,,,,,,,,,,,,,,,,,2026-10-10 06:01
ssd,三星 Samsung｛870 QVO 8TB｝/2.5吋/讀:560/寫:530/QLC【三年保】,870 QVO 8TB,56999,2.5吋 SATA3 SSD固態硬碟,2040.5,,,,,,,,,,,,,,,,,SATA,8000,QLC,,,,,,,,,,,,,,,,,,,2026-10-10 06:01
ssd,鎧俠｛KIOXIA EXCERIA G3 1TB｝PCIe 5.0 讀10000/寫8900/QLC【五年保】,KIOXIA EXCERIA G3 1TB,6450,M.2 PCIe 5.0 (Gen5) SSD固態硬碟,2042.5,,,,,,,,,,,,,,,,,Gen5,1000,QLC,,,,,,,,,,,,,,,,,,,2026-10-10 06:01
ssd,鎧俠｛KIOXIA EXCERIA G3 2TB｝PCIe 5.0 讀10000/寫9600/QLC【五年保】,KIOXIA EXCERIA G3 2TB,11900,M.2 PCIe 5.0 (Gen5) SSD固態硬碟,2043.5,,,,,,,,,,,,,,,,,Gen5,2000,QLC,,,,,,,,,,,,,,,,,,,2026-10-10 06:01
ssd,鎧俠｛KIOXIA EXCERIA PLUS G4 2TB｝GEN5 PCIe 5.0 讀10000/寫8200/TLC【五年保】,KIOXIA EXCERIA PLUS G4 2TB,9300,M.2 PCIe 5.0 (Gen5) SSD固態硬碟,2045.5,,,,,,,,,,,,,,,,,Gen5,2000,TLC,,,,,,,,,,,,,,,,,,,2026-10-10 06:01
ssd,鎧俠｛KIOXIA EXCERIA PRO G2 1TB｝GEN5 PCIe 5.0 讀14400/寫12700/QLC【五年保】,KIOXIA EXCERIA PRO G2 1TB,11300,M.2 PCIe 5.0 (Gen5) SSD固態硬碟,0.2046,,,,,,,,,,,,,,,,,Gen5,1000,QLC,,,,,,,,,,,,,,,,,,,2026-10-10 06:01
ssd,鎧俠｛KIOXIA EXCERIA PRO G2 2TB｝GEN5 PCIe 5.0 讀14900/寫13400/QLC【五年保】,KIOXIA EXCERIA PRO G2 2TB,19800,M.2 PCIe 5.0 (Gen5) SSD固態硬碟,0.2047,,,,,,,,,,,,,,,,,Gen5,2000,QLC,,,,,,,,,,,,,,,,,,,2026-10-10 06:01
ssd,威剛｛XPG MARS 980Blade 1TB｝/Gen5/讀14000/寫10000/SM2508台積電6nm製程-五年,XPG MARS 980Blade 1TB,7299,M.2 PCIe 5.0 (Gen5) SSD固態硬碟,2049.5,,,,,,,,,,,,,,,,,Gen5,1000,,,,,,,,,,,,,,,,,,,,2026-10-10 06:01
ssd,威剛｛XPG MARS 980Blade 2TB｝/Gen5/讀14000/寫13000/SM2508台積電6nm製程-五年,XPG MARS 980Blade 2TB,12999,M.2 PCIe 5.0 (Gen5) SSD固態硬碟,2050.5,,,,,,,,,,,,,,,,,Gen5,2000,,,,,,,,,,,,,,,,,,,,2026-10-10 06:01
ssd,威剛｛XPG MARS 980Blade 4TB｝/Gen5/讀14000/寫13000/SM2508台積電6nm製程-五年,XPG MARS 980Blade 4TB,23999,M.2 PCIe 5.0 (Gen5) SSD固態硬碟,2051.5,,,,,,,,,,,,,,,,,Gen5,4000,,,,,,,,,,,,,,,,,,,,2026-10-10 06:01
ssd,｛Biwin 佰維 X570 1TB｝/Gen5/讀14000M/寫7300M/TLC 單面設計 【五年保】,Biwin 佰維 X570 1TB,5999,M.2 PCIe 5.0 (Gen5) SSD固態硬碟,2053.5,,,,,,,,,,,,,,,,,Gen5,1000,TLC,,,,,,,,,,,,,,,,,,,2026-10-10 06:01
ssd,｛Biwin 佰維 X570 2TB｝/Gen5/讀14500M/寫10000M/TLC 單面設計 【五年保】,Biwin 佰維 X570 2TB,11399,M.2 PCIe 5.0 (Gen5) SSD固態硬碟,2054.5,,,,,,,,,,,,,,,,,Gen5,2000,TLC,,,,,,,,,,,,,,,,,,,2026-10-10 06:01
ssd,｛Biwin 佰維 X570 4TB｝/Gen5/讀14500M/寫11000M/TLC 單面設計 【五年保】,Biwin 佰維 X570 4TB,19999,M.2 PCIe 5.0 (Gen5) SSD固態硬碟,2055.5,,,,,,,,,,,,,,,,,Gen5,4000,TLC,,,,,,,,,,,,,,,,,,,2026-10-10 06:01
ssd,｛Biwin 佰維X570 PRO 1TB｝/Gen5/讀14000M/寫10500M/TLC/SMI/TSMC 6nm/DRAM-五年,Biwin 佰維X570 PRO 1TB,7199,M.2 PCIe 5.0 (Gen5) SSD固態硬碟,2056.5,,,,,,,,,,,,,,,,,Gen5,1000,TLC,,,,,,,,,,,,,,,,,,,2026-10-10 06:01
ssd,｛Biwin 佰維X570 PRO 2TB｝/Gen5/讀14000M/寫13000M/TLC/SMI/TSMC 6nm/DRAM-五年,Biwin 佰維X570 PRO 2TB,12599,M.2 PCIe 5.0 (Gen5) SSD固態硬碟,2057.5,,,,,,,,,,,,,,,,,Gen5,2000,TLC,,,,,,,,,,,,,,,,,,,2026-10-10 06:01
ssd,宏碁｛Acer Predator GM9 1TB｝/Gen5/讀14000/寫7300/TLC 單面設計 【五年保】,Acer Predator GM9 1TB,6999,M.2 PCIe 5.0 (Gen5) SSD固態硬碟,2058.5,,,,,,,,,,,,,,,,,Gen5,1000,TLC,,,,,,,,,,,,,,,,,,,2026-10-10 06:01
ssd,宏碁｛Acer Predator GM9 2TB｝/Gen5/讀14500M/寫10000/TLC 單面設計 【五年保】,Acer Predator GM9 2TB,11699,M.2 PCIe 5.0 (Gen5) SSD固態硬碟,2059.5,,,,,,,,,,,,,,,,,Gen5,2000,TLC,,,,,,,,,,,,,,,,,,,2026-10-10 06:01
ssd,宏碁｛Acer Predator GM9000 1TB｝/Gen5/讀14000/寫10500/TLC/SMI/TSMC 6nm【五年】,Acer Predator GM9000 1TB,7699,M.2 PCIe 5.0 (Gen5) SSD固態硬碟,2061.5,,,,,,,,,,,,,,,,,Gen5,1000,TLC,,,,,,,,,,,,,,,,,,,2026-10-10 06:01
ssd,｛金士頓 FURY Renegade G5 1TB｝/讀14200/寫11000/TLC/DRAM快取【五年保】,金士頓 FURY Renegade G5 1TB,13000,M.2 PCIe 5.0 (Gen5) SSD固態硬碟,2071.5,,,,,,,,,,,,,,,,,Gen5,1000,TLC,,,,,,,,,,,,,,,,,,,2026-10-10 06:01
ssd,｛金士頓 FURY Renegade G5 2TB｝/讀14700/寫14000/TLC/DRAM快取【五年保】,金士頓 FURY Renegade G5 2TB,18800,M.2 PCIe 5.0 (Gen5) SSD固態硬碟,2072.5,,,,,,,,,,,,,,,,,Gen5,2000,TLC,,,,,,,,,,,,,,,,,,,2026-10-10 06:01
ssd,｛金士頓 FURY Renegade G5 4TB｝/讀14800/寫14000/TLC/DRAM快取【五年保】,金士頓 FURY Renegade G5 4TB,33800,M.2 PCIe 5.0 (Gen5) SSD固態硬碟,2073.5,,,,,,,,,,,,,,,,,Gen5,4000,TLC,,,,,,,,,,,,,,,,,,,2026-10-10 06:01
ssd,｛致態 ZhiTai TiPlus 9100 1TB｝/Gen5/PCIe 5.0/讀12000/寫10700/TLC【五年保】~送飲料提袋~,致態 ZhiTai TiPlus 9100 1TB,6099,M.2 PCIe 5.0 (Gen5) SSD固態硬碟,2075.5,,,,,,,,,,,,,,,,,Gen5,1000,TLC,,,,,,,,,,,,,,,,,,,2026-10-10 06:01
ssd,｛致態 ZhiTai TiPlus 9100 2TB｝/Gen5/PCIe 5.0/讀12000/寫10700/TLC【五年保】~送飲料提袋~,致態 ZhiTai TiPlus 9100 2TB,9699,M.2 PCIe 5.0 (Gen5) SSD固態硬碟,2076.5,,,,,,,,,,,,,,,,,Gen5,2000,TLC,,,,,,,,,,,,,,,,,,,2026-10-10 06:01
ssd,｛致態 ZhiTai TiPlus 9100 4TB｝/Gen5/PCIe 5.0/讀12000/寫10700/TLC【五年保】~送飲料提袋~,致態 ZhiTai TiPlus 9100 4TB,18599,M.2 PCIe 5.0 (Gen5) SSD固態硬碟,2077.5,,,,,,,,,,,,,,,,,Gen5,4000,TLC,,,,,,,,,,,,,,,,,,,2026-10-10 06:01
ssd,｛致態ZhiTai TiPro9000 1TB｝/Gen5/讀14000/寫12500/DRAM/TLC/可拆式散熱片~送飲料提袋~,致態ZhiTai TiPro9000 1TB,6699,M.2 PCIe 5.0 (Gen5) SSD固態硬碟,2078.5,,,,,,,,,,,,,,,,,Gen5,1000,TLC,,,,,,,,,,,,,,,,,,,2026-10-10 06:01
ssd,｛致態ZhiTai TiPro9000 2TB｝/Gen5/讀14000/寫12500/DRAM/TLC/可拆式散熱片~送飲料提袋~,致態ZhiTai TiPro9000 2TB,12599,M.2 PCIe 5.0 (Gen5) SSD固態硬碟,2079.5,,,,,,,,,,,,,,,,,Gen5,2000,TLC,,,,,,,,,,,,,,,,,,,2026-10-10 06:01
ssd,｛致態ZhiTai TiPro9000 4TB｝/Gen5/讀14000/寫12500/DRAM/TLC/可拆式散熱片~送飲料提袋~,致態ZhiTai TiPro9000 4TB,20999,M.2 PCIe 5.0 (Gen5) SSD固態硬碟,2080.5,,,,,,,,,,,,,,,,,Gen5,4000,TLC,,,,,,,,,,,,,,,,,,,2026-10-10 06:01
ssd,｛WD 黑標 SN8100 2TB/Gen5 PCIe 5.0/讀14900/寫14000/TLC【五年保】,｛WD 黑標 SN8100 2TB/Gen5 PCIe 5.0/讀14900/寫14000/TLC【五年保】,20500,M.2 PCIe 5.0 (Gen5) SSD固態硬碟,2082.5,,,,,,,,,,,,,,,,,Gen5,2000,TLC,,,,,,,,,,,,,,,,,,,2026-10-10 06:01
ssd,美光 Micron Crucial｛P510 2TB｝Gen5 PCIe 5.0 讀11000/寫9500/TLC【五年保】,P510 2TB,9500,M.2 PCIe 5.0 (Gen5) SSD固態硬碟,2084.5,,,,,,,,,,,,,,,,,Gen5,2000,TLC,,,,,,,,,,,,,,,,,,,2026-10-10 06:01
ssd,美光 Micron Crucial｛P510 1TB｝含散熱片 Gen5 PCIe 5.0 讀11000/寫9500/TLC【五年保】,P510 1TB,6179,M.2 PCIe 5.0 (Gen5) SSD固態硬碟,2085.5,,,,,,,,,,,,,,,,,Gen5,1000,TLC,,,,,,,,,,,,,,,,,,,2026-10-10 06:01
ssd,美光 Micron Crucial｛P510 2TB｝含散熱片 Gen5 PCIe 5.0 讀11000/寫9500/TLC【五年保】,P510 2TB,10369,M.2 PCIe 5.0 (Gen5) SSD固態硬碟,2086.5,,,,,,,,,,,,,,,,,Gen5,2000,TLC,,,,,,,,,,,,,,,,,,,2026-10-10 06:01
ssd,美光 Micron Crucial｛T705 2TB｝Gen5 PCIe 5.0 讀14500/寫12700/TLC【五年保】,T705 2TB,11700,M.2 PCIe 5.0 (Gen5) SSD固態硬碟,2091.5,,,,,,,,,,,,,,,,,Gen5,2000,TLC,,,,,,,,,,,,,,,,,,,2026-10-10 06:01
ssd,美光 Micron Crucial｛T705 4TB｝Gen5 PCIe 5.0 讀14100/寫12600/TLC【五年保】,T705 4TB,21300,M.2 PCIe 5.0 (Gen5) SSD固態硬碟,2092.5,,,,,,,,,,,,,,,,,Gen5,4000,TLC,,,,,,,,,,,,,,,,,,,2026-10-10 06:01
ssd,美光 Micron Crucial｛T705 1TB｝含散熱片 Gen5 PCIe 5.0 讀13000/寫10200/TLC【五年保】,T705 1TB,6750,M.2 PCIe 5.0 (Gen5) SSD固態硬碟,2093.5,,,,,,,,,,,,,,,,,Gen5,1000,TLC,,,,,,,,,,,,,,,,,,,2026-10-10 06:01
ssd,美光 Micron Crucial｛T705 2TB｝含散熱片 Gen5 PCIe 5.0 讀14500/寫12700/TLC【五年保】,T705 2TB,11700,M.2 PCIe 5.0 (Gen5) SSD固態硬碟,2094.5,,,,,,,,,,,,,,,,,Gen5,2000,TLC,,,,,,,,,,,,,,,,,,,2026-10-10 06:01
ssd,美光 Micron Crucial｛T705 4TB｝含散熱片 Gen5 PCIe 5.0 讀14100/寫12600/TLC【五年保】,T705 4TB,21300,M.2 PCIe 5.0 (Gen5) SSD固態硬碟,2095.5,,,,,,,,,,,,,,,,,Gen5,4000,TLC,,,,,,,,,,,,,,,,,,,2026-10-10 06:01
ssd,美光 Micron Crucial｛T710 1TB｝Gen5 PCIe 5.0 讀14900/寫13700/TLC【五年保】,T710 1TB,7800,M.2 PCIe 5.0 (Gen5) SSD固態硬碟,2096.5,,,,,,,,,,,,,,,,,Gen5,1000,TLC,,,,,,,,,,,,,,,,,,,2026-10-10 06:01
ssd,美光 Micron Crucial｛T710 4TB｝Gen5 PCIe 5.0 讀14500/寫13800/TLC【五年保】,T710 4TB,22200,M.2 PCIe 5.0 (Gen5) SSD固態硬碟,2098.5,,,,,,,,,,,,,,,,,Gen5,4000,TLC,,,,,,,,,,,,,,,,,,,2026-10-10 06:01
ssd,美光 Micron Crucial｛T710 1TB｝含散熱片 Gen5 PCIe 5.0 讀14900/寫13700/TLC【五年】,T710 1TB,7800,M.2 PCIe 5.0 (Gen5) SSD固態硬碟,2099.5,,,,,,,,,,,,,,,,,Gen5,1000,TLC,,,,,,,,,,,,,,,,,,,2026-10-10 06:01
ssd,美光 Micron Crucial｛T710 2TB｝含散熱片 Gen5 PCIe 5.0 讀14500/寫13800/TLC【五年】,T710 2TB,12700,M.2 PCIe 5.0 (Gen5) SSD固態硬碟,2100.5,,,,,,,,,,,,,,,,,Gen5,2000,TLC,,,,,,,,,,,,,,,,,,,2026-10-10 06:01
ssd,美光 Micron Crucial｛T710 4TB｝含散熱片 Gen5 PCIe 5.0 讀14500/寫13800/TLC【五年保】,T710 4TB,22200,M.2 PCIe 5.0 (Gen5) SSD固態硬碟,2101.5,,,,,,,,,,,,,,,,,Gen5,4000,TLC,,,,,,,,,,,,,,,,,,,2026-10-10 06:01
ssd,十銓 T-Force GC PRO(石墨烯)4TB/Gen5 讀12500M/寫11000/DRAM快取【五年保】,十銓 T-Force GC PRO(石墨烯)4TB/Gen5 讀12500M/寫11000/DRAM快取【五年保】,17880,M.2 PCIe 5.0 (Gen5) SSD固態硬碟,2104.5,,,,,,,,,,,,,,,,,Gen5,4000,,,,,,,,,,,,,,,,,,,,2026-10-10 06:01
ssd,微星｛SPATIUM M560 1TB｝/Gen5/讀10200/寫8400/TLC【五年保】,SPATIUM M560 1TB,8390,M.2 PCIe 5.0 (Gen5) SSD固態硬碟,2107.5,,,,,,,,,,,,,,,,,Gen5,1000,TLC,,,,,,,,,,,,,,,,,,,2026-10-10 06:01
ssd,微星｛SPATIUM M560 2TB｝/Gen5/讀10300/寫8700/TLC【五年保】,SPATIUM M560 2TB,13200,M.2 PCIe 5.0 (Gen5) SSD固態硬碟,2108.5,,,,,,,,,,,,,,,,,Gen5,2000,TLC,,,,,,,,,,,,,,,,,,,2026-10-10 06:01
ssd,三星 Samsung｛9100 PRO 1TB｝/PCIe 5.0 x4/讀14700/寫13300/TLC【五年保】,9100 PRO 1TB,9999,M.2 PCIe 5.0 (Gen5) SSD固態硬碟,2111.5,,,,,,,,,,,,,,,,,Gen5,1000,TLC,,,,,,,,,,,,,,,,,,,2026-10-10 06:01
ssd,三星 Samsung｛9100 PRO 2TB｝/PCIe 5.0 x4/讀14700/寫13400/TLC【五年保】,9100 PRO 2TB,19999,M.2 PCIe 5.0 (Gen5) SSD固態硬碟,2112.5,,,,,,,,,,,,,,,,,Gen5,2000,TLC,,,,,,,,,,,,,,,,,,,2026-10-10 06:01
ssd,三星 Samsung｛9100 PRO 4TB｝/PCIe 5.0 x4/讀14800/寫13400/TLC【五年保】,9100 PRO 4TB,34999,M.2 PCIe 5.0 (Gen5) SSD固態硬碟,2113.5,,,,,,,,,,,,,,,,,Gen5,4000,TLC,,,,,,,,,,,,,,,,,,,2026-10-10 06:01
ssd,三星 Samsung｛9100 PRO 8TB｝/PCIe 5.0 x4/讀14800/寫13400/TLC【五年保】,9100 PRO 8TB,79999,M.2 PCIe 5.0 (Gen5) SSD固態硬碟,2114.5,,,,,,,,,,,,,,,,,Gen5,8000,TLC,,,,,,,,,,,,,,,,,,,2026-10-10 06:01
ssd,三星 Samsung｛9100 PRO 1TB｝含散熱片/PCIe 5.0 x4/讀14700/寫13300/TLC【五年保】~限整機~,9100 PRO 1TB,10499,M.2 PCIe 5.0 (Gen5) SSD固態硬碟,2115.5,,,,,,,,,,,,,,,,,Gen5,1000,TLC,,,,,,,,,,,,,,,,,,,2026-10-10 06:01
ssd,三星 Samsung｛9100 PRO 2TB｝含散熱片/PCIe 5.0 x4/讀14700/寫13400/TLC【五年保】,9100 PRO 2TB,21499,M.2 PCIe 5.0 (Gen5) SSD固態硬碟,2116.5,,,,,,,,,,,,,,,,,Gen5,2000,TLC,,,,,,,,,,,,,,,,,,,2026-10-10 06:01
ssd,三星 Samsung｛9100 PRO 4TB｝含散熱片/PCIe 5.0 x4/讀14800/寫13400/TLC【五年保】,9100 PRO 4TB,28599,M.2 PCIe 5.0 (Gen5) SSD固態硬碟,2117.5,,,,,,,,,,,,,,,,,Gen5,4000,TLC,,,,,,,,,,,,,,,,,,,2026-10-10 06:01
ssd,三星 Samsung｛9100 PRO 8TB｝含散熱片/PCIe 5.0 x4/讀14800/寫13400/TLC【五年保】,9100 PRO 8TB,80599,M.2 PCIe 5.0 (Gen5) SSD固態硬碟,2118.5,,,,,,,,,,,,,,,,,Gen5,8000,TLC,,,,,,,,,,,,,,,,,,,2026-10-10 06:01
ssd,鎧俠｛KIOXIA EXCERIA PLUS G3 2TB｝PCIe 4.0 讀5000/寫3900/TLC【五年保】,KIOXIA EXCERIA PLUS G3 2TB,9999,M.2 PCIe 4.0 (Gen4) SSD固態硬碟,2121.5,,,,,,,,,,,,,,,,,Gen4,2000,TLC,,,,,,,,,,,,,,,,,,,2026-10-10 06:01
ssd,鎧俠｛KIOXIA EXCERIA BASIC 1TB｝PCIe 4.0 讀7200/寫6600/QLC【五年保】,KIOXIA EXCERIA BASIC 1TB,6100,M.2 PCIe 4.0 (Gen4) SSD固態硬碟,2122.5,,,,,,,,,,,,,,,,,Gen4,1000,QLC,,,,,,,,,,,,,,,,,,,2026-10-10 06:01
ssd,鎧俠｛KIOXIA EXCERIA BASIC 2TB｝PCIe 4.0 讀7300/寫6800/QLC【五年保】,KIOXIA EXCERIA BASIC 2TB,9300,M.2 PCIe 4.0 (Gen4) SSD固態硬碟,2123.5,,,,,,,,,,,,,,,,,Gen4,2000,QLC,,,,,,,,,,,,,,,,,,,2026-10-10 06:01
ssd,威剛｛ADATA LEGEND 860 500GB｝/Gen4/讀5000/寫3000(單面設計)【五年保】,ADATA LEGEND 860 500GB,3199,M.2 PCIe 4.0 (Gen4) SSD固態硬碟,2128.5,,,,,,,,,,,,,,,,,Gen4,500,,,,,,,,,,,,,,,,,,,,2026-10-10 06:01
ssd,威剛｛ADATA LEGEND 860 1TB｝/Gen4/讀6000/寫4000(單面設計)【五年保】,ADATA LEGEND 860 1TB,5299,M.2 PCIe 4.0 (Gen4) SSD固態硬碟,2129.5,,,,,,,,,,,,,,,,,Gen4,1000,,,,,,,,,,,,,,,,,,,,2026-10-10 06:01
ssd,威剛｛ADATA LEGEND 860 2TB｝/Gen4/讀6000/寫:5000(單面設計)【五年保】,ADATA LEGEND 860 2TB,9299,M.2 PCIe 4.0 (Gen4) SSD固態硬碟,2130.5,,,,,,,,,,,,,,,,,Gen4,2000,,,,,,,,,,,,,,,,,,,,2026-10-10 06:01
ssd,威剛｛ADATA LEGEND 900 512GB｝/Gen4/讀6200/寫2300(單面設計)贈散熱片【五年保】,ADATA LEGEND 900 512GB,3299,M.2 PCIe 4.0 (Gen4) SSD固態硬碟,2131.5,,,,,,,,,,,,,,,,,Gen4,512,,,,,,,,,,,,,,,,,,,,2026-10-10 06:01
ssd,威剛｛ADATA LEGEND 900 1TB｝/Gen4/讀7000/寫4700(單面設計)贈散熱片【五年保】,ADATA LEGEND 900 1TB,5399,M.2 PCIe 4.0 (Gen4) SSD固態硬碟,2132.5,,,,,,,,,,,,,,,,,Gen4,1000,,,,,,,,,,,,,,,,,,,,2026-10-10 06:01
ssd,威剛｛ADATA LEGEND 900 2TB｝/Gen4/讀7000/寫5400(單面設計)贈散熱片【五年保】,ADATA LEGEND 900 2TB,9549,M.2 PCIe 4.0 (Gen4) SSD固態硬碟,2133.5,,,,,,,,,,,,,,,,,Gen4,2000,,,,,,,,,,,,,,,,,,,,2026-10-10 06:01
ssd,威剛｛XPG S70 BLADE 512G｝/Gen4/讀7200/寫2600/ DRAM快取/贈散熱片【五年保】,XPG S70 BLADE 512G,3999,M.2 PCIe 4.0 (Gen4) SSD固態硬碟,2134.5,,,,,,,,,,,,,,,,,Gen4,512,,,,,,,,,,,,,,,,,,,,2026-10-10 06:01
ssd,威剛｛XPG S70 BLADE 1T｝/Gen4/讀7400/寫5500/ DRAM快取/贈散熱片【五年保】,XPG S70 BLADE 1T,6099,M.2 PCIe 4.0 (Gen4) SSD固態硬碟,2135.5,,,,,,,,,,,,,,,,,Gen4,1000,,,,,,,,,,,,,,,,,,,,2026-10-10 06:01
ssd,威剛｛XPG S70 BLADE 2T｝/Gen4/讀7400/寫6400/ DRAM快取/贈散熱片【五年保】,XPG S70 BLADE 2T,11199,M.2 PCIe 4.0 (Gen4) SSD固態硬碟,2136.5,,,,,,,,,,,,,,,,,Gen4,2000,,,,,,,,,,,,,,,,,,,,2026-10-10 06:01
ssd,宏碁｛Acer FA200 2TB｝/Gen4 /讀7200/寫6200/QLC顆粒【五年保】,Acer FA200 2TB,9299,M.2 PCIe 4.0 (Gen4) SSD固態硬碟,2138.5,,,,,,,,,,,,,,,,,Gen4,2000,QLC,,,,,,,,,,,,,,,,,,,2026-10-10 06:01
ssd,宏碁｛Acer FA200 4TB｝/Gen4 /讀7100/6100/QLC顆粒【五年保】,Acer FA200 4TB,17999,M.2 PCIe 4.0 (Gen4) SSD固態硬碟,2139.5,,,,,,,,,,,,,,,,,Gen4,4000,QLC,,,,,,,,,,,,,,,,,,,2026-10-10 06:01
ssd,宏碁｛Acer Predator GM7 512GB｝/Gen4/讀7200/寫3800/TLC/(單面設計)【五年保】,Acer Predator GM7 512GB,3199,M.2 PCIe 4.0 (Gen4) SSD固態硬碟,2140.5,,,,,,,,,,,,,,,,,Gen4,512,TLC,,,,,,,,,,,,,,,,,,,2026-10-10 06:01
ssd,宏碁｛Acer Predator GM7 1TB｝/Gen4/讀7200/寫6300/TLC/(單面設計)【五年保】,Acer Predator GM7 1TB,5599,M.2 PCIe 4.0 (Gen4) SSD固態硬碟,2141.5,,,,,,,,,,,,,,,,,Gen4,1000,TLC,,,,,,,,,,,,,,,,,,,2026-10-10 06:01
ssd,宏碁｛Acer Predator GM7 2TB｝/Gen4/讀7200/寫6300/TLC/(單面設計)【五年保】,Acer Predator GM7 2TB,11099,M.2 PCIe 4.0 (Gen4) SSD固態硬碟,2142.5,,,,,,,,,,,,,,,,,Gen4,2000,TLC,,,,,,,,,,,,,,,,,,,2026-10-10 06:01
ssd,宏碁｛Acer Predator GM7 4TB｝/Gen4/讀7400/寫6500/TLC/(單面設計)【五年保】,Acer Predator GM7 4TB,18799,M.2 PCIe 4.0 (Gen4) SSD固態硬碟,2143.5,,,,,,,,,,,,,,,,,Gen4,4000,TLC,,,,,,,,,,,,,,,,,,,2026-10-10 06:01
ssd,宏碁｛Acer Predator GM7000 2TB｝/Gen4/讀7400/寫6700/DRAM/美光顆粒【五年保】,Acer Predator GM7000 2TB,10690,M.2 PCIe 4.0 (Gen4) SSD固態硬碟,2145.5,,,,,,,,,,,,,,,,,Gen4,2000,,,,,,,,,,,,,,,,,,,,2026-10-10 06:01
ssd,｛Biwin 佰維 M350 4TB｝/Gen4/讀6000/寫5000/石墨烯散熱片 【五年保】,Biwin 佰維 M350 4TB,14990,M.2 PCIe 4.0 (Gen4) SSD固態硬碟,2149.5,,,,,,,,,,,,,,,,,Gen4,4000,,,,,,,,,,,,,,,,,,,,2026-10-10 06:01
ssd,｛Biwin 佰維 NV7400 1TB｝/Gen4/讀7400/寫6500/TLC 單面設計 【五年保】,Biwin 佰維 NV7400 1TB,5399,M.2 PCIe 4.0 (Gen4) SSD固態硬碟,2150.5,,,,,,,,,,,,,,,,,Gen4,1000,TLC,,,,,,,,,,,,,,,,,,,2026-10-10 06:01
ssd,｛Biwin 佰維 NV7400 2TB｝/Gen4/讀7450/寫6500/TLC 單面設計 【五年保】,Biwin 佰維 NV7400 2TB,10899,M.2 PCIe 4.0 (Gen4) SSD固態硬碟,2151.5,,,,,,,,,,,,,,,,,Gen4,2000,TLC,,,,,,,,,,,,,,,,,,,2026-10-10 06:01
ssd,｛Biwin 佰維 NV7400 4TB｝/Gen4/讀7400/寫6500MTLC 單面設計 【五年保】,Biwin 佰維 NV7400 4TB,18299,M.2 PCIe 4.0 (Gen4) SSD固態硬碟,2152.5,,,,,,,,,,,,,,,,,Gen4,4000,TLC,,,,,,,,,,,,,,,,,,,2026-10-10 06:01
ssd,｛致態小翼e7 500GB｝/Gen4/PCIe 4.0/讀5500/寫4000/QLC【五年保】~送飲料提袋~,致態小翼e7 500GB,2799,M.2 PCIe 4.0 (Gen4) SSD固態硬碟,2160.5,,,,,,,,,,,,,,,,,Gen4,500,QLC,,,,,,,,,,,,,,,,,,,2026-10-10 06:01
ssd,｛致態小翼e7 1TB｝/Gen4/PCIe 4.0/讀6000/寫5500/QLC【五年保】~送飲料提袋~,致態小翼e7 1TB,4799,M.2 PCIe 4.0 (Gen4) SSD固態硬碟,2161.5,,,,,,,,,,,,,,,,,Gen4,1000,QLC,,,,,,,,,,,,,,,,,,,2026-10-10 06:01
ssd,｛致態 ZhiTai Ti600 500G｝/Gen4/PCIe 4.0/讀6000/寫3000/QLC【五年保】~送飲料提袋~,致態 ZhiTai Ti600 500G,2999,M.2 PCIe 4.0 (Gen4) SSD固態硬碟,2163.5,,,,,,,,,,,,,,,,,Gen4,500,QLC,,,,,,,,,,,,,,,,,,,2026-10-10 06:01
ssd,｛致態 ZhiTai Ti600 1TB｝/Gen4/PCIe 4.0/讀7000/寫6000/QLC【五年保】~送飲料提袋~,致態 ZhiTai Ti600 1TB,4999,M.2 PCIe 4.0 (Gen4) SSD固態硬碟,2164.5,,,,,,,,,,,,,,,,,Gen4,1000,QLC,,,,,,,,,,,,,,,,,,,2026-10-10 06:01
ssd,｛致態 ZhiTai Ti600 2TB｝/Gen4/PCIe 4.0/讀7000/寫6000/QLC【五年保】~送飲料提袋~,致態 ZhiTai Ti600 2TB,7999,M.2 PCIe 4.0 (Gen4) SSD固態硬碟,2165.5,,,,,,,,,,,,,,,,,Gen4,2000,QLC,,,,,,,,,,,,,,,,,,,2026-10-10 06:01
ssd,｛致態 ZhiTai Ti600 4TB｝/Gen4/PCIe 4.0/讀7000/寫6000/QLC【五年保】~送飲料提袋~,致態 ZhiTai Ti600 4TB,14999,M.2 PCIe 4.0 (Gen4) SSD固態硬碟,2166.5,,,,,,,,,,,,,,,,,Gen4,4000,QLC,,,,,,,,,,,,,,,,,,,2026-10-10 06:01
ssd,｛致態 ZhiTai Ti600s 1024G｝/Gen4/PCIe 4.0/讀7400/寫6600/QLC【五年保】~送飲料提袋~,致態 ZhiTai Ti600s 1024G,5299,M.2 PCIe 4.0 (Gen4) SSD固態硬碟,,,,,,,,,,,,,,,,,,Gen4,1024,QLC,,,,,,,,,,,,,,,,,,,2026-10-10 06:01
ssd,｛致態 ZhiTai Ti600s 2048G｝/Gen4/PCIe 4.0/讀7400/寫6800/QLC【五年保】~送飲料提袋~,致態 ZhiTai Ti600s 2048G,8499,M.2 PCIe 4.0 (Gen4) SSD固態硬碟,,,,,,,,,,,,,,,,,,Gen4,2048,QLC,,,,,,,,,,,,,,,,,,,2026-10-10 06:01
ssd,｛致態 ZhiTai Ti600s 4096G｝/Gen4/PCIe 4.0/讀7400/寫6900/QLC【五年保】~送飲料提袋~,致態 ZhiTai Ti600s 4096G,15999,M.2 PCIe 4.0 (Gen4) SSD固態硬碟,,,,,,,,,,,,,,,,,,Gen4,4096,QLC,,,,,,,,,,,,,,,,,,,2026-10-10 06:01
ssd,｛致態 ZhiTai TiPlus7100s 1TB｝/Gen4/PCIe 4.0/讀7400/寫6900/TLC【五年保】~送手機掛繩~,致態 ZhiTai TiPlus7100s 1TB,5399,M.2 PCIe 4.0 (Gen4) SSD固態硬碟,2170.5,,,,,,,,,,,,,,,,,Gen4,1000,TLC,,,,,,,,,,,,,,,,,,,2026-10-10 06:01
ssd,｛致態 ZhiTai TiPlus7100s 2TB｝/Gen4/PCIe 4.0/讀7400/寫6900/TLC【五年保】~送手機掛繩~,致態 ZhiTai TiPlus7100s 2TB,9399,M.2 PCIe 4.0 (Gen4) SSD固態硬碟,2171.5,,,,,,,,,,,,,,,,,Gen4,2000,TLC,,,,,,,,,,,,,,,,,,,2026-10-10 06:01
ssd,｛致態 ZhiTai TiPlus7100s 4TB｝/Gen4/PCIe 4.0/讀7400/寫6900/TLC【五年保】~送手機掛繩~,致態 ZhiTai TiPlus7100s 4TB,17999,M.2 PCIe 4.0 (Gen4) SSD固態硬碟,2172.5,,,,,,,,,,,,,,,,,Gen4,4000,TLC,,,,,,,,,,,,,,,,,,,2026-10-10 06:01
ssd,｛KLEVV CRAS C930 2TB｝/Gen4 PCIe 4.0/讀7400/寫6800 DRAM快取鰭狀鋁散熱片【五年】,KLEVV CRAS C930 2TB,11088,M.2 PCIe 4.0 (Gen4) SSD固態硬碟,2177.5,,,,,,,,,,,,,,,,,Gen4,2000,,,,,,,,,,,,,,,,,,,,2026-10-10 06:01
ssd,MSI 微星｛M470PRO 1TB｝/Gen4/讀6000/寫4500/QLC顆粒【五年保】,M470PRO 1TB,7590,M.2 PCIe 4.0 (Gen4) SSD固態硬碟,2188.5,,,,,,,,,,,,,,,,,Gen4,1000,QLC,,,,,,,,,,,,,,,,,,,2026-10-10 06:01
ssd,MSI 微星｛M470PRO 2TB｝/Gen4/讀6000/寫5000/QLC顆粒,M470PRO 2TB,11690,M.2 PCIe 4.0 (Gen4) SSD固態硬碟,2189.5,,,,,,,,,,,,,,,,,Gen4,2000,QLC,,,,,,,,,,,,,,,,,,,2026-10-10 06:01
ssd,MSI 微星｛M480PRO 1TB｝/Gen4/讀7400M寫6000/3D TLC顆粒/DRAM快取【五年保】,M480PRO 1TB,8190,M.2 PCIe 4.0 (Gen4) SSD固態硬碟,2190.5,,,,,,,,,,,,,,,,,Gen4,1000,TLC,,,,,,,,,,,,,,,,,,,2026-10-10 06:01
ssd,MSI 微星｛M480PRO 2TB｝/Gen4/讀7400/寫7000/3D TLC顆粒/DRAM快取【五年保】,M480PRO 2TB,12490,M.2 PCIe 4.0 (Gen4) SSD固態硬碟,2191.5,,,,,,,,,,,,,,,,,Gen4,2000,TLC,,,,,,,,,,,,,,,,,,,2026-10-10 06:01
ssd,MSI 微星｛M480PRO 4TB｝/Gen4/讀7400/寫7000/3D TLC顆粒/DRAM快取【五年保】,M480PRO 4TB,23690,M.2 PCIe 4.0 (Gen4) SSD固態硬碟,2192.5,,,,,,,,,,,,,,,,,Gen4,4000,TLC,,,,,,,,,,,,,,,,,,,2026-10-10 06:01
ssd,WD 藍標｛SN5100 500GB｝/Gen4 PCIe 4.0/讀7100/寫6700/QLC【五年保】,SN5100 500GB,3700,M.2 PCIe 4.0 (Gen4) SSD固態硬碟,2194.5,,,,,,,,,,,,,,,,,Gen4,500,QLC,,,,,,,,,,,,,,,,,,,2026-10-10 06:01
ssd,WD 藍標｛SN5100 1TB｝/Gen4 PCIe 4.0/讀7100/寫6700/QLC【五年保】,SN5100 1TB,6780,M.2 PCIe 4.0 (Gen4) SSD固態硬碟,2195.5,,,,,,,,,,,,,,,,,Gen4,1000,QLC,,,,,,,,,,,,,,,,,,,2026-10-10 06:01
ssd,WD 藍標｛SN5100 1TB｝/Gen4 PCIe 4.0/讀7100/寫6700/QLC【五年保】~組裝價~,SN5100 1TB,4990,M.2 PCIe 4.0 (Gen4) SSD固態硬碟,2196.5,,,,,,,,,,,,,,,,,Gen4,1000,QLC,,,,,,,,,,,,,,,,,,,2026-10-10 06:01
ssd,WD 黑標｛SN850X 1TB｝/Gen4 PCIe 4.0/讀7300/寫6300/TLC/電競級【五年保】,SN850X 1TB,9600,M.2 PCIe 4.0 (Gen4) SSD固態硬碟,2197.5,,,,,,,,,,,,,,,,,Gen4,1000,TLC,,,,,,,,,,,,,,,,,,,2026-10-10 06:01
ssd,WD 黑標｛SN850X 2TB｝/Gen4 PCIe 4.0/讀7300/寫6600/TLC/電競級【五年保】,SN850X 2TB,19100,M.2 PCIe 4.0 (Gen4) SSD固態硬碟,2198.5,,,,,,,,,,,,,,,,,Gen4,2000,TLC,,,,,,,,,,,,,,,,,,,2026-10-10 06:01
ssd,WD 黑標｛SN850X 2TB｝/含散熱片/Gen4 PCIe 4.0/讀7300/寫6600/TLC【五年保】,SN850X 2TB,19700,M.2 PCIe 4.0 (Gen4) SSD固態硬碟,2200.5,,,,,,,,,,,,,,,,,Gen4,2000,TLC,,,,,,,,,,,,,,,,,,,2026-10-10 06:01
ssd,｛金士頓 NV3 500G｝/Gen4 PCIe 4.0/讀5000/寫3000【五年保】,金士頓 NV3 500G,3200,M.2 PCIe 4.0 (Gen4) SSD固態硬碟,2201.5,,,,,,,,,,,,,,,,,Gen4,500,,,,,,,,,,,,,,,,,,,,2026-10-10 06:01
ssd,｛金士頓 NV3 1TB｝/Gen4 PCIe 4.0/讀6000/寫4000【五年保】,金士頓 NV3 1TB,5100,M.2 PCIe 4.0 (Gen4) SSD固態硬碟,2202.5,,,,,,,,,,,,,,,,,Gen4,1000,,,,,,,,,,,,,,,,,,,,2026-10-10 06:01
ssd,｛金士頓 NV3 2TB｝/Gen4 PCIe 4.0/讀6000/寫5000【五年保】,金士頓 NV3 2TB,9390,M.2 PCIe 4.0 (Gen4) SSD固態硬碟,2203.5,,,,,,,,,,,,,,,,,Gen4,2000,,,,,,,,,,,,,,,,,,,,2026-10-10 06:01
ssd,｛金士頓 NV3 4TB｝/Gen4 PCIe 4.0/讀6000/寫5000【五年保】,金士頓 NV3 4TB,18800,M.2 PCIe 4.0 (Gen4) SSD固態硬碟,2205.5,,,,,,,,,,,,,,,,,Gen4,4000,,,,,,,,,,,,,,,,,,,,2026-10-10 06:01
ssd,｛金士頓 NV3 4TB｝/Gen4 PCIe 4.0/讀6000/寫5000【五年保】~組裝價~,金士頓 NV3 4TB,16800,M.2 PCIe 4.0 (Gen4) SSD固態硬碟,2206.5,,,,,,,,,,,,,,,,,Gen4,4000,,,,,,,,,,,,,,,,,,,,2026-10-10 06:01
ssd,｛金士頓 KC3000 512G｝/Gen4 PCIe 4.0/讀7000/寫3900/TLC【五年保】,金士頓 KC3000 512G,4100,M.2 PCIe 4.0 (Gen4) SSD固態硬碟,2207.5,,,,,,,,,,,,,,,,,Gen4,512,TLC,,,,,,,,,,,,,,,,,,,2026-10-10 06:01
ssd,｛金士頓 KC3000 1TB｝/Gen4 PCIe 4.0/讀7000/寫6000/TLC【五年保】,金士頓 KC3000 1TB,6488,M.2 PCIe 4.0 (Gen4) SSD固態硬碟,2208.5,,,,,,,,,,,,,,,,,Gen4,1000,TLC,,,,,,,,,,,,,,,,,,,2026-10-10 06:01
ssd,｛金士頓 KC3000 2TB｝/Gen4 PCIe 4.0/讀7000/寫7000/TLC【五年保】,金士頓 KC3000 2TB,11000,M.2 PCIe 4.0 (Gen4) SSD固態硬碟,2209.5,,,,,,,,,,,,,,,,,Gen4,2000,TLC,,,,,,,,,,,,,,,,,,,2026-10-10 06:01
ssd,｛金士頓 KC3000 4TB｝/Gen4 PCIe 4.0/讀7000/寫7000/TLC【五年保】,金士頓 KC3000 4TB,21600,M.2 PCIe 4.0 (Gen4) SSD固態硬碟,2210.5,,,,,,,,,,,,,,,,,Gen4,4000,TLC,,,,,,,,,,,,,,,,,,,2026-10-10 06:01
ssd,美光 Micron｛E100 2TB｝/Gen4 PCIe 4.0/讀5000/寫4500/QLC【五年保】,E100 2TB,8190,M.2 PCIe 4.0 (Gen4) SSD固態硬碟,2222.5,,,,,,,,,,,,,,,,,Gen4,2000,QLC,,,,,,,,,,,,,,,,,,,2026-10-10 06:01
ssd,美光 Micron Crucial｛T500 1TB｝含散熱片/Gen4/讀7300/寫6800/3D TLC【五年保】,T500 1TB,7229,M.2 PCIe 4.0 (Gen4) SSD固態硬碟,2228.5,,,,,,,,,,,,,,,,,Gen4,1000,TLC,,,,,,,,,,,,,,,,,,,2026-10-10 06:01
ssd,美光 Micron Crucial｛T500 4TB｝含散熱片/Gen4/讀7000/寫6900/3D TLC【五年保】,T500 4TB,21900,M.2 PCIe 4.0 (Gen4) SSD固態硬碟,2230.5,,,,,,,,,,,,,,,,,Gen4,4000,TLC,,,,,,,,,,,,,,,,,,,2026-10-10 06:01
ssd,美光 Micron Crucial｛P310 2TB｝/Gen4 PCIe 4.0/讀7100/寫6000/3D QLC【五年保】,P310 2TB,8500,M.2 PCIe 4.0 (Gen4) SSD固態硬碟,2232.5,,,,,,,,,,,,,,,,,Gen4,2000,QLC,,,,,,,,,,,,,,,,,,,2026-10-10 06:01
ssd,美光 Micron Crucial｛P310 4TB｝/Gen4 PCIe 4.0/讀7100/寫6000/3D QLC【五年保】,P310 4TB,15800,M.2 PCIe 4.0 (Gen4) SSD固態硬碟,2233.5,,,,,,,,,,,,,,,,,Gen4,4000,QLC,,,,,,,,,,,,,,,,,,,2026-10-10 06:01
ssd,美光 Micron Crucial｛P310 2TB｝含散熱片/Gen4/讀7100/寫6000/3D QLC【五年保】,P310 2TB,8550,M.2 PCIe 4.0 (Gen4) SSD固態硬碟,2235.5,,,,,,,,,,,,,,,,,Gen4,2000,QLC,,,,,,,,,,,,,,,,,,,2026-10-10 06:01
ssd,美光 Micron Crucial｛P310 4TB｝含散熱片/Gen4/讀7100/寫6000/3D QLC【五年保】,P310 4TB,15800,M.2 PCIe 4.0 (Gen4) SSD固態硬碟,2236.5,,,,,,,,,,,,,,,,,Gen4,4000,QLC,,,,,,,,,,,,,,,,,,,2026-10-10 06:01
ssd,三星 Samsung｛990 EVO Plus 1TB｝/PCIe 4.0 x4/讀7150/寫6300/TLC【五年保】,990 EVO Plus 1TB,7199,M.2 PCIe 4.0 (Gen4) SSD固態硬碟,2237.5,,,,,,,,,,,,,,,,,Gen4,1000,TLC,,,,,,,,,,,,,,,,,,,2026-10-10 06:01
ssd,三星 Samsung｛990 EVO Plus 2TB｝/PCIe 4.0 x4/讀7250/寫6300/TLC【五年保】,990 EVO Plus 2TB,11999,M.2 PCIe 4.0 (Gen4) SSD固態硬碟,2238.5,,,,,,,,,,,,,,,,,Gen4,2000,TLC,,,,,,,,,,,,,,,,,,,2026-10-10 06:01
ssd,三星 Samsung｛990 EVO Plus 4TB｝/PCIe 4.0 x4/讀7250/寫6300/TLC【五年保】,990 EVO Plus 4TB,20999,M.2 PCIe 4.0 (Gen4) SSD固態硬碟,2239.5,,,,,,,,,,,,,,,,,Gen4,4000,TLC,,,,,,,,,,,,,,,,,,,2026-10-10 06:01
ssd,三星 Samsung｛990 PRO 1TB｝/Gen4 PCIe 4.0/讀7450/寫6900/TLC【五年保】,990 PRO 1TB,9659,M.2 PCIe 4.0 (Gen4) SSD固態硬碟,2240.5,,,,,,,,,,,,,,,,,Gen4,1000,TLC,,,,,,,,,,,,,,,,,,,2026-10-10 06:01
ssd,三星 Samsung｛990 PRO 2TB｝/Gen4 PCIe 4.0/讀7450/寫6900/TLC【五年保】,990 PRO 2TB,16999,M.2 PCIe 4.0 (Gen4) SSD固態硬碟,2241.5,,,,,,,,,,,,,,,,,Gen4,2000,TLC,,,,,,,,,,,,,,,,,,,2026-10-10 06:01
ssd,三星 Samsung｛990 PRO 4TB｝/Gen4 PCIe 4.0/讀7450/寫6900/TLC【五年保】,990 PRO 4TB,27999,M.2 PCIe 4.0 (Gen4) SSD固態硬碟,2242.5,,,,,,,,,,,,,,,,,Gen4,4000,TLC,,,,,,,,,,,,,,,,,,,2026-10-10 06:01
ssd,三星 Samsung｛990 PRO 1TB｝含散熱片/Gen4/讀7450/寫6900/TLC【五年保】,990 PRO 1TB,9899,M.2 PCIe 4.0 (Gen4) SSD固態硬碟,2243.5,,,,,,,,,,,,,,,,,Gen4,1000,TLC,,,,,,,,,,,,,,,,,,,2026-10-10 06:01
ssd,三星 Samsung｛990 PRO 4TB｝含散熱片/Gen4/讀7450/寫6900/TLC【五年保】,990 PRO 4TB,24999,M.2 PCIe 4.0 (Gen4) SSD固態硬碟,2245.5,,,,,,,,,,,,,,,,,Gen4,4000,TLC,,,,,,,,,,,,,,,,,,,2026-10-10 06:01
ssd,威剛｛ADATA LEGEND 710 512G｝/Gen3/讀2400/寫1000/QLC/贈散熱片【三年保】,ADATA LEGEND 710 512G,2999,M.2 PCIe 3.0 (Gen3) SSD固態硬碟,2248.5,,,,,,,,,,,,,,,,,Gen3,512,QLC,,,,,,,,,,,,,,,,,,,2026-10-10 06:01
ssd,Biwin 佰維｛NV3500 512G｝(石墨烯散熱片/Gen3/讀3500/寫2500/TLC【五年保】,NV3500 512G,2699,M.2 PCIe 3.0 (Gen3) SSD固態硬碟,2249.5,,,,,,,,,,,,,,,,,Gen3,512,TLC,,,,,,,,,,,,,,,,,,,2026-10-10 06:01
ssd,Biwin 佰維｛NV3500 1TB｝(石墨烯散熱片/Gen3/讀3500/寫2500/TLC【五年保】,NV3500 1TB,4499,M.2 PCIe 3.0 (Gen3) SSD固態硬碟,2250.5,,,,,,,,,,,,,,,,,Gen3,1000,TLC,,,,,,,,,,,,,,,,,,,2026-10-10 06:01
hdd,Toshiba 2TB (128M/5400轉/3年保)｛DT02ABA200｝裝機版,DT02ABA200,5890,3.5吋 SATA3 傳統碟,2264.5,,,,,,,,,,,,,,,,,,2000,,,,,,,,,,,,,,,,,,,,2026-10-10 06:01
hdd,Toshiba 2TB (128M/5400轉/3年保)｛DT02ABA200｝裝機版【限搭機】,DT02ABA200,4990,3.5吋 SATA3 傳統碟,2265.5,,,,,,,,,,,,,,,,,,2000,,,,,,,,,,,,,,,,,,,,2026-10-10 06:01
hdd,Toshiba 2TB【P300系列】(256M/7200轉/3年保)｛HDWD320UZSVA｝【限搭機】,HDWD320UZSVA,5790,3.5吋 SATA3 傳統碟,2266.5,,,,,,,,,,,,,,,,,,2000,,,,,,,,,,,,,,,,,,,,2026-10-10 06:01
hdd,Toshiba 4TB【P300系列】(128M/5400轉/3年保)｛HDWD240UZSVA｝,HDWD240UZSVA,6890,3.5吋 SATA3 傳統碟,2267.5,,,,,,,,,,,,,,,,,,4000,,,,,,,,,,,,,,,,,,,,2026-10-10 06:01
hdd,Toshiba 4TB【X300系列】(512M/7200轉/3年保)｛HDWR740UZSVA｝【限搭機】,HDWR740UZSVA,8890,3.5吋 SATA3 傳統碟,2268.5,,,,,,,,,,,,,,,,,,4000,,,,,,,,,,,,,,,,,,,,2026-10-10 06:01
hdd,Toshiba 6TB【X300系列】(512M/7200轉/3年保)｛HDWR760UZSVA｝【限搭機】,HDWR760UZSVA,10990,3.5吋 SATA3 傳統碟,2269,,,,,,,,,,,,,,,,,,6000,,,,,,,,,,,,,,,,,,,,2026-10-10 06:01
hdd,Seagate 2TB【新梭魚】(256M/7200轉/3年保)｛ST2000DM008｝【限搭機】,ST2000DM008,5550,3.5吋 SATA3 傳統碟,2271.5,,,,,,,,,,,,,,,,,,2000,,,,,,,,,,,,,,,,,,,,2026-10-10 06:01
hdd,Seagate 4TB【新梭魚】(256M/5400轉/3年保)｛ST4000DM004｝【限搭機】,ST4000DM004,6750,3.5吋 SATA3 傳統碟,2272.5,,,,,,,,,,,,,,,,,,4000,,,,,,,,,,,,,,,,,,,,2026-10-10 06:01
hdd,Seagate 8TB【新梭魚】(256M/5400轉/3年保)｛ST8000DM004｝【限搭機】,ST8000DM004,10890,3.5吋 SATA3 傳統碟,2273.5,,,,,,,,,,,,,,,,,,8000,,,,,,,,,,,,,,,,,,,,2026-10-10 06:01
hdd,Seagate 16TB【新梭魚】(512M/7200轉/2年保)｛ST16000DM001｝【限搭機】,ST16000DM001,18890,3.5吋 SATA3 傳統碟,2274,,,,,,,,,,,,,,,,,,16000,,,,,,,,,,,,,,,,,,,,2026-10-10 06:01
hdd,Seagate 20TB【新梭魚】(512M/7200轉/2年保)｛ST20000DM001｝【限搭機】,ST20000DM001,23390,3.5吋 SATA3 傳統碟,2275,,,,,,,,,,,,,,,,,,20000,,,,,,,,,,,,,,,,,,,,2026-10-10 06:01
hdd,WD 1TB【藍標】(64M/5400轉/3年保)｛WD10EARZ｝【限搭機】,WD10EARZ,4890,3.5吋 SATA3 傳統碟,2277.5,,,,,,,,,,,,,,,,,,1000,,,,,,,,,,,,,,,,,,,,2026-10-10 06:01
hdd,WD 2TB【藍標】(256M/7200轉/3年保)｛WD20EZBX｝【限搭機】,WD20EZBX,5890,3.5吋 SATA3 傳統碟,2278.5,,,,,,,,,,,,,,,,,,2000,,,,,,,,,,,,,,,,,,,,2026-10-10 06:01
hdd,WD 3TB【藍標】(128M/5400轉/3年保)｛WD30EZZX｝,WD30EZZX,6390,3.5吋 SATA3 傳統碟,2279.5,,,,,,,,,,,,,,,,,,3000,,,,,,,,,,,,,,,,,,,,2026-10-10 06:01
hdd,WD 4TB【藍標】(128M/5400轉/3年保)｛WD40EZZX｝【限搭機】,WD40EZZX,6890,3.5吋 SATA3 傳統碟,2280.5,,,,,,,,,,,,,,,,,,4000,,,,,,,,,,,,,,,,,,,,2026-10-10 06:01
hdd,WD 6TB【藍標】(256M/5400轉/3年保)｛WD60EZAX｝【限搭機】,WD60EZAX,9090,3.5吋 SATA3 傳統碟,2281.5,,,,,,,,,,,,,,,,,,6000,,,,,,,,,,,,,,,,,,,,2026-10-10 06:01
hdd,WD 8TB【藍標】(256M/5640轉/3年保)｛WD80EAAZ｝【限搭機】,WD80EAAZ,11890,3.5吋 SATA3 傳統碟,2282.5,,,,,,,,,,,,,,,,,,8000,,,,,,,,,,,,,,,,,,,,2026-10-10 06:01
hdd,WD 10TB【藍標】(512M/7200轉/3年保)｛WD100EAGZ｝【限搭機】,WD100EAGZ,14890,3.5吋 SATA3 傳統碟,2283.5,,,,,,,,,,,,,,,,,,10000,,,,,,,,,,,,,,,,,,,,2026-10-10 06:01
cooler,｛ID-COOLING IS-40X 散熱器｝下吹式/4導管/高4.5/全黑化/TDP:100W【WXZ】,ID-COOLING IS-40X 散熱器,790,ID-COOLING 散熱器【2年保固】,2666.5,,,,,,,,,,,,,,,,,,,,,,,,,,,,,,,,,黑,4.5,AM4/AM5/LGA1200/LGA1700/LGA1851,100,True,2026-10-10 06:01
cooler,｛ID-COOLING IS-50X 散熱器｝下吹式/5導管/高5.5/全黑化/TDP:105W【WXZ】,ID-COOLING IS-50X 散熱器,890,ID-COOLING 散熱器【2年保固】,2667.5,,,,,,,,,,,,,,,,,,,,,,,,,,,,,,,,,黑,5.5,AM4/AM5/LGA1200/LGA1700/LGA1851,105,True,2026-10-10 06:01
cooler,｛ID-COOLING FROZN A410 DK 黑化版｝4導管/雙風扇/高15.2/TDP:230W【WXZ】,ID-COOLING FROZN A410 DK 黑化版,790,ID-COOLING 散熱器【2年保固】,2668.5,,,,,,,,,,,,,,,,,,,,,,,,,,,,,,,,,黑,15.2,AM4/AM5/LGA1200/LGA1700/LGA1851,230,False,2026-10-10 06:01
cooler,｛ID-COOLING FROZN A410 DW 白化版｝4導管/雙風扇/高15.2/TDP:230W【WXZ】,ID-COOLING FROZN A410 DW 白化版,790,ID-COOLING 散熱器【2年保固】,2669.5,,,,,,,,,,,,,,,,,,,,,,,,,,,,,,,,,白,15.2,AM4/AM5/LGA1200/LGA1700/LGA1851,230,False,2026-10-10 06:01
cooler,｛ID-COOLING FROZN A620 PRO SE｝6導管/雙塔雙扇/高15.7/TDP:260W【WXZ】,ID-COOLING FROZN A620 PRO SE,1090,ID-COOLING 散熱器【2年保固】,2670.5,,,,,,,,,,,,,,,,,,,,,,,,,,,,,,,,,黑,15.7,AM4/AM5/LGA1200/LGA1700/LGA1851,260,False,2026-10-10 06:01
cooler,｛ID-COOLING FROZN A620 PRO SE ARGB 黑｝6導管/雙塔雙扇/高15.7【WXZ】,ID-COOLING FROZN A620 PRO SE ARGB 黑,1290,ID-COOLING 散熱器【2年保固】,2671.5,,,,,,,,,,,,,,,,,,,,,,,,,,,,,,,,,黑,15.7,AM4/AM5/LGA1200/LGA1700/LGA1851,270,False,2026-10-10 06:01
cooler,｛ID-COOLING FROZN A620 PRO SE ARGB 白｝6導管/雙塔雙扇/高15.7【WXZ】,ID-COOLING FROZN A620 PRO SE ARGB 白,1290,ID-COOLING 散熱器【2年保固】,2672.5,,,,,,,,,,,,,,,,,,,,,,,,,,,,,,,,,白,15.7,AM4/AM5/LGA1200/LGA1700/LGA1851,270,False,2026-10-10 06:01
cooler,｛ID-COOLING FROZN A610 ARGB 黑｝6導管/高15.5/全黑化/偏移不干涉【WXZ】,ID-COOLING FROZN A610 ARGB 黑,1290,ID-COOLING 散熱器【2年保固】,2673.5,,,,,,,,,,,,,,,,,,,,,,,,,,,,,,,,,黑,15.5,AM4/AM5/LGA1200/LGA1700/LGA1851,240,False,2026-10-10 06:01
cooler,｛ID-COOLING FROZN A610 ARGB 白｝6導管/高15.5/白化版/偏移不干涉【WXZ】,ID-COOLING FROZN A610 ARGB 白,1290,ID-COOLING 散熱器【2年保固】,2674.5,,,,,,,,,,,,,,,,,,,,,,,,,,,,,,,,,白,15.5,AM4/AM5/LGA1200/LGA1700/LGA1851,240,False,2026-10-10 06:01
cooler,｛利民 AXP90-X47 下吹式｝4導管(6mm)/高4.7cm/AGHP 逆重力導管【WXZ】,利民 AXP90-X47 下吹式,950,利民 Thermalright(索摩樂) 散熱器,2677.5,,,,,,,,,,,,,,,,,,,,,,,,,,,,,,,,,黑,4.7,AM4/AM5/LGA1200/LGA1700/LGA1851,100,True,2026-10-10 06:01
cooler,｛利民 AXP90-X47 白化版 下吹式｝4導管(6mm)/高4.7cm/AGHP 逆重力導管【WXZ】,利民 AXP90-X47 白化版 下吹式,1050,利民 Thermalright(索摩樂) 散熱器,2678.5,,,,,,,,,,,,,,,,,,,,,,,,,,,,,,,,,白,4.7,AM4/AM5/LGA1200/LGA1700/LGA1851,100,True,2026-10-10 06:01
cooler,｛利民 AXP120-X67 下吹式｝6導管(6mm)/TL-C12015薄扇/高6.7cm【WXZ】,利民 AXP120-X67 下吹式,1390,利民 Thermalright(索摩樂) 散熱器,2679.5,,,,,,,,,,,,,,,,,,,,,,,,,,,,,,,,,黑,6.7,AM4/AM5/LGA1200/LGA1700/LGA1851,100,True,2026-10-10 06:01
cooler,｛利民 SI-100 下吹式｝6導管(6mm)/TL-E12風扇/高10cm/AGHP 逆重力導管【WXZ】,利民 SI-100 下吹式,1190,利民 Thermalright(索摩樂) 散熱器,2680.5,,,,,,,,,,,,,,,,,,,,,,,,,,,,,,,,,黑,10.0,AM4/AM5/LGA1200/LGA1700/LGA1851,100,True,2026-10-10 06:01
cooler,｛利民 Assassin King 120 SE｝5導管(6mm)/高14.8cm/AGHP 逆重力導管【WXZ】,利民 Assassin King 120 SE,690,利民 Thermalright(索摩樂) 散熱器,2681.5,,,,,,,,,,,,,,,,,,,,,,,,,,,,,,,,,黑,14.8,AM4/AM5/LGA1200/LGA1700/LGA1851,225,False,2026-10-10 06:01
cooler,｛利民 Assassin Spirit 120 V2 Plus 刺靈｝4導管(6mm)/正反向雙扇/高15.4cm【WXZ】,利民 Assassin Spirit 120 V2 Plus 刺靈,790,利民 Thermalright(索摩樂) 散熱器,2682.5,,,,,,,,,,,,,,,,,,,,,,,,,,,,,,,,,黑,15.4,AM4/AM5/LGA1200/LGA1700/LGA1851,210,False,2026-10-10 06:01
cooler,｛利民 Assassin X 120 R Digital 黑｝4導管(6mm)/高15.1cm/溫度監控【WXZ】,利民 Assassin X 120 R Digital 黑,890,利民 Thermalright(索摩樂) 散熱器,2683.5,,,,,,,,,,,,,,,,,,,,,,,,,,,,,,,,,黑,15.1,AM4/AM5/LGA1200/LGA1700/LGA1851,210,False,2026-10-10 06:01
cooler,｛利民 Assassin X 120 R Digital 白｝4導管(6mm)/高15.1cm/溫度監控【WXZ】,利民 Assassin X 120 R Digital 白,890,利民 Thermalright(索摩樂) 散熱器,2684.5,,,,,,,,,,,,,,,,,,,,,,,,,,,,,,,,,白,15.1,AM4/AM5/LGA1200/LGA1700/LGA1851,210,False,2026-10-10 06:01
cooler,｛利民 Burst Assassin 120｝6導管(6mm)/高15.4cm【WXZ】,利民 Burst Assassin 120,990,利民 Thermalright(索摩樂) 散熱器,2685.5,,,,,,,,,,,,,,,,,,,,,,,,,,,,,,,,,黑,15.4,AM4/AM5/LGA1200/LGA1700/LGA1851,240,False,2026-10-10 06:01
cooler,｛利民 Burst Assassin 120 ARGB｝6導管(6mm)/高15.4cm【WXZ】,利民 Burst Assassin 120 ARGB,1050,利民 Thermalright(索摩樂) 散熱器,2686.5,,,,,,,,,,,,,,,,,,,,,,,,,,,,,,,,,黑,15.4,AM4/AM5/LGA1200/LGA1700/LGA1851,240,False,2026-10-10 06:01
cooler,｛利民 Royal Knight 120｝6導管(6mm)/雙塔雙扇/高15.6cm/偏移不干涉【WXZ】,利民 Royal Knight 120,1390,利民 Thermalright(索摩樂) 散熱器,2687.5,,,,,,,,,,,,,,,,,,,,,,,,,,,,,,,,,黑,15.6,AM4/AM5/LGA1200/LGA1700/LGA1851,270,False,2026-10-10 06:01
cooler,｛利民 Peerless Assassin 120 MINI 黑化版｝6導管/雙塔單扇/高13.5cm【WXZ】,利民 Peerless Assassin 120 MINI 黑化版,1250,利民 Thermalright(索摩樂) 散熱器,2688.5,,,,,,,,,,,,,,,,,,,,,,,,,,,,,,,,,黑,13.5,AM4/AM5/LGA1200/LGA1700/LGA1851,270,False,2026-10-10 06:01
cooler,｛利民 Peerless Assassin 120 MINI 白化版｝6導管/雙塔單扇/高13.5cm【WXZ】,利民 Peerless Assassin 120 MINI 白化版,1250,利民 Thermalright(索摩樂) 散熱器,2689.5,,,,,,,,,,,,,,,,,,,,,,,,,,,,,,,,,白,13.5,AM4/AM5/LGA1200/LGA1700/LGA1851,270,False,2026-10-10 06:01
cooler,｛利民 Peerless Assassin 120 V3 黑｝6導管(6mm)/雙塔雙扇/高15.7cm【WXZ】,利民 Peerless Assassin 120 V3 黑,1190,利民 Thermalright(索摩樂) 散熱器,2690.5,,,,,,,,,,,,,,,,,,,,,,,,,,,,,,,,,黑,15.7,AM4/AM5/LGA1200/LGA1700/LGA1851,270,False,2026-10-10 06:01
cooler,｛利民 Peerless Assassin 120 V3 白｝6導管(6mm)/雙塔雙扇/高15.7cm【WXZ】,利民 Peerless Assassin 120 V3 白,1190,利民 Thermalright(索摩樂) 散熱器,2691.5,,,,,,,,,,,,,,,,,,,,,,,,,,,,,,,,,白,15.7,AM4/AM5/LGA1200/LGA1700/LGA1851,270,False,2026-10-10 06:01
cooler,｛利民 Peerless Assassin 120 SE ARGB 白化版｝6導管/雙塔雙扇/高15.5cm【WXZ】,利民 Peerless Assassin 120 SE ARGB 白化版,1490,利民 Thermalright(索摩樂) 散熱器,2692.5,,,,,,,,,,,,,,,,,,,,,,,,,,,,,,,,,白,15.5,AM4/AM5/LGA1200/LGA1700/LGA1851,270,False,2026-10-10 06:01
cooler,｛利民 Peerless Assassin 120 Digital ARGB 黑｝6管/雙塔雙扇/高16.2/數位監控【WXZ】,利民 Peerless Assassin 120 Digital ARGB 黑,1690,利民 Thermalright(索摩樂) 散熱器,2693.5,,,,,,,,,,,,,,,,,,,,,,,,,,,,,,,,,黑,16.2,AM4/AM5/LGA1200/LGA1700/LGA1851,270,False,2026-10-10 06:01
cooler,｛利民 Peerless Assassin 120 Digital ARGB 白｝6管/雙塔雙扇/高16.2/數位監控【WXZ】,利民 Peerless Assassin 120 Digital ARGB 白,1690,利民 Thermalright(索摩樂) 散熱器,2694.5,,,,,,,,,,,,,,,,,,,,,,,,,,,,,,,,,白,16.2,AM4/AM5/LGA1200/LGA1700/LGA1851,270,False,2026-10-10 06:01
cooler,｛利民 Peerless Assassin 120 Vision Max ARGB 黑｝6管/雙塔/高16.4/5吋液晶【WXZ】,利民 Peerless Assassin 120 Vision Max ARGB 黑,2590,利民 Thermalright(索摩樂) 散熱器,2695.5,,,,,,,,,,,,,,,,,,,,,,,,,,,,,,,,,黑,16.4,AM4/AM5/LGA1200/LGA1700/LGA1851,270,False,2026-10-10 06:01
cooler,｛利民 Peerless Assassin 120 Vision Max ARGB 白｝6管/雙塔/高16.4/5吋液晶【WXZ】,利民 Peerless Assassin 120 Vision Max ARGB 白,2590,利民 Thermalright(索摩樂) 散熱器,2696.5,,,,,,,,,,,,,,,,,,,,,,,,,,,,,,,,,白,16.4,AM4/AM5/LGA1200/LGA1700/LGA1851,270,False,2026-10-10 06:01
cooler,｛利民 Peerless Assassin 140 黑化版｝6導管(6mm)/雙塔12+14雙扇/高15.8cm【WXZ】,利民 Peerless Assassin 140 黑化版,1600,利民 Thermalright(索摩樂) 散熱器,2697.5,,,,,,,,,,,,,,,,,,,,,,,,,,,,,,,,,黑,15.8,AM4/AM5/LGA1200/LGA1700/LGA1851,270,False,2026-10-10 06:01
cooler,｛利民 Peerless Assassin 140 白化版｝6導管(6mm)/雙塔12+14雙扇/高15.8cm【WXZ】,利民 Peerless Assassin 140 白化版,1600,利民 Thermalright(索摩樂) 散熱器,2698.5,,,,,,,,,,,,,,,,,,,,,,,,,,,,,,,,,白,15.8,AM4/AM5/LGA1200/LGA1700/LGA1851,270,False,2026-10-10 06:01
cooler,｛利民 Phantom Spirit 120｝7導管(6mm)/雙塔雙扇/高15.7cm/陽極黑上蓋【WXZ】,利民 Phantom Spirit 120,1490,利民 Thermalright(索摩樂) 散熱器,2699.5,,,,,,,,,,,,,,,,,,,,,,,,,,,,,,,,,黑,15.7,AM4/AM5/LGA1200/LGA1700/LGA1851,285,False,2026-10-10 06:01
cooler,｛利民 Phantom Spirit 120 EVO｝7導管(6mm)/雙塔雙扇(ARGB)/高15.7/全黑化【WXZ】,利民 Phantom Spirit 120 EVO,1890,利民 Thermalright(索摩樂) 散熱器,2700.5,,,,,,,,,,,,,,,,,,,,,,,,,,,,,,,,,黑,15.7,AM4/AM5/LGA1200/LGA1700/LGA1851,285,False,2026-10-10 06:01
cooler,｛利民 Frost Commander 140｝5導管(8mm)/雙塔12+14雙扇/高16cm【WXZ】,利民 Frost Commander 140,1990,利民 Thermalright(索摩樂) 散熱器,2701.5,,,,,,,,,,,,,,,,,,,,,,,,,,,,,,,,,黑,16.0,AM4/AM5/LGA1200/LGA1700/LGA1851,255,False,2026-10-10 06:01
cooler,｛利民 Frost Commander 140 黑化版｝5導管(8mm)/雙塔12+14雙扇/高16cm【WXZ】,利民 Frost Commander 140 黑化版,2190,利民 Thermalright(索摩樂) 散熱器,2702.5,,,,,,,,,,,,,,,,,,,,,,,,,,,,,,,,,黑,16.0,AM4/AM5/LGA1200/LGA1700/LGA1851,255,False,2026-10-10 06:01
cooler,｛利民 Frost Commander 140 白化版｝5導管(8mm)/雙塔12+14雙扇/高16cm【WXZ】,利民 Frost Commander 140 白化版,2290,利民 Thermalright(索摩樂) 散熱器,2703.5,,,,,,,,,,,,,,,,,,,,,,,,,,,,,,,,,白,16.0,AM4/AM5/LGA1200/LGA1700/LGA1851,255,False,2026-10-10 06:01
cooler,｛九州風神 AG400｝4導管(6mm)/高15cm【WXZ】,九州風神 AG400,590,DEEPCOOL 九州風神【3年保固】,2706.5,,,,,,,,,,,,,,,,,,,,,,,,,,,,,,,,,黑,15.0,AM4/AM5/LGA1200/LGA1700/LGA1851,210,False,2026-10-10 06:01
cooler,｛九州風神 AG400 PLUS｝4導管(6mm)/雙風扇/高15cm/TDP:220W【WXZ】,九州風神 AG400 PLUS,790,DEEPCOOL 九州風神【3年保固】,2707.5,,,,,,,,,,,,,,,,,,,,,,,,,,,,,,,,,黑,15.0,AM4/AM5/LGA1200/LGA1700/LGA1851,220,False,2026-10-10 06:01
cooler,｛九州風神 AG400 ARGB｝4導管(6mm)/高15cm/TDP:220W【WXZ】,九州風神 AG400 ARGB,690,DEEPCOOL 九州風神【3年保固】,2708.5,,,,,,,,,,,,,,,,,,,,,,,,,,,,,,,,,黑,15.0,AM4/AM5/LGA1200/LGA1700/LGA1851,220,False,2026-10-10 06:01
cooler,｛九州風神 AG500｝5導管(6mm)/高15.5cm/TDP:240W【WXZ】,九州風神 AG500,690,DEEPCOOL 九州風神【3年保固】,2709.5,,,,,,,,,,,,,,,,,,,,,,,,,,,,,,,,,黑,15.5,AM4/AM5/LGA1200/LGA1700/LGA1851,240,False,2026-10-10 06:01
cooler,｛九州風神 AG600｝6導管(6mm)/高15cm/偏移不干涉【XZ】,九州風神 AG600,990,DEEPCOOL 九州風神【3年保固】,2710.5,,,,,,,,,,,,,,,,,,,,,,,,,,,,,,,,,黑,15.0,AM4/AM5/LGA1700/LGA1851,240,False,2026-10-10 06:01
cooler,｛九州風神 AG620 G2｝6導管(6mm)/雙塔雙扇/高15.9cm/CCT2.0並管工藝【XZ】,九州風神 AG620 G2,1190,DEEPCOOL 九州風神【3年保固】,2711.5,,,,,,,,,,,,,,,,,,,,,,,,,,,,,,,,,黑,15.9,AM4/AM5/LGA1700/LGA1851,270,False,2026-10-10 06:01
cooler,｛九州風神 AG620 G2 ARGB｝6導管(6mm)/雙塔雙扇/高15.9/CCT2.0並管工藝【XZ】,九州風神 AG620 G2 ARGB,1390,DEEPCOOL 九州風神【3年保固】,2712.5,,,,,,,,,,,,,,,,,,,,,,,,,,,,,,,,,黑,15.9,AM4/AM5/LGA1700/LGA1851,270,False,2026-10-10 06:01
cooler,｛九州風神 AG620 WH ARGB V2 白化版｝6導管(6mm)/雙塔雙扇/高16.1cm【WXZ】,九州風神 AG620 WH ARGB V2 白化版,1490,DEEPCOOL 九州風神【3年保固】,2713.5,,,,,,,,,,,,,,,,,,,,,,,,,,,,,,,,,白,16.1,AM4/AM5/LGA1200/LGA1700/LGA1851,270,False,2026-10-10 06:01
cooler,｛九州風神 AG620 DIGITAL｝6導管/雙塔雙扇/高16.1/溫度顯示/TDP:260W【WXZ】,九州風神 AG620 DIGITAL,1190,DEEPCOOL 九州風神【3年保固】,2714.5,,,,,,,,,,,,,,,,,,,,,,,,,,,,,,,,,黑,16.1,AM4/AM5/LGA1200/LGA1700/LGA1851,260,False,2026-10-10 06:01
cooler,｛九州風神 AK700 DIGITAL NYX｝7導管/高15.7/溫度顯示/智能停轉+反轉設計【WXZ】,九州風神 AK700 DIGITAL NYX,1990,DEEPCOOL 九州風神【3年保固】,2715.5,,,,,,,,,,,,,,,,,,,,,,,,,,,,,,,,,黑,15.7,AM4/AM5/LGA1200/LGA1700/LGA1851,255,False,2026-10-10 06:01
cooler,｛九州風神 AK700 DIGITAL WH 白｝7導管/高15.7/溫度顯示/智能停轉+反轉設計【WXZ】,九州風神 AK700 DIGITAL WH 白,1990,DEEPCOOL 九州風神【3年保固】,2716.5,,,,,,,,,,,,,,,,,,,,,,,,,,,,,,,,,白,15.7,AM4/AM5/LGA1200/LGA1700/LGA1851,255,False,2026-10-10 06:01
cooler,｛九州風神 ASSASSIN IV 阿薩辛4 黑｝7導管/雙塔反葉扇/高16.4cm/不干涉/6年【WXZ】,九州風神 ASSASSIN IV 阿薩辛4 黑,3290,DEEPCOOL 九州風神【3年保固】,2717.5,,,,,,,,,,,,,,,,,,,,,,,,,,,,,,,,,黑,16.4,AM4/AM5/LGA1200/LGA1700/LGA1851,285,False,2026-10-10 06:01
cooler,｛九州風神 ASSASSIN IV 阿薩辛4 白｝7導管/雙塔反葉扇/高16.4cm/不干涉/6年【WXZ】,九州風神 ASSASSIN IV 阿薩辛4 白,3390,DEEPCOOL 九州風神【3年保固】,2718.5,,,,,,,,,,,,,,,,,,,,,,,,,,,,,,,,,白,16.4,AM4/AM5/LGA1200/LGA1700/LGA1851,285,False,2026-10-10 06:01
cooler,｛九州風神 ASSASSIN IV VC VISION｝7導管/雙塔雙扇/均熱底座/高17.2/溫度顯示/不干涉/6年【WXZ】,九州風神 ASSASSIN IV VC VISION,4290,DEEPCOOL 九州風神【3年保固】,2719.5,,,,,,,,,,,,,,,,,,,,,,,,,,,,,,,,,黑,17.2,AM4/AM5/LGA1200/LGA1700/LGA1851,285,False,2026-10-10 06:01
cooler,｛九州風神 ASSASSIN VC ELITE 黑｝7導管/雙塔雙扇/均熱底座/高16.4/不干涉/6年【WXZ】,九州風神 ASSASSIN VC ELITE 黑,3890,DEEPCOOL 九州風神【3年保固】,2720.5,,,,,,,,,,,,,,,,,,,,,,,,,,,,,,,,,黑,16.4,AM4/AM5/LGA1200/LGA1700/LGA1851,285,False,2026-10-10 06:01
cooler,｛九州風神 ASSASSIN VC ELITE WH 白｝7導管/雙塔雙扇/均熱底座/高16.4/不干涉/6年【WXZ】,九州風神 ASSASSIN VC ELITE WH 白,3890,DEEPCOOL 九州風神【3年保固】,2721.5,,,,,,,,,,,,,,,,,,,,,,,,,,,,,,,,,白,16.4,AM4/AM5/LGA1200/LGA1700/LGA1851,285,False,2026-10-10 06:01
cooler,｛銀欣 Hydrogon H90 ARGB｝下吹式散熱器 /4導管/高4.8/3pin(5V)【WXZ】,銀欣 Hydrogon H90 ARGB,1050,銀欣 SILVERSTONE,2729.5,,,,,,,,,,,,,,,,,,,,,,,,,,,,,,,,,黑,4.8,AM4/AM5/LGA1200/LGA1700/LGA1851,100,True,2026-10-10 06:01
cooler,｛銀欣 Argon V140 ARGB 散熱器｝4導管/高16/14cm風扇【WXZ】原價$1290,銀欣 Argon V140 ARGB 散熱器,890,銀欣 SILVERSTONE,2730.5,,,,,,,,,,,,,,,,,,,,,,,,,,,,,,,,,黑,16.0,AM4/AM5/LGA1200/LGA1700/LGA1851,210,False,2026-10-10 06:01
cooler,｛銀欣 Hydrogon D120 ARGB 散熱器｝6導管/雙塔雙扇/高15.3/偏移不干涉【WXZ】,銀欣 Hydrogon D120 ARGB 散熱器,1260,銀欣 SILVERSTONE,2731.5,,,,,,,,,,,,,,,,,,,,,,,,,,,,,,,,,黑,15.3,AM4/AM5/LGA1200/LGA1700/LGA1851,270,False,2026-10-10 06:01
cooler,｛酷碼 I50 LGA1700 下吹式 散熱器｝高度6cm/9.2cm風扇【Z】,酷碼 I50 LGA1700 下吹式 散熱器,349,CoolerMaster 酷碼散熱器,2735.5,,,,,,,,,,,,,,,,,,,,,,,,,,,,,,,,,黑,6.0,LGA1700/LGA1851,100,True,2026-10-10 06:01
cooler,｛酷碼 I70C ARGB LGA1700 下吹式 散熱器｝高度7cm/12cm風扇【Z】,酷碼 I70C ARGB LGA1700 下吹式 散熱器,599,CoolerMaster 酷碼散熱器,2736.5,,,,,,,,,,,,,,,,,,,,,,,,,,,,,,,,,黑,7.0,LGA1700/LGA1851,100,True,2026-10-10 06:01
cooler,｛酷碼 Hyper 411 Nano 散熱器｝黑化版/4導管/高13.6【WXZ】,酷碼 Hyper 411 Nano 散熱器,690,CoolerMaster 酷碼散熱器,2737.5,,,,,,,,,,,,,,,,,,,,,,,,,,,,,,,,,黑,13.6,AM4/AM5/LGA1200/LGA1700/LGA1851,210,False,2026-10-10 06:01
cooler,｛酷碼 Hyper 212 Spectrum V3 散熱器｝4導管/高15.2/ARGB【WXZ】,酷碼 Hyper 212 Spectrum V3 散熱器,590,CoolerMaster 酷碼散熱器,2738.5,,,,,,,,,,,,,,,,,,,,,,,,,,,,,,,,,黑,15.2,AM4/AM5/LGA1200/LGA1700/LGA1851,210,False,2026-10-10 06:01
cooler,｛酷碼 Hyper 212 Flow｝4導管/高15.4/全黑化/直觸式導熱【WXZ】,酷碼 Hyper 212 Flow,590,CoolerMaster 酷碼散熱器,2739.5,,,,,,,,,,,,,,,,,,,,,,,,,,,,,,,,,黑,15.4,AM4/AM5/LGA1200/LGA1700/LGA1851,210,False,2026-10-10 06:01
cooler,｛酷碼 Hyper 212 Flow ARGB｝4導管/高15.4/全黑化/直觸式導熱【WXZ】,酷碼 Hyper 212 Flow ARGB,690,CoolerMaster 酷碼散熱器,2740.5,,,,,,,,,,,,,,,,,,,,,,,,,,,,,,,,,黑,15.4,AM4/AM5/LGA1200/LGA1700/LGA1851,210,False,2026-10-10 06:01
cooler,｛酷碼 Hyper 212 3DHP Black ARGB 散熱器｝全黑化/高15.8/獨家3D熱管技術【WXZ】,酷碼 Hyper 212 3DHP Black ARGB 散熱器,790,CoolerMaster 酷碼散熱器,2742.5,,,,,,,,,,,,,,,,,,,,,,,,,,,,,,,,,黑,15.8,AM4/AM5/LGA1200/LGA1700/LGA1851,210,False,2026-10-10 06:01
cooler,｛酷碼 V4 ALPHA 3DHP Black 散熱器｝全黑化/高16.1/雙風扇/獨家3D熱管技術【WXZ】,酷碼 V4 ALPHA 3DHP Black 散熱器,990,CoolerMaster 酷碼散熱器,2743.5,,,,,,,,,,,,,,,,,,,,,,,,,,,,,,,,,黑,16.1,AM4/AM5/LGA1200/LGA1700/LGA1851,210,False,2026-10-10 06:01
cooler,｛酷碼 Hyper 510 下吹式 散熱器｝5導管/高度6.7/全黑化/12cm薄扇【Z】【WXZ】,酷碼 Hyper 510 下吹式 散熱器,1290,CoolerMaster 酷碼散熱器,2744,,,,,,,,,,,,,,,,,,,,,,,,,,,,,,,,,黑,6.7,LGA1700/LGA1851,100,True,2026-10-10 06:01
cooler,｛酷碼 Hyper 620S 散熱器｝6導管/雙塔雙扇/高15.5/自帶ARGB(可控)【WXZ】,酷碼 Hyper 620S 散熱器,1190,CoolerMaster 酷碼散熱器,2745.5,,,,,,,,,,,,,,,,,,,,,,,,,,,,,,,,,黑,15.5,AM4/AM5/LGA1200/LGA1700/LGA1851,270,False,2026-10-10 06:01
cooler,｛酷碼 Hyper 622 Halo White｝白化版/6導管/雙塔雙扇/高15.7/自帶ARGB(可控)【WXZ】,酷碼 Hyper 622 Halo White,1690,CoolerMaster 酷碼散熱器,2746.5,,,,,,,,,,,,,,,,,,,,,,,,,,,,,,,,,白,15.7,AM4/AM5/LGA1200/LGA1700/LGA1851,270,False,2026-10-10 06:01
cooler,｛酷碼 Hyper 612 APEX 黑 散熱器｝6導管/單塔雙扇/高15.9/偏移不干涉【WXZ】,酷碼 Hyper 612 APEX 黑 散熱器,1690,CoolerMaster 酷碼散熱器,2747.5,,,,,,,,,,,,,,,,,,,,,,,,,,,,,,,,,黑,15.9,AM4/AM5/LGA1200/LGA1700/LGA1851,240,False,2026-10-10 06:01
cooler,｛酷碼 Hyper 612 APEX 白 散熱器｝6導管/單塔雙扇/高15.9/偏移不干涉【WXZ】,酷碼 Hyper 612 APEX 白 散熱器,1690,CoolerMaster 酷碼散熱器,2748.5,,,,,,,,,,,,,,,,,,,,,,,,,,,,,,,,,白,15.9,AM4/AM5/LGA1200/LGA1700/LGA1851,240,False,2026-10-10 06:01
cooler,｛酷碼 V8 Ace 3DHP AMD 散熱器｝6導管/單塔雙扇/高16.7/LCP側滑風扇【X】,酷碼 V8 Ace 3DHP AMD 散熱器,3490,CoolerMaster 酷碼散熱器,2752.5,,,,,,,,,,,,,,,,,,,,,,,,,,,,,,,,,黑,16.7,AM4/AM5,240,False,2026-10-10 06:01
cooler,｛酷碼 V8 Ace 3DHP Intel 散熱器｝6導管/單塔雙扇/高16.7/LCP側滑風扇【WZ】,酷碼 V8 Ace 3DHP Intel 散熱器,3490,CoolerMaster 酷碼散熱器,2753.5,,,,,,,,,,,,,,,,,,,,,,,,,,,,,,,,,黑,16.7,LGA1200/LGA1700/LGA1851,240,False,2026-10-10 06:01
cooler,｛Scythe 手裏劍3(SCSK-3000) 下吹式｝4導管/高3.9/回流焊工藝【WXZ】,Scythe 手裏劍3(SCSK-3000) 下吹式,990,鎌刀 Scythe 散熱器【3年保固】,2756.5,,,,,,,,,,,,,,,,,,,,,,,,,,,,,,,,,黑,3.9,AM4/AM5/LGA1200/LGA1700/LGA1851,100,True,2026-10-10 06:01
cooler,｛Scythe 大手裏劍4(SCBSK-4000) 下吹式｝6導管/高6.7cm/12cm薄扇【WXZ】,Scythe 大手裏劍4(SCBSK-4000) 下吹式,1190,鎌刀 Scythe 散熱器【3年保固】,2757.5,,,,,,,,,,,,,,,,,,,,,,,,,,,,,,,,,黑,6.7,AM4/AM5/LGA1200/LGA1700/LGA1851,100,True,2026-10-10 06:01
cooler,｛Scythe 虎徹3(SCKTT-3000)｝12cm風扇/4導管(6mm)/高15.4cm【WXZ】,Scythe 虎徹3(SCKTT-3000),690,鎌刀 Scythe 散熱器【3年保固】,2758.5,,,,,,,,,,,,,,,,,,,,,,,,,,,,,,,,,黑,15.4,AM4/AM5/LGA1200/LGA1700/LGA1851,210,False,2026-10-10 06:01
cooler,｛Scythe 虎徹4 ARGB(SCKTT-4000AR)｝4導管(6mm)/高15.5cm【WXZ】,Scythe 虎徹4 ARGB(SCKTT-4000AR),1090,鎌刀 Scythe 散熱器【3年保固】,2759.5,,,,,,,,,,,,,,,,,,,,,,,,,,,,,,,,,黑,15.5,AM4/AM5/LGA1200/LGA1700/LGA1851,210,False,2026-10-10 06:01
cooler,｛Scythe 無限6(SCMG-6000)｝6導管(6mm)12cm風扇/高15.4cm/偏移不干涉【WXZ】,Scythe 無限6(SCMG-6000),1090,鎌刀 Scythe 散熱器【3年保固】,2760.5,,,,,,,,,,,,,,,,,,,,,,,,,,,,,,,,,黑,15.4,AM4/AM5/LGA1200/LGA1700/LGA1851,240,False,2026-10-10 06:01
cooler,｛Scythe 無限6 闇黑版(SCMG-6000DBE)｝6導管/單塔雙扇/高15.4cm/偏移不干涉【WXZ】,Scythe 無限6 闇黑版(SCMG-6000DBE),1490,鎌刀 Scythe 散熱器【3年保固】,2761.5,,,,,,,,,,,,,,,,,,,,,,,,,,,,,,,,,黑,15.4,AM4/AM5/LGA1200/LGA1700/LGA1851,240,False,2026-10-10 06:01
cooler,｛Scythe 無限6 雪彩版｝6導管/單塔雙扇/高15.4/白化版/A.RGB扇/偏移不干涉【WXZ】,Scythe 無限6 雪彩版,1590,鎌刀 Scythe 散熱器【3年保固】,2762.5,,,,,,,,,,,,,,,,,,,,,,,,,,,,,,,,,白,15.4,AM4/AM5/LGA1200/LGA1700/LGA1851,240,False,2026-10-10 06:01
cooler,｛Scythe 無限6 TUF 黑｝6導管/單塔雙扇/高15.4/全黑化/A.RGB扇/偏移不干涉【WXZ】,Scythe 無限6 TUF 黑,1690,鎌刀 Scythe 散熱器【3年保固】,2763.5,,,,,,,,,,,,,,,,,,,,,,,,,,,,,,,,,黑,15.4,AM4/AM5/LGA1200/LGA1700/LGA1851,240,False,2026-10-10 06:01
cooler,｛Scythe 無限6 TUF 白｝6導管/單塔雙扇/高15.4/白化版/A.RGB扇/偏移不干涉【WXZ】,Scythe 無限6 TUF 白,1690,鎌刀 Scythe 散熱器【3年保固】,2764.5,,,,,,,,,,,,,,,,,,,,,,,,,,,,,,,,,白,15.4,AM4/AM5/LGA1200/LGA1700/LGA1851,240,False,2026-10-10 06:01
cooler,｛Scythe 風魔3(SCFM-3000)｝6導管(6mm)/雙塔雙扇/高15.4cm/偏移不干涉【WXZ】,Scythe 風魔3(SCFM-3000),1290,鎌刀 Scythe 散熱器【3年保固】,2765.5,,,,,,,,,,,,,,,,,,,,,,,,,,,,,,,,,黑,15.4,AM4/AM5/LGA1200/LGA1700/LGA1851,270,False,2026-10-10 06:01
cooler,｛Scythe 孫六(SCMR-1000)｝6導管(6mm)/雙塔雙扇/高15.5cm【WXZ】,Scythe 孫六(SCMR-1000),1590,鎌刀 Scythe 散熱器【3年保固】,2766.5,,,,,,,,,,,,,,,,,,,,,,,,,,,,,,,,,黑,15.5,AM4/AM5/LGA1200/LGA1700/LGA1851,270,False,2026-10-10 06:01
cooler,｛貓頭鷹 NH-U12A｝7導管/NF-A12X25 PWM風扇*2/高15.8【WXZ】,貓頭鷹 NH-U12A,3885,Noctua 貓頭鷹 散熱器 【6年保固】,2771.5,,,,,,,,,,,,,,,,,,,,,,,,,,,,,,,,,黑,15.8,AM4/AM5/LGA1200/LGA1700/LGA1851,255,False,2026-10-10 06:01
cooler,｛貓頭鷹 NH-U12A chromax.black 黑化版｝7導管/NF-A12X25風扇*2/高15.8【WXZ】,貓頭鷹 NH-U12A chromax.black 黑化版,4185,Noctua 貓頭鷹 散熱器 【6年保固】,2772.5,,,,,,,,,,,,,,,,,,,,,,,,,,,,,,,,,黑,15.8,AM4/AM5/LGA1200/LGA1700/LGA1851,255,False,2026-10-10 06:01
cooler,｛貓頭鷹 NH-U12S｝5導管/NF-F12 PWM風扇/六年保/高15.8【WXZ】,貓頭鷹 NH-U12S,2420,Noctua 貓頭鷹 散熱器 【6年保固】,2773.5,,,,,,,,,,,,,,,,,,,,,,,,,,,,,,,,,黑,15.8,AM4/AM5/LGA1200/LGA1700/LGA1851,225,False,2026-10-10 06:01
cooler,｛貓頭鷹 NH-U12S chromax.black｝黑化版/5導管/NF-F12 PWM/六年保/高15.8【WXZ】,貓頭鷹 NH-U12S chromax.black,2585,Noctua 貓頭鷹 散熱器 【6年保固】,2774.5,,,,,,,,,,,,,,,,,,,,,,,,,,,,,,,,,黑,15.8,AM4/AM5/LGA1200/LGA1700/LGA1851,225,False,2026-10-10 06:01
cooler,｛貓頭鷹 NH-U14S｝6導管/NF-A15 PWM風扇/六年保/高16.5【WXZ】,貓頭鷹 NH-U14S,2650,Noctua 貓頭鷹 散熱器 【6年保固】,2775.5,,,,,,,,,,,,,,,,,,,,,,,,,,,,,,,,,黑,16.5,AM4/AM5/LGA1200/LGA1700/LGA1851,240,False,2026-10-10 06:01
cooler,｛貓頭鷹 NH-D12L｝5導管/NF-A12x25r PWM風扇/雙塔/非對稱式/六年保/高14.5【WXZ】,貓頭鷹 NH-D12L,3355,Noctua 貓頭鷹 散熱器 【6年保固】,2777.5,,,,,,,,,,,,,,,,,,,,,,,,,,,,,,,,,黑,14.5,AM4/AM5/LGA1200/LGA1700/LGA1851,255,False,2026-10-10 06:01
cooler,｛貓頭鷹 NH-D15S｝6導管/NF-A15 PWM風扇/雙塔/非對稱式/六年保/高16【WXZ】,貓頭鷹 NH-D15S,3275,Noctua 貓頭鷹 散熱器 【6年保固】,2778.5,,,,,,,,,,,,,,,,,,,,,,,,,,,,,,,,,黑,16.0,AM4/AM5/LGA1200/LGA1700/LGA1851,270,False,2026-10-10 06:01
cooler,｛貓頭鷹 NH-D15S chromax.black｝黑化版/6導管/雙塔/非對稱式/六年保/高16【WXZ】,貓頭鷹 NH-D15S chromax.black,3665,Noctua 貓頭鷹 散熱器 【6年保固】,2779.5,,,,,,,,,,,,,,,,,,,,,,,,,,,,,,,,,黑,16.0,AM4/AM5/LGA1200/LGA1700/LGA1851,270,False,2026-10-10 06:01
cooler,｛貓頭鷹 NH-D15｝6導管/NF-A15 PWM風扇*2/雙塔/六年保/高16.8【WXZ】,貓頭鷹 NH-D15,3615,Noctua 貓頭鷹 散熱器 【6年保固】,2780.5,,,,,,,,,,,,,,,,,,,,,,,,,,,,,,,,,黑,16.8,AM4/AM5/LGA1200/LGA1700/LGA1851,270,False,2026-10-10 06:01
cooler,｛貓頭鷹 NH-D15 chromax.black｝黑化版/6導管/NF-A15 PWM*2/雙塔/高16.8【WXZ】,貓頭鷹 NH-D15 chromax.black,3895,Noctua 貓頭鷹 散熱器 【6年保固】,2781.5,,,,,,,,,,,,,,,,,,,,,,,,,,,,,,,,,黑,16.8,AM4/AM5/LGA1200/LGA1700/LGA1851,270,False,2026-10-10 06:01
cooler,｛貓頭鷹 NH-D15 G2｝標準版/8導管/NF-A14x25r G2風扇*2/雙塔/六年保/高16.8【WXZ】,貓頭鷹 NH-D15 G2,5300,Noctua 貓頭鷹 散熱器 【6年保固】,2782.5,,,,,,,,,,,,,,,,,,,,,,,,,,,,,,,,,黑,16.8,AM4/AM5/LGA1200/LGA1700/LGA1851,300,False,2026-10-10 06:01
cooler,｛貓頭鷹 NH-D15 G2 chromax.black｝黑化版/8導管/雙塔雙扇/六年保/高16.8【WXZ】,貓頭鷹 NH-D15 G2 chromax.black,5600,Noctua 貓頭鷹 散熱器 【6年保固】,2783.5,,,,,,,,,,,,,,,,,,,,,,,,,,,,,,,,,黑,16.8,AM4/AM5/LGA1200/LGA1700/LGA1851,300,False,2026-10-10 06:01
cooler,｛貓頭鷹 NH-D9L｝4導管/NF-A9 PWM風扇/支援3U/六年保/高11【WXZ】,貓頭鷹 NH-D9L,2125,Noctua 貓頭鷹 散熱器 【6年保固】,2786.5,,,,,,,,,,,,,,,,,,,,,,,,,,,,,,,,,黑,11.0,AM4/AM5/LGA1200/LGA1700/LGA1851,210,False,2026-10-10 06:01
cooler,｛貓頭鷹 NH-U9S｝5導管/NF-A9 PWM風扇/六年保/高12.5【WXZ】,貓頭鷹 NH-U9S,2345,Noctua 貓頭鷹 散熱器 【6年保固】,2787.5,,,,,,,,,,,,,,,,,,,,,,,,,,,,,,,,,黑,12.5,AM4/AM5/LGA1200/LGA1700/LGA1851,225,False,2026-10-10 06:01
cooler,｛貓頭鷹 NH-L9a-AM5｝下吹式/NF-A9x14 PWM扇/六年保/高3.7/AM5專用,貓頭鷹 NH-L9a-AM5,1665,Noctua 貓頭鷹 散熱器 【6年保固】,2788.5,,,,,,,,,,,,,,,,,,,,,,,,,,,,,,,,,黑,3.7,AM5,100,True,2026-10-10 06:01
cooler,｛貓頭鷹 NH-L9a-AM5 chromax.black｝黑化版/下吹式/六年保/高3.7/AM5專用,貓頭鷹 NH-L9a-AM5 chromax.black,1795,Noctua 貓頭鷹 散熱器 【6年保固】,2789.5,,,,,,,,,,,,,,,,,,,,,,,,,,,,,,,,,黑,3.7,AM5,100,True,2026-10-10 06:01
cooler,｛貓頭鷹 NH-L9i-17xx｝下吹式/NF-A9x14 HS-PWM扇/六年/高3.7/Intel專用(1700)【Z】,貓頭鷹 NH-L9i-17xx,1645,Noctua 貓頭鷹 散熱器 【6年保固】,2790.5,,,,,,,,,,,,,,,,,,,,,,,,,,,,,,,,,黑,3.7,LGA1700/LGA1851,100,True,2026-10-10 06:01
cooler,｛貓頭鷹 NH-L9i-17xx chromax.black｝黑化版/下吹式/高3.7/Intel專用(1700)【Z】,貓頭鷹 NH-L9i-17xx chromax.black,1775,Noctua 貓頭鷹 散熱器 【6年保固】,2791.5,,,,,,,,,,,,,,,,,,,,,,,,,,,,,,,,,黑,3.7,LGA1700/LGA1851,100,True,2026-10-10 06:01
cooler,｛貓頭鷹 NH-L9x65｝下吹式/NF-A9x14 PWM風扇/六年/高6.5【WXZ】,貓頭鷹 NH-L9x65,1850,Noctua 貓頭鷹 散熱器 【6年保固】,2792.5,,,,,,,,,,,,,,,,,,,,,,,,,,,,,,,,,黑,6.5,AM4/AM5/LGA1200/LGA1700/LGA1851,100,True,2026-10-10 06:01
cooler,｛貓頭鷹 NH-C14S｝下吹式/NF-A14 PWM風扇/六年/高11.5~14.2【WXZ】,貓頭鷹 NH-C14S,2855,Noctua 貓頭鷹 散熱器 【6年保固】,2793.5,,,,,,,,,,,,,,,,,,,,,,,,,,,,,,,,,黑,11.5,AM4/AM5/LGA1200/LGA1700/LGA1851,100,True,2026-10-10 06:01
cooler,｛XPG MAESTRO PLUS 42SA 黑｝4導管/高15.6/數位監控/全黑化/TDP:220【WXZ】,XPG MAESTRO PLUS 42SA 黑,690,威剛 XPG,2797.5,,,,,,,,,,,,,,,,,,,,,,,,,,,,,,,,,黑,15.6,AM4/AM5/LGA1200/LGA1700/LGA1851,220,False,2026-10-10 06:01
cooler,｛XPG MAESTRO PLUS 42SA 白｝4導管/高15.6/數位監控/白化版/TDP:220【WXZ】,XPG MAESTRO PLUS 42SA 白,690,威剛 XPG,2798.5,,,,,,,,,,,,,,,,,,,,,,,,,,,,,,,,,白,15.6,AM4/AM5/LGA1200/LGA1700/LGA1851,220,False,2026-10-10 06:01
cooler,｛XPG MAESTRO PLUS 62DA｝6導管/高15.6/雙塔雙扇/數位監控/全黑化/TDP:250【WXZ】,XPG MAESTRO PLUS 62DA,1390,威剛 XPG,2799.5,,,,,,,,,,,,,,,,,,,,,,,,,,,,,,,,,黑,15.6,AM4/AM5/LGA1200/LGA1700/LGA1851,250,False,2026-10-10 06:01
cooler,｛Montech NX400 ARGB 黑｝4導管/高度15.6/FDB軸 28mm風壓扇【WXZ】,Montech NX400 ARGB 黑,690,君主 Montech 散熱器,2802.5,,,,,,,,,,,,,,,,,,,,,,,,,,,,,,,,,黑,15.6,AM4/AM5/LGA1200/LGA1700/LGA1851,210,False,2026-10-10 06:01
cooler,｛Montech NX400 ARGB 白｝4導管/高度15.6/FDB軸 28mm風壓扇【WXZ】,Montech NX400 ARGB 白,690,君主 Montech 散熱器,2803.5,,,,,,,,,,,,,,,,,,,,,,,,,,,,,,,,,白,15.6,AM4/AM5/LGA1200/LGA1700/LGA1851,210,False,2026-10-10 06:01
cooler,｛Montech NX600 黑｝6導管/高16/雙塔雙扇/HDB軸 28mm風壓扇【WXZ】,Montech NX600 黑,1150,君主 Montech 散熱器,2804.5,,,,,,,,,,,,,,,,,,,,,,,,,,,,,,,,,黑,16.0,AM4/AM5/LGA1200/LGA1700/LGA1851,270,False,2026-10-10 06:01
cooler,｛Montech NX600 白｝6導管/高16/雙塔雙扇/HDB軸 28mm風壓扇【WXZ】,Montech NX600 白,1150,君主 Montech 散熱器,2805.5,,,,,,,,,,,,,,,,,,,,,,,,,,,,,,,,,白,16.0,AM4/AM5/LGA1200/LGA1700/LGA1851,270,False,2026-10-10 06:01
cooler,｛Montech NX600 ARGB 黑｝6導管/高16/雙塔雙扇/HDB軸 28mm風壓扇【WXZ】,Montech NX600 ARGB 黑,1250,君主 Montech 散熱器,2806.5,,,,,,,,,,,,,,,,,,,,,,,,,,,,,,,,,黑,16.0,AM4/AM5/LGA1200/LGA1700/LGA1851,270,False,2026-10-10 06:01
cooler,｛Montech NX600 ARGB 白｝6導管/高16/雙塔雙扇/HDB軸 28mm風壓扇【WXZ】,Montech NX600 ARGB 白,1250,君主 Montech 散熱器,2807.5,,,,,,,,,,,,,,,,,,,,,,,,,,,,,,,,,白,16.0,AM4/AM5/LGA1200/LGA1700/LGA1851,270,False,2026-10-10 06:01
cooler,｛保銳 ETS-TD60D ARGB 散熱器｝6導管/高15.9/數位監控/雙塔雙扇/全黑化/TDP:280【WXZ】,保銳 ETS-TD60D ARGB 散熱器,1690,保銳 ENERMAX,2810.5,,,,,,,,,,,,,,,,,,,,,,,,,,,,,,,,,黑,15.9,AM4/AM5/LGA1200/LGA1700/LGA1851,280,False,2026-10-10 06:01
cooler,｛快睿 C5 下吹式 散熱器｝VC 均熱底座/高5.49cm/全黑化/TDP:165【WXZ】,快睿 C5 下吹式 散熱器,1390,快睿 CRYORIG 散熱器,2813.5,,,,,,,,,,,,,,,,,,,,,,,,,,,,,,,,,黑,5.49,AM4/AM5/LGA1200/LGA1700/LGA1851,165,True,2026-10-10 06:01
cooler,｛快睿 C5 Cu 下吹式 散熱器｝全銅 VC 均熱底座/高5.49cm/TDP:180【WXZ】,快睿 C5 Cu 下吹式 散熱器,1690,快睿 CRYORIG 散熱器,2814.5,,,,,,,,,,,,,,,,,,,,,,,,,,,,,,,,,黑,5.49,AM4/AM5/LGA1200/LGA1700/LGA1851,180,True,2026-10-10 06:01
cooler,｛快睿 CR401 ARGB 散熱器｝4導管(6mm)/高15cm/TDP:200【WXZ】,快睿 CR401 ARGB 散熱器,490,快睿 CRYORIG 散熱器,2815.5,,,,,,,,,,,,,,,,,,,,,,,,,,,,,,,,,黑,15.0,AM4/AM5/LGA1200/LGA1700/LGA1851,200,False,2026-10-10 06:01
cooler,｛快睿 H4 散熱器｝4導管(6mm)/高14.8cm/ARGB/TDP:180【WXZ】,快睿 H4 散熱器,690,快睿 CRYORIG 散熱器,2816.5,,,,,,,,,,,,,,,,,,,,,,,,,,,,,,,,,黑,14.8,AM4/AM5/LGA1200/LGA1700/LGA1851,180,False,2026-10-10 06:01
cooler,｛快睿 H6 散熱器｝6導管(6mm)/高14.8cm/ARGB/TDP:200【WXZ】,快睿 H6 散熱器,890,快睿 CRYORIG 散熱器,2817.5,,,,,,,,,,,,,,,,,,,,,,,,,,,,,,,,,黑,14.8,AM4/AM5/LGA1200/LGA1700/LGA1851,200,False,2026-10-10 06:01
cooler,｛快睿 CR6S 散熱器｝6導管(6mm)/高15.7/雙塔雙扇/ARGB/TDP:250【WXZ】,快睿 CR6S 散熱器,1190,快睿 CRYORIG 散熱器,2818.5,,,,,,,,,,,,,,,,,,,,,,,,,,,,,,,,,黑,15.7,AM4/AM5/LGA1200/LGA1700/LGA1851,250,False,2026-10-10 06:01
cooler,｛SAMA X30 散熱器｝3導管(6mm)/高13.4cm/全黑化/TDP:200【WXZ】,SAMA X30 散熱器,490,先馬 SAMA,2821.5,,,,,,,,,,,,,,,,,,,,,,,,,,,,,,,,,黑,13.4,AM4/AM5/LGA1200/LGA1700/LGA1851,200,False,2026-10-10 06:01
cooler,｛SAMA X40L 黑 散熱器｝4導管(6mm)/高13.4cm/ARGB/TDP:220【WXZ】,SAMA X40L 黑 散熱器,550,先馬 SAMA,2822.5,,,,,,,,,,,,,,,,,,,,,,,,,,,,,,,,,黑,13.4,AM4/AM5/LGA1200/LGA1700/LGA1851,220,False,2026-10-10 06:01
cooler,｛SAMA X40L 白化版 散熱器｝4導管(6mm)/高13.4cm/ARGB/TDP:220【WXZ】,SAMA X40L 白化版 散熱器,550,先馬 SAMA,2823.5,,,,,,,,,,,,,,,,,,,,,,,,,,,,,,,,,白,13.4,AM4/AM5/LGA1200/LGA1700/LGA1851,220,False,2026-10-10 06:01
cooler,｛SAMA A40L 黑 散熱器｝4導管(6mm)/高15.2cm/ARGB/TDP:240【WXZ】,SAMA A40L 黑 散熱器,690,先馬 SAMA,2824.5,,,,,,,,,,,,,,,,,,,,,,,,,,,,,,,,,黑,15.2,AM4/AM5/LGA1200/LGA1700/LGA1851,240,False,2026-10-10 06:01
cooler,｛SAMA A40L 白化版 散熱器｝4導管(6mm)/高15.2cm/ARGB/TDP:240【WXZ】,SAMA A40L 白化版 散熱器,790,先馬 SAMA,2825.5,,,,,,,,,,,,,,,,,,,,,,,,,,,,,,,,,白,15.2,AM4/AM5/LGA1200/LGA1700/LGA1851,240,False,2026-10-10 06:01
cooler,｛SAMA A60L 散熱器｝6導管(6mm)高15.7cm/雙塔雙扇/回流焊工藝/TDP:265【WXZ】,SAMA A60L 散熱器,1390,先馬 SAMA,2826.5,,,,,,,,,,,,,,,,,,,,,,,,,,,,,,,,,黑,15.7,AM4/AM5/LGA1200/LGA1700/LGA1851,265,False,2026-10-10 06:01
cooler,｛振華 ST4 ARGB 黑 散熱器｝4導管/高15.3cm/黑化版/鋁製上蓋【WXZ】,振華 ST4 ARGB 黑 散熱器,590,振華 Super Flower,2829.5,,,,,,,,,,,,,,,,,,,,,,,,,,,,,,,,,黑,15.3,AM4/AM5/LGA1200/LGA1700/LGA1851,210,False,2026-10-10 06:01
cooler,｛微星 MAG COREFROZR AA13(黑) 散熱器｝4導管(6mm)/高15.2cm/TDP:240【XZ】,微星 MAG COREFROZR AA13(黑) 散熱器,790,微星 MSI 散熱器,2832.5,,,,,,,,,,,,,,,,,,,,,,,,,,,,,,,,,黑,15.2,AM4/AM5/LGA1700/LGA1851,240,False,2026-10-10 06:01
cooler,｛微星 MAG COREFROZR AA13(白) 散熱器｝4導管(6mm)/高15.2cm/TDP:240【XZ】,微星 MAG COREFROZR AA13(白) 散熱器,790,微星 MSI 散熱器,2833.5,,,,,,,,,,,,,,,,,,,,,,,,,,,,,,,,,白,15.2,AM4/AM5/LGA1700/LGA1851,240,False,2026-10-10 06:01
cooler,｛全漢 NE5 散熱器｝4導管(6mm)/高15cm/ARGB【WXZ】,全漢 NE5 散熱器,490,全漢 FSP 散熱器,2836.5,,,,,,,,,,,,,,,,,,,,,,,,,,,,,,,,,黑,15.0,AM4/AM5/LGA1200/LGA1700/LGA1851,210,False,2026-10-10 06:01
cooler,｛全漢 NP5 ARGB 散熱器｝4導管(6mm)/高15.1cm【WXZ】,全漢 NP5 ARGB 散熱器,790,全漢 FSP 散熱器,2837.5,,,,,,,,,,,,,,,,,,,,,,,,,,,,,,,,,黑,15.1,AM4/AM5/LGA1200/LGA1700/LGA1851,210,False,2026-10-10 06:01
cooler,｛全漢 NP5 BLACK 散熱器｝4導管(6mm)/高15.1cm/全黑化【WXZ】,全漢 NP5 BLACK 散熱器,790,全漢 FSP 散熱器,2838.5,,,,,,,,,,,,,,,,,,,,,,,,,,,,,,,,,黑,15.1,AM4/AM5/LGA1200/LGA1700/LGA1851,210,False,2026-10-10 06:01
cooler,｛全漢 NP5 WHITE ARGB 散熱器｝4導管(6mm)/高15.1cm/白化版【WXZ】,全漢 NP5 WHITE ARGB 散熱器,790,全漢 FSP 散熱器,2839.5,,,,,,,,,,,,,,,,,,,,,,,,,,,,,,,,,白,15.1,AM4/AM5/LGA1200/LGA1700/LGA1851,210,False,2026-10-10 06:01
cooler,｛全漢 MP7 ARGB 散熱器｝6導管(6mm)/高15.3cm/雙塔雙扇【WXZ】,全漢 MP7 ARGB 散熱器,1390,全漢 FSP 散熱器,2840.5,,,,,,,,,,,,,,,,,,,,,,,,,,,,,,,,,黑,15.3,AM4/AM5/LGA1200/LGA1700/LGA1851,270,False,2026-10-10 06:01
cooler,｛全漢 MP7 BLACK 散熱器｝6導管(6mm)/高15.3cm/雙塔雙扇/全黑化【WXZ】,全漢 MP7 BLACK 散熱器,1390,全漢 FSP 散熱器,2841.5,,,,,,,,,,,,,,,,,,,,,,,,,,,,,,,,,黑,15.3,AM4/AM5/LGA1200/LGA1700/LGA1851,270,False,2026-10-10 06:01
cooler,｛全漢 MP7 WHITE ARGB 散熱器｝6導管(6mm)/高15.3cm/雙塔雙扇/白化版【WXZ】,全漢 MP7 WHITE ARGB 散熱器,1390,全漢 FSP 散熱器,2842.5,,,,,,,,,,,,,,,,,,,,,,,,,,,,,,,,,白,15.3,AM4/AM5/LGA1200/LGA1700/LGA1851,270,False,2026-10-10 06:01
cooler,｛darkFlash E400 PLUS 黑 散熱器｝4管/高15.5/雙風扇/點陣溫度顯示/TDP:235W【WXZ】,darkFlash E400 PLUS 黑 散熱器,1190,大飛 darkFlash 散熱器,2845.5,,,,,,,,,,,,,,,,,,,,,,,,,,,,,,,,,黑,15.5,AM4/AM5/LGA1200/LGA1700/LGA1851,235,False,2026-10-10 06:01
cooler,｛darkFlash E400 PLUS 白 散熱器｝4管/高15.5/雙風扇/點陣溫度顯示/TDP:235W【WXZ】,darkFlash E400 PLUS 白 散熱器,1290,大飛 darkFlash 散熱器,2846.5,,,,,,,,,,,,,,,,,,,,,,,,,,,,,,,,,白,15.5,AM4/AM5/LGA1200/LGA1700/LGA1851,235,False,2026-10-10 06:01
cooler,｛TRYX TURRIS 620 黑｝6導管/高16.5/雙塔雙扇/5吋液晶/無孔回流焊/TDP:280W【XZ】,TRYX TURRIS 620 黑,4590,創氪星系 TRYX 散熱器,2849.5,,,,,,,,,,,,,,,,,,,,,,,,,,,,,,,,,黑,16.5,AM4/AM5/LGA1700/LGA1851,280,False,2026-10-10 06:01
cooler,｛喬思伯 PISA A5 白 散熱器｝5導管/高15.3/ARGB/底部輔助鰭片/TDP:265【WXZ】,喬思伯 PISA A5 白 散熱器,899,喬思伯 Jonsbo 散熱器,2854.5,,,,,,,,,,,,,,,,,,,,,,,,,,,,,,,,,白,15.3,AM4/AM5/LGA1200/LGA1700/LGA1851,265,False,2026-10-10 06:01
cooler,｛喬思伯 CR1400 EVO 黑 散熱器｝4導管/高13/9cm風扇/TDP:180【WXZ】,喬思伯 CR1400 EVO 黑 散熱器,499,喬思伯 Jonsbo 散熱器,2855.5,,,,,,,,,,,,,,,,,,,,,,,,,,,,,,,,,黑,13.0,AM4/AM5/LGA1200/LGA1700/LGA1851,180,False,2026-10-10 06:01
cooler,｛喬思伯 CR1400 DV2 黑 散熱器｝6導管/高13.6/Mini雙塔雙扇/ARGB/TDP:230【WXZ】,喬思伯 CR1400 DV2 黑 散熱器,1190,喬思伯 Jonsbo 散熱器,2856.5,,,,,,,,,,,,,,,,,,,,,,,,,,,,,,,,,黑,13.6,AM4/AM5/LGA1200/LGA1700/LGA1851,230,False,2026-10-10 06:01
cooler,｛喬思伯 CR1400 DV2 白 散熱器｝6導管/高13.6/Mini雙塔雙扇/ARGBTDP:230【WXZ】,喬思伯 CR1400 DV2 白 散熱器,1190,喬思伯 Jonsbo 散熱器,2857.5,,,,,,,,,,,,,,,,,,,,,,,,,,,,,,,,,白,13.6,AM4/AM5/LGA1200/LGA1700/LGA1851,230,False,2026-10-10 06:01
cooler,｛喬思伯 CR3000 白 散熱器｝7導管/高16/雙塔雙扇/ARGB/TDP:260【WXZ】,喬思伯 CR3000 白 散熱器,1390,喬思伯 Jonsbo 散熱器,2859.5,,,,,,,,,,,,,,,,,,,,,,,,,,,,,,,,,白,16.0,AM4/AM5/LGA1200/LGA1700/LGA1851,260,False,2026-10-10 06:01
cooler,｛喬思伯 CA90 黑 散熱器｝6導管/高15.9/雙塔雙扇(內置13cm)/全黑化/TDP:270【WXZ】,喬思伯 CA90 黑 散熱器,1690,喬思伯 Jonsbo 散熱器,2860.5,,,,,,,,,,,,,,,,,,,,,,,,,,,,,,,,,黑,15.9,AM4/AM5/LGA1200/LGA1700/LGA1851,270,False,2026-10-10 06:01
cooler,｛喬思伯 CB40 黑 散熱器｝4導管/高15.3/長條無限鏡上蓋/ARGB/TDP:225【WXZ】,喬思伯 CB40 黑 散熱器,699,喬思伯 Jonsbo 散熱器,2861.5,,,,,,,,,,,,,,,,,,,,,,,,,,,,,,,,,黑,15.3,AM4/AM5/LGA1200/LGA1700/LGA1851,225,False,2026-10-10 06:01
cooler,｛喬思伯 CB40 白 散熱器｝4導管/高15.3/長條無限鏡上蓋/ARGB/TDP:225【WXZ】,喬思伯 CB40 白 散熱器,699,喬思伯 Jonsbo 散熱器,2862.5,,,,,,,,,,,,,,,,,,,,,,,,,,,,,,,,,白,15.3,AM4/AM5/LGA1200/LGA1700/LGA1851,225,False,2026-10-10 06:01
cooler,｛喬思伯 CB80 黑 散熱器｝6導管/高15.3/雙塔雙扇/長條無限鏡上蓋/ARGB/TDP:260【WXZ】,喬思伯 CB80 黑 散熱器,1290,喬思伯 Jonsbo 散熱器,2863.5,,,,,,,,,,,,,,,,,,,,,,,,,,,,,,,,,黑,15.3,AM4/AM5/LGA1200/LGA1700/LGA1851,260,False,2026-10-10 06:01
cooler,｛喬思伯 CB80 白 散熱器｝6導管/高15.3/雙塔雙扇/長條無限鏡上蓋/ARGB/TDP:260【WXZ】,喬思伯 CB80 白 散熱器,1290,喬思伯 Jonsbo 散熱器,2864.5,,,,,,,,,,,,,,,,,,,,,,,,,,,,,,,,,白,15.3,AM4/AM5/LGA1200/LGA1700/LGA1851,260,False,2026-10-10 06:01
cooler,｛喬思伯 CC90 黑 散熱器｝6導管/高15.8/雙塔雙扇/全黑化/溫度監控/TDP:285【WXZ】,喬思伯 CC90 黑 散熱器,2190,喬思伯 Jonsbo 散熱器,2865.5,,,,,,,,,,,,,,,,,,,,,,,,,,,,,,,,,黑,15.8,AM4/AM5/LGA1200/LGA1700/LGA1851,285,False,2026-10-10 06:01
cooler,｛喬思伯 CC90 白 散熱器｝6導管/高15.8/雙塔雙扇/全白化/溫度監控/TDP:285【WXZ】,喬思伯 CC90 白 散熱器,2190,喬思伯 Jonsbo 散熱器,2866.5,,,,,,,,,,,,,,,,,,,,,,,,,,,,,,,,,白,15.8,AM4/AM5/LGA1200/LGA1700/LGA1851,285,False,2026-10-10 06:01
gpu,｛華碩 DUAL-RTX3050-O6G｝1537MHz/20cm/雙風扇/註四年,華碩 DUAL-RTX3050-O6G,9990,NVIDIA RTX3050-6GB,3272.5,,,,,,,,,,,,,,,,,,,,RTX3050,6,20.0,,,,,,,,,,,黑,,,,,2026-10-10 06:01
gpu,｛技嘉 RTX3050 WINDFORCE OC V2 6G｝1477MHz/18cm/雙風扇/註四年,技嘉 RTX3050 WINDFORCE OC V2 6G,9990,NVIDIA RTX3050-6GB,3273.5,,,,,,,,,,,,,,,,,,,,RTX3050,6,18.0,,,,,,,,,,,黑,,,,,2026-10-10 06:01
gpu,｛微星 RTX3050 VENTUS 2X E 6G OC｝1492MHz/19cm/雙風扇/註四年,微星 RTX3050 VENTUS 2X E 6G OC,9990,NVIDIA RTX3050-6GB,3274.5,,,,,,,,,,,,,,,,,,,,RTX3050,6,19.0,,,,,,,,,,,黑,,,,,2026-10-10 06:01
gpu,｛微星 RTX3050 GAMING X 6G｝1507MHz/21cm/雙風扇/註五年,微星 RTX3050 GAMING X 6G,10290,NVIDIA RTX3050-6GB,3275.5,,,,,,,,,,,,,,,,,,,,RTX3050,6,21.0,,,,,,,,,,,黑,,,,,2026-10-10 06:01
gpu,｛ZOTAC RTX3050 6GB GDDR6 Solo｝1470MHz/15cm/單風扇/註四年/滿料四輸出,ZOTAC RTX3050 6GB GDDR6 Solo,9790,NVIDIA RTX3050-6GB,3277.5,,,,,,,,,,,,,,,,,,,,RTX3050,6,15.0,,,,,,,,,,,黑,,,,,2026-10-10 06:01
gpu,｛ZOTAC RTX3050 6GB GDDR6 LP｝1470MHz/16cm/雙風扇/註四年/短版設計,ZOTAC RTX3050 6GB GDDR6 LP,9890,NVIDIA RTX3050-6GB,3278.5,,,,,,,,,,,,,,,,,,,,RTX3050,6,16.0,,,,,,,,,,,黑,,,,,2026-10-10 06:01
gpu,｛ZOTAC RTX3050 6GB GDDR6 Twin Edge OC｝1477MHz/16cm/雙風扇,ZOTAC RTX3050 6GB GDDR6 Twin Edge OC,9990,NVIDIA RTX3050-6GB,3279.5,,,,,,,,,,,,,,,,,,,,RTX3050,6,16.0,,,,,,,,,,,黑,,,,,2026-10-10 06:01
gpu,｛INNO3D RTX3050 6GB TWIN X2 V2｝1470MHz/22cm/雙風扇/註四年,INNO3D RTX3050 6GB TWIN X2 V2,8888,NVIDIA RTX3050-6GB,3280.5,,,,,,,,,,,,,,,,,,,,RTX3050,6,22.0,,,,,,,,,,,黑,,,,,2026-10-10 06:01
gpu,｛技嘉 RTX3050 WINDFORCE OC V2 8G｝1792MHz/20cm/雙風扇/註四年,技嘉 RTX3050 WINDFORCE OC V2 8G,11490,NVIDIA RTX3050-8GB,3283.5,,,,,,,,,,,,,,,,,,,,RTX3050,8,20.0,,,,,,,,,,,黑,,,,,2026-10-10 06:01
gpu,｛ZOTAC RTX3050 ECO SOLO｝1777MHz/15cm/單風扇/註冊四年保,ZOTAC RTX3050 ECO SOLO,11490,NVIDIA RTX3050-8GB,3285.5,,,,,,,,,,,,,,,,,,,,RTX3050,8,15.0,,,,,,,,,,,黑,,,,,2026-10-10 06:01
gpu,｛INNO3D RTX3050 TWIN X2｝1777MHZ/24cm/超頻雙風扇/註冊四年保/[1711VA41],INNO3D RTX3050 TWIN X2,9888,NVIDIA RTX3050-8GB,3286.5,,,,,,,,,,,,,,,,,,,,RTX3050,8,24.0,,,,,,,,,,,黑,,,,,2026-10-10 06:01
gpu,｛INNO3D RTX3050 TWIN X2｝1777MHZ/24cm/雙風扇/註冊四年保/[1190VA42],INNO3D RTX3050 TWIN X2,9888,NVIDIA RTX3050-8GB,3287,,,,,,,,,,,,,,,,,,,,RTX3050,8,24.0,,,,,,,,,,,黑,,,,,2026-10-10 06:01
gpu,｛華碩 DUAL-RTX3060-O12G-V2｝1852MHz/20cm/雙風扇/註四年 OC版.時脈高,華碩 DUAL-RTX3060-O12G-V2,15990,NVIDIA RTX3060-12GB,3289,,,,,,,,,,,,,,,,,,,,RTX3060,12,20.0,,,,,,,,,,,黑,,,,,2026-10-10 06:01
gpu,｛技嘉 RTX3060 WINDFORCE OC 12G(rev2.0)｝1792MHz/19.8cm/雙風扇/註四年,技嘉 RTX3060 WINDFORCE OC 12G(rev2.0),15990,NVIDIA RTX3060-12GB,3290.5,,,,,,,,,,,,,,,,,,,,RTX3060,12,19.8,,,,,,,,,,,黑,,,,,2026-10-10 06:01
gpu,｛微星 RTX3060 VENTUS 2X 12G OC｝1807MHz/23.5cm/雙風扇/註四年,微星 RTX3060 VENTUS 2X 12G OC,15590,NVIDIA RTX3060-12GB,3291,,,,,,,,,,,,,,,,,,,,RTX3060,12,23.5,,,,,,,,,,,黑,,,,,2026-10-10 06:01
gpu,｛ZOTAC RTX3060 Twin Edge｝1777MHz/23cm/雙風扇/註四年 *送 全漢 650W(金牌),ZOTAC RTX3060 Twin Edge,15890,NVIDIA RTX3060-12GB,3292.5,,,,,,,,,,,,,,,,,,,,RTX3060,12,23.0,,,,,,,,,,,黑,,,,,2026-10-10 06:01
gpu,｛技嘉 RTX5050 WINDFORCE OC 8G｝2587MHz/20cm/雙風扇/註冊四年保,技嘉 RTX5050 WINDFORCE OC 8G,13490,NVIDIA RTX5050-8GB(GDDR6),3295.5,,,,,,,,,,,,,,,,,,,,RTX5050,8,20.0,,,,,,,,,,,黑,,,,,2026-10-10 06:01
gpu,｛技嘉 RTX5050 OC Low Profile 8G｝2632MHz/18cm/三風扇/註冊四年保,技嘉 RTX5050 OC Low Profile 8G,13990,NVIDIA RTX5050-8GB(GDDR6),3296.5,,,,,,,,,,,,,,,,,,,,RTX5050,8,18.0,,,,,,,,,,,黑,,,,,2026-10-10 06:01
gpu,｛技嘉 RTX5050 GAMING OC 8G｝2632MHz/28cm/三風扇/註冊五年保,技嘉 RTX5050 GAMING OC 8G,14290,NVIDIA RTX5050-8GB(GDDR6),3297.5,,,,,,,,,,,,,,,,,,,,RTX5050,8,28.0,,,,,,,,,,,黑,,,,,2026-10-10 06:01
gpu,｛微星 RTX5050 8G INSPIRE ITX OC｝2617MHz/15cm/單風扇/註冊四年保,微星 RTX5050 8G INSPIRE ITX OC,13290,NVIDIA RTX5050-8GB(GDDR6),3298.5,,,,,,,,,,,,,,,,,,,,RTX5050,8,15.0,,,,,,,,,,,黑,,,,,2026-10-10 06:01
gpu,｛微星 RTX5050 8G SHADOW 2X OC｝2617MHz/20cm/雙風扇/註冊四年保,微星 RTX5050 8G SHADOW 2X OC,13590,NVIDIA RTX5050-8GB(GDDR6),3299.5,,,,,,,,,,,,,,,,,,,,RTX5050,8,20.0,,,,,,,,,,,黑,,,,,2026-10-10 06:01
gpu,｛微星 RTX5050 8G VENTUS 2X OC｝2617MHz/20cm/雙風扇/註冊四年保,微星 RTX5050 8G VENTUS 2X OC,13990,NVIDIA RTX5050-8GB(GDDR6),3300.5,,,,,,,,,,,,,,,,,,,,RTX5050,8,20.0,,,,,,,,,,,黑,,,,,2026-10-10 06:01
gpu,｛微星 RTX5050 8G GAMING OC｝2647MHz/21cm/雙風扇/註冊五年保,微星 RTX5050 8G GAMING OC,14290,NVIDIA RTX5050-8GB(GDDR6),3301.5,,,,,,,,,,,,,,,,,,,,RTX5050,8,21.0,,,,,,,,,,,黑,,,,,2026-10-10 06:01
gpu,｛ZOTAC RTX5050 SOLO｝2572MHz/17cm/單風扇/註冊五年,ZOTAC RTX5050 SOLO,13590,NVIDIA RTX5050-8GB(GDDR6),3303.5,,,,,,,,,,,,,,,,,,,,RTX5050,8,17.0,,,,,,,,,,,黑,,,,,2026-10-10 06:01
gpu,｛ZOTAC RTX5050 Twin Edge OC｝2602MHz/22cm/雙風扇/註冊五年,ZOTAC RTX5050 Twin Edge OC,13990,NVIDIA RTX5050-8GB(GDDR6),3304.5,,,,,,,,,,,,,,,,,,,,RTX5050,8,22.0,,,,,,,,,,,黑,,,,,2026-10-10 06:01
gpu,｛ZOTAC RTX5050 Twin Edge OC White Edition｝2602MHz/22cm/雙風扇/註五年/白,ZOTAC RTX5050 Twin Edge OC White Edition,14290,NVIDIA RTX5050-8GB(GDDR6),3305.5,,,,,,,,,,,,,,,,,,,,RTX5050,8,22.0,,,,,,,,,,,白,,,,,2026-10-10 06:01
gpu,｛INNO3D RTX5050 8GB TWIN X2｝2572MHz/22.5cm/雙風扇/註冊四年,INNO3D RTX5050 8GB TWIN X2,12888,NVIDIA RTX5050-8GB(GDDR6),3306.5,,,,,,,,,,,,,,,,,,,,RTX5050,8,22.5,,,,,,,,,,,黑,,,,,2026-10-10 06:01
gpu,｛華碩 DUAL-RTX5060-O8G-A｝2587MHz/23cm/雙風扇/註冊四年/Advanced金屬背板,華碩 DUAL-RTX5060-O8G-A,16290,NVIDIA RTX5060-8GB(GDDR7),3309.5,,,,,,,,,,,,,,,,,,,,RTX5060,8,23.0,,,,,,,,,,,黑,,,,,2026-10-10 06:01
gpu,｛華碩 DUAL-RTX5060-O8G-WHITE｝2565MHz/23cm/雙風扇/註冊四年/白/金屬背板,華碩 DUAL-RTX5060-O8G-WHITE,16590,NVIDIA RTX5060-8GB(GDDR7),3311.5,,,,,,,,,,,,,,,,,,,,RTX5060,8,23.0,,,,,,,,,,,白,,,,,2026-10-10 06:01
gpu,｛技嘉 RTX5060 WINDFORCE OC 8G｝2512MHz/20cm/雙風扇/註冊四年,技嘉 RTX5060 WINDFORCE OC 8G,15990,NVIDIA RTX5060-8GB(GDDR7),3314.5,,,,,,,,,,,,,,,,,,,,RTX5060,8,20.0,,,,,,,,,,,黑,,,,,2026-10-10 06:01
gpu,｛技嘉 RTX5060 WINDFORCE MAX OC 8G｝2512MHz/20cm/雙風扇/註冊四年,技嘉 RTX5060 WINDFORCE MAX OC 8G,15990,NVIDIA RTX5060-8GB(GDDR7),3315.5,,,,,,,,,,,,,,,,,,,,RTX5060,8,20.0,,,,,,,,,,,黑,,,,,2026-10-10 06:01
gpu,｛技嘉 RTX5060 WINDFORCE MAX OC V2 8G｝2512MHz/20cm/雙風扇/註冊四年,技嘉 RTX5060 WINDFORCE MAX OC V2 8G,15990,NVIDIA RTX5060-8GB(GDDR7),3316,,,,,,,,,,,,,,,,,,,,RTX5060,8,20.0,,,,,,,,,,,黑,,,,,2026-10-10 06:01
gpu,｛技嘉 RTX5060 OC Low Profile 8G｝2512MHz/19cm/三風扇/註冊四年,技嘉 RTX5060 OC Low Profile 8G,15990,NVIDIA RTX5060-8GB(GDDR7),3317.5,,,,,,,,,,,,,,,,,,,,RTX5060,8,19.0,,,,,,,,,,,黑,,,,,2026-10-10 06:01
gpu,｛技嘉 RTX5060 EAGLE OC 8G｝2550MHz/21cm/雙風扇/註冊五年,技嘉 RTX5060 EAGLE OC 8G,16490,NVIDIA RTX5060-8GB(GDDR7),3318,,,,,,,,,,,,,,,,,,,,RTX5060,8,21.0,,,,,,,,,,,黑,,,,,2026-10-10 06:01
gpu,｛技嘉 RTX5060 EAGLE MAX OC 8G｝2550MHZ/28cm/三風扇/註五年/Hawk 風扇,技嘉 RTX5060 EAGLE MAX OC 8G,16490,NVIDIA RTX5060-8GB(GDDR7),3319.5,,,,,,,,,,,,,,,,,,,,RTX5060,8,28.0,,,,,,,,,,,黑,,,,,2026-10-10 06:01
gpu,｛技嘉 RTX5060 EAGLE OC ICE 8G 白｝2550MHz/21cm/雙風扇/註五年/銀白,技嘉 RTX5060 EAGLE OC ICE 8G 白,16990,NVIDIA RTX5060-8GB(GDDR7),3320.5,,,,,,,,,,,,,,,,,,,,RTX5060,8,21.0,,,,,,,,,,,白,,,,,2026-10-10 06:01
gpu,｛技嘉 RTX5060 GAMING OC V2 8G｝2602MHz/28cm/三風扇/註冊五年,技嘉 RTX5060 GAMING OC V2 8G,17490,NVIDIA RTX5060-8GB(GDDR7),3322.5,,,,,,,,,,,,,,,,,,,,RTX5060,8,28.0,,,,,,,,,,,黑,,,,,2026-10-10 06:01
gpu,｛技嘉 RTX5060 AERO OC 8G｝2595MHz/28cm/三風扇/註冊五年/銀白,技嘉 RTX5060 AERO OC 8G,17990,NVIDIA RTX5060-8GB(GDDR7),3323.5,,,,,,,,,,,,,,,,,,,,RTX5060,8,28.0,,,,,,,,,,,白,,,,,2026-10-10 06:01
gpu,｛技嘉 AORUS RTX5060 ELITE 8G｝2722MHz/33cm/三風扇/註冊五年,技嘉 AORUS RTX5060 ELITE 8G,18490,NVIDIA RTX5060-8GB(GDDR7),3324.5,,,,,,,,,,,,,,,,,,,,RTX5060,8,33.0,,,,,,,,,,,黑,,,,,2026-10-10 06:01
gpu,｛技嘉 AORUS RTX5060 ARI 8G｝2722MHz/33cm/三風扇/註冊五年 [雕妹特別版],技嘉 AORUS RTX5060 ARI 8G,18490,NVIDIA RTX5060-8GB(GDDR7),3325,,,,,,,,,,,,,,,,,,,,RTX5060,8,33.0,,,,,,,,,,,黑,,,,,2026-10-10 06:01
gpu,｛微星 RTX5060 8G VENTUS 2X OC｝2535MHz/20cm/雙風扇/註冊四年,微星 RTX5060 8G VENTUS 2X OC,15990,NVIDIA RTX5060-8GB(GDDR7),3326.5,,,,,,,,,,,,,,,,,,,,RTX5060,8,20.0,,,,,,,,,,,黑,,,,,2026-10-10 06:01
gpu,｛微星 RTX5060 8G VENTUS 2X OC V1｝2535MHz/20cm/雙風扇/註冊四年,微星 RTX5060 8G VENTUS 2X OC V1,15990,NVIDIA RTX5060-8GB(GDDR7),3327.5,,,,,,,,,,,,,,,,,,,,RTX5060,8,20.0,,,,,,,,,,,黑,,,,,2026-10-10 06:01
gpu,｛微星 RTX5060 8G VENTUS 2X OC WHITE｝2535MHz/20cm/雙風扇/註冊四年/純白,微星 RTX5060 8G VENTUS 2X OC WHITE,16590,NVIDIA RTX5060-8GB(GDDR7),3328.5,,,,,,,,,,,,,,,,,,,,RTX5060,8,20.0,,,,,,,,,,,白,,,,,2026-10-10 06:01
gpu,｛微星 RTX5060 8G CYCLONE OC｝2535MHz/16cm/免註冊五年保 [獨家-雪螳螂],微星 RTX5060 8G CYCLONE OC,15990,NVIDIA RTX5060-8GB(GDDR7),3329.5,,,,,,,,,,,,,,,,,,,,RTX5060,8,16.0,,,,,,,,,,,白,,,,,2026-10-10 06:01
gpu,｛微星 RTX5060 8G VENTUS 3X OC｝2550MHz/31cm/三風扇/註冊五年,微星 RTX5060 8G VENTUS 3X OC,16990,NVIDIA RTX5060-8GB(GDDR7),3330.5,,,,,,,,,,,,,,,,,,,,RTX5060,8,31.0,,,,,,,,,,,黑,,,,,2026-10-10 06:01
gpu,｛微星 RTX5060 8G GAMING TRIO OC｝2640MHz/30cm/三風扇/註冊五年,微星 RTX5060 8G GAMING TRIO OC,17990,NVIDIA RTX5060-8GB(GDDR7),3331.5,,,,,,,,,,,,,,,,,,,,RTX5060,8,30.0,,,,,,,,,,,黑,,,,,2026-10-10 06:01
gpu,｛微星 RTX5060 8G GAMING TRIO OC WHITE｝2640MHz/30cm/三風扇/註冊五年,微星 RTX5060 8G GAMING TRIO OC WHITE,18590,NVIDIA RTX5060-8GB(GDDR7),3332.5,,,,,,,,,,,,,,,,,,,,RTX5060,8,30.0,,,,,,,,,,,白,,,,,2026-10-10 06:01
gpu,｛ZOTAC RTX5060 8GB 星辰 OC｝2512MHz/24cm/雙風扇/免註冊五年保/白 [獨家款],ZOTAC RTX5060 8GB 星辰 OC,15990,NVIDIA RTX5060-8GB(GDDR7),3334.5,,,,,,,,,,,,,,,,,,,,RTX5060,8,24.0,,,,,,,,,,,白,,,,,2026-10-10 06:01
gpu,｛ZOTAC RTX5060 SOLO｝2497MHz/17cm/單風扇/註冊五年,ZOTAC RTX5060 SOLO,16490,NVIDIA RTX5060-8GB(GDDR7),3335.5,,,,,,,,,,,,,,,,,,,,RTX5060,8,17.0,,,,,,,,,,,黑,,,,,2026-10-10 06:01
gpu,｛ZOTAC RTX5060 Twin Edge OC｝2527MHz/22cm/雙風扇/註冊五年/金屬背板,ZOTAC RTX5060 Twin Edge OC,15990,NVIDIA RTX5060-8GB(GDDR7),3336.5,,,,,,,,,,,,,,,,,,,,RTX5060,8,22.0,,,,,,,,,,,黑,,,,,2026-10-10 06:01
gpu,｛ZOTAC RTX5060 Twin Edge OC White Edition｝2527MHz/22cm/雙風扇/註五年/金屬背板,ZOTAC RTX5060 Twin Edge OC White Edition,16490,NVIDIA RTX5060-8GB(GDDR7),3337.5,,,,,,,,,,,,,,,,,,,,RTX5060,8,22.0,,,,,,,,,,,白,,,,,2026-10-10 06:01
gpu,｛ZOTAC RTX5060 Low Profile｝2497MHz/18.3cm/三風扇/短卡設計/註冊五年,ZOTAC RTX5060 Low Profile,16490,NVIDIA RTX5060-8GB(GDDR7),3338.5,,,,,,,,,,,,,,,,,,,,RTX5060,8,18.3,,,,,,,,,,,黑,,,,,2026-10-10 06:01
gpu,｛ZOTAC RTX5060 AMP｝2550MHz/22cm/雙風扇/註冊五年,ZOTAC RTX5060 AMP,16990,NVIDIA RTX5060-8GB(GDDR7),3339,,,,,,,,,,,,,,,,,,,,RTX5060,8,22.0,,,,,,,,,,,黑,,,,,2026-10-10 06:01
gpu,｛INNO3D RTX5060 8GB TWIN X2 V2｝2497MHz/23cm/註四年/雙風扇,INNO3D RTX5060 8GB TWIN X2 V2,15488,NVIDIA RTX5060-8GB(GDDR7),3341.5,,,,,,,,,,,,,,,,,,,,RTX5060,8,23.0,,,,,,,,,,,黑,,,,,2026-10-10 06:01
gpu,｛INNO3D RTX5060 8GB TWIN X2 OC WHITE｝2527MHz/25cm/超頻雙風扇/映雪,INNO3D RTX5060 8GB TWIN X2 OC WHITE,16488,NVIDIA RTX5060-8GB(GDDR7),3342.5,,,,,,,,,,,,,,,,,,,,RTX5060,8,25.0,,,,,,,,,,,白,,,,,2026-10-10 06:01
gpu,｛INNO3D RTX5060 X3 LOW PROFILE｝2497MHz/18cm/三風扇/註冊四年/短卡,INNO3D RTX5060 X3 LOW PROFILE,15488,NVIDIA RTX5060-8GB(GDDR7),3343.5,,,,,,,,,,,,,,,,,,,,RTX5060,8,18.0,,,,,,,,,,,黑,,,,,2026-10-10 06:01
gpu,｛華碩 PRIME-RTX5060TI-O8G｝2647MHz/31cm/三風扇/註五年/2.5 Slot 設計,華碩 PRIME-RTX5060TI-O8G,20990,NVIDIA RTX5060Ti-8GB(GDDR7),3347.5,,,,,,,,,,,,,,,,,,,,RTX5060Ti,8,31.0,,,,,,,,,,,黑,,,,,2026-10-10 06:01
gpu,｛華碩 T1-RTX5060TI-O8G-GAMING｝2662MHz/26.7cm/三風扇/註五年/T1冠軍戰隊版,華碩 T1-RTX5060TI-O8G-GAMING,21990,NVIDIA RTX5060Ti-8GB(GDDR7),3348.5,,,,,,,,,,,,,,,,,,,,RTX5060Ti,8,26.7,,,,,,,,,,,黑,,,,,2026-10-10 06:01
gpu,｛技嘉 RTX5060Ti WINDFORCE 8G｝2572MHz/21cm/雙風扇/註冊四年保,技嘉 RTX5060Ti WINDFORCE 8G,18590,NVIDIA RTX5060Ti-8GB(GDDR7),3349.5,,,,,,,,,,,,,,,,,,,,RTX5060Ti,8,21.0,,,,,,,,,,,黑,,,,,2026-10-10 06:01
gpu,｛技嘉 RTX5060Ti WINDFORCE OC 8G｝2587MHz/21cm/雙風扇/註四年保,技嘉 RTX5060Ti WINDFORCE OC 8G,18990,NVIDIA RTX5060Ti-8GB(GDDR7),3350.5,,,,,,,,,,,,,,,,,,,,RTX5060Ti,8,21.0,,,,,,,,,,,黑,,,,,2026-10-10 06:01
gpu,｛技嘉 RTX5060Ti WINDFORCE MAX OC 8G｝2587MHz/21cm/雙風扇/註冊四年保,技嘉 RTX5060Ti WINDFORCE MAX OC 8G,18990,NVIDIA RTX5060Ti-8GB(GDDR7),3351.5,,,,,,,,,,,,,,,,,,,,RTX5060Ti,8,21.0,,,,,,,,,,,黑,,,,,2026-10-10 06:01
gpu,｛技嘉 RTX5060Ti EAGLE OC 8G｝2617MHz/22cm/雙風扇/註冊五年保,技嘉 RTX5060Ti EAGLE OC 8G,19490,NVIDIA RTX5060Ti-8GB(GDDR7),3352.5,,,,,,,,,,,,,,,,,,,,RTX5060Ti,8,22.0,,,,,,,,,,,黑,,,,,2026-10-10 06:01
gpu,｛技嘉 RTX5060Ti EAGLE MAX OC 8G｝2617MHz/28cm/三風扇/註冊五年保,技嘉 RTX5060Ti EAGLE MAX OC 8G,19490,NVIDIA RTX5060Ti-8GB(GDDR7),3353.5,,,,,,,,,,,,,,,,,,,,RTX5060Ti,8,28.0,,,,,,,,,,,黑,,,,,2026-10-10 06:01
gpu,｛技嘉 RTX5060Ti EAGLE OC ICE 8G｝2617MHz/22cm/雙風扇/註冊五年保/白,技嘉 RTX5060Ti EAGLE OC ICE 8G,19990,NVIDIA RTX5060Ti-8GB(GDDR7),3354.5,,,,,,,,,,,,,,,,,,,,RTX5060Ti,8,22.0,,,,,,,,,,,白,,,,,2026-10-10 06:01
gpu,｛技嘉 RTX5060Ti GAMING OC 8G｝2647MHz/28cm/三風扇/註冊五年保,技嘉 RTX5060Ti GAMING OC 8G,20990,NVIDIA RTX5060Ti-8GB(GDDR7),3355.5,,,,,,,,,,,,,,,,,,,,RTX5060Ti,8,28.0,,,,,,,,,,,黑,,,,,2026-10-10 06:01
gpu,｛技嘉 RTX5060Ti AERO OC 8G｝2647MHz/28cm/三風扇/註冊五年保/白,技嘉 RTX5060Ti AERO OC 8G,21590,NVIDIA RTX5060Ti-8GB(GDDR7),3356.5,,,,,,,,,,,,,,,,,,,,RTX5060Ti,8,28.0,,,,,,,,,,,白,,,,,2026-10-10 06:01
gpu,｛微星 RTX5060Ti 8G CYCLONE OC｝2617MHz/16cm/免註冊五年保 [獨家-雪螳螂],微星 RTX5060Ti 8G CYCLONE OC,18990,NVIDIA RTX5060Ti-8GB(GDDR7),3357.5,,,,,,,,,,,,,,,,,,,,RTX5060Ti,8,16.0,,,,,,,,,,,白,,,,,2026-10-10 06:01
gpu,｛微星 RTX5060Ti 8G VENTUS 2X PLUS｝2587MHz/23cm/雙風扇/註四年,微星 RTX5060Ti 8G VENTUS 2X PLUS,18990,NVIDIA RTX5060Ti-8GB(GDDR7),3358.5,,,,,,,,,,,,,,,,,,,,RTX5060Ti,8,23.0,,,,,,,,,,,黑,,,,,2026-10-10 06:01
gpu,｛微星 RTX5060Ti 8G SHADOW 2X OC PLUS｝2617MHz/23cm/雙風扇/註四年,微星 RTX5060Ti 8G SHADOW 2X OC PLUS,18990,NVIDIA RTX5060Ti-8GB(GDDR7),3359.5,,,,,,,,,,,,,,,,,,,,RTX5060Ti,8,23.0,,,,,,,,,,,黑,,,,,2026-10-10 06:01
gpu,｛微星 RTX5060Ti 8G VENTUS 2X OC PLUS｝2617MHz/23cm/雙風扇/註四年,微星 RTX5060Ti 8G VENTUS 2X OC PLUS,19590,NVIDIA RTX5060Ti-8GB(GDDR7),3360.5,,,,,,,,,,,,,,,,,,,,RTX5060Ti,8,23.0,,,,,,,,,,,黑,,,,,2026-10-10 06:01
gpu,｛微星 RTX5060Ti 8G VENTUS 2X OC WHITE PLUS｝2617MHz/23cm/雙風/註四年/白,微星 RTX5060Ti 8G VENTUS 2X OC WHITE PLUS,19990,NVIDIA RTX5060Ti-8GB(GDDR7),3361.5,,,,,,,,,,,,,,,,,,,,RTX5060Ti,8,23.0,,,,,,,,,,,白,,,,,2026-10-10 06:01
gpu,｛微星 RTX5060Ti 8G VENTUS 3X OC｝2617MHz/31cm/三風扇/註五年,微星 RTX5060Ti 8G VENTUS 3X OC,19990,NVIDIA RTX5060Ti-8GB(GDDR7),3362.5,,,,,,,,,,,,,,,,,,,,RTX5060Ti,8,31.0,,,,,,,,,,,黑,,,,,2026-10-10 06:01
gpu,｛微星 RTX5060Ti 8G GAMING TRIO OC｝2662MHz/30cm/三風扇/註五年,微星 RTX5060Ti 8G GAMING TRIO OC,20990,NVIDIA RTX5060Ti-8GB(GDDR7),3363.5,,,,,,,,,,,,,,,,,,,,RTX5060Ti,8,30.0,,,,,,,,,,,黑,,,,,2026-10-10 06:01
gpu,｛微星 RTX5060Ti 8G GAMING TRIO OC WHITE｝2662MHz/30cm/三風扇/註五年/白,微星 RTX5060Ti 8G GAMING TRIO OC WHITE,21590,NVIDIA RTX5060Ti-8GB(GDDR7),3364,,,,,,,,,,,,,,,,,,,,RTX5060Ti,8,30.0,,,,,,,,,,,白,,,,,2026-10-10 06:01
gpu,｛ZOTAC RTX5060Ti 8GB 月白 OC｝2602MHz/30cm/三風扇/免註冊五年保/白 [獨家版],ZOTAC RTX5060Ti 8GB 月白 OC,19490,NVIDIA RTX5060Ti-8GB(GDDR7),3366.5,,,,,,,,,,,,,,,,,,,,RTX5060Ti,8,30.0,,,,,,,,,,,白,,,,,2026-10-10 06:01
gpu,｛ZOTAC RTX5060Ti 8GB Twin Edge OC｝2602MHz/22cm/雙風扇/註五年/金屬背板,ZOTAC RTX5060Ti 8GB Twin Edge OC,19490,NVIDIA RTX5060Ti-8GB(GDDR7),3367.5,,,,,,,,,,,,,,,,,,,,RTX5060Ti,8,22.0,,,,,,,,,,,黑,,,,,2026-10-10 06:01
gpu,｛ZOTAC RTX5060Ti 8GB AMP｝2632MHz/22cm/雙風扇/註五年/金屬背板,ZOTAC RTX5060Ti 8GB AMP,20490,NVIDIA RTX5060Ti-8GB(GDDR7),3368.5,,,,,,,,,,,,,,,,,,,,RTX5060Ti,8,22.0,,,,,,,,,,,黑,,,,,2026-10-10 06:01
gpu,｛INNO3D RTX5060Ti 8GB TWIN X2｝2572MHz/25cm/註四年/雙風扇,INNO3D RTX5060Ti 8GB TWIN X2,18488,NVIDIA RTX5060Ti-8GB(GDDR7),3369.5,,,,,,,,,,,,,,,,,,,,RTX5060Ti,8,25.0,,,,,,,,,,,黑,,,,,2026-10-10 06:01
gpu,｛INNO3D RTX5060Ti 8GB TWIN X2 OC WHITE｝2602MHz/25cm/註四年/雙風/映雪,INNO3D RTX5060Ti 8GB TWIN X2 OC WHITE,19488,NVIDIA RTX5060Ti-8GB(GDDR7),3370.5,,,,,,,,,,,,,,,,,,,,RTX5060Ti,8,25.0,,,,,,,,,,,白,,,,,2026-10-10 06:01
gpu,｛華碩 DUAL-RTX5060TI-O16G｝2632MHz/23cm/雙風扇/註冊四年保固,華碩 DUAL-RTX5060TI-O16G,25590,NVIDIA RTX5060Ti-16GB(GDDR7),3372,,,,,,,,,,,,,,,,,,,,RTX5060Ti,16,23.0,,,,,,,,,,,黑,,,,,2026-10-10 06:01
gpu,｛華碩 DUAL-RTX5060TI-O16G-WHITE｝2632MHz/23cm/雙風扇/註冊四年保/白,華碩 DUAL-RTX5060TI-O16G-WHITE,26590,NVIDIA RTX5060Ti-16GB(GDDR7),3373.5,,,,,,,,,,,,,,,,,,,,RTX5060Ti,16,23.0,,,,,,,,,,,白,,,,,2026-10-10 06:01
gpu,｛華碩 PRIME-RTX5060TI-16G｝2602MHz/31cm/三風扇/註冊五年保固,華碩 PRIME-RTX5060TI-16G,26590,NVIDIA RTX5060Ti-16GB(GDDR7),3374,,,,,,,,,,,,,,,,,,,,RTX5060Ti,16,31.0,,,,,,,,,,,黑,,,,,2026-10-10 06:01
gpu,｛華碩 PRIME-RTX5060TI-O16G｝2647MHz/31cm/三風扇/註冊五年保固,華碩 PRIME-RTX5060TI-O16G,27590,NVIDIA RTX5060Ti-16GB(GDDR7),3375,,,,,,,,,,,,,,,,,,,,RTX5060Ti,16,31.0,,,,,,,,,,,黑,,,,,2026-10-10 06:01
gpu,｛華碩 TUF-RTX5060TI-O16G-GAMING｝2692MHz/30cm/三風扇/註五年,華碩 TUF-RTX5060TI-O16G-GAMING,28990,NVIDIA RTX5060Ti-16GB(GDDR7),3376,,,,,,,,,,,,,,,,,,,,RTX5060Ti,16,30.0,,,,,,,,,,,黑,,,,,2026-10-10 06:01
gpu,｛技嘉 RTX5060Ti WINDFORCE OC 16G(2587MHz/21cm/雙風扇/註冊四年保),｛技嘉 RTX5060Ti WINDFORCE OC 16G(2587MHz/21cm/雙風扇/註冊四年保),27490,NVIDIA RTX5060Ti-16GB(GDDR7),3378,,,,,,,,,,,,,,,,,,,,RTX5060Ti,16,21.0,,,,,,,,,,,黑,,,,,2026-10-10 06:01
gpu,｛技嘉 RTX5060Ti EAGLE OC ICE 16G｝2617MHz/22cm/雙風扇/註五年/冰魄白,技嘉 RTX5060Ti EAGLE OC ICE 16G,28290,NVIDIA RTX5060Ti-16GB(GDDR7),3382.5,,,,,,,,,,,,,,,,,,,,RTX5060Ti,16,22.0,,,,,,,,,,,白,,,,,2026-10-10 06:01
gpu,｛技嘉 RTX5060Ti AERO OC 16G｝白/2647MHz/28cm/三風扇/註五年,技嘉 RTX5060Ti AERO OC 16G,28990,NVIDIA RTX5060Ti-16GB(GDDR7),3384,,,,,,,,,,,,,,,,,,,,RTX5060Ti,16,28.0,,,,,,,,,,,白,,,,,2026-10-10 06:01
gpu,｛微星 RTX5060Ti 16G CYCLONE OC｝2617MHz/16cm/免註冊五年保 [獨家-雪螳螂],微星 RTX5060Ti 16G CYCLONE OC,25590,NVIDIA RTX5060Ti-16GB(GDDR7),3387.5,,,,,,,,,,,,,,,,,,,,RTX5060Ti,16,16.0,,,,,,,,,,,白,,,,,2026-10-10 06:01
gpu,｛微星 RTX5060Ti 16G SHADOW 2X OC PLUS｝2617MHz/23cm/雙風扇/註四年,微星 RTX5060Ti 16G SHADOW 2X OC PLUS,25590,NVIDIA RTX5060Ti-16GB(GDDR7),3388.5,,,,,,,,,,,,,,,,,,,,RTX5060Ti,16,23.0,,,,,,,,,,,黑,,,,,2026-10-10 06:01
gpu,｛微星 RTX5060Ti 16G VENTUS 2X OC PLUS｝2617MHz/23cm/雙風扇/註四年,微星 RTX5060Ti 16G VENTUS 2X OC PLUS,25990,NVIDIA RTX5060Ti-16GB(GDDR7),3389.5,,,,,,,,,,,,,,,,,,,,RTX5060Ti,16,23.0,,,,,,,,,,,黑,,,,,2026-10-10 06:01
gpu,｛微星 RTX5060Ti 16G GAMING TRIO OC｝2662MHz/30cm/三風扇/註五年,微星 RTX5060Ti 16G GAMING TRIO OC,27990,NVIDIA RTX5060Ti-16GB(GDDR7),3390,,,,,,,,,,,,,,,,,,,,RTX5060Ti,16,30.0,,,,,,,,,,,黑,,,,,2026-10-10 06:01
gpu,｛INNO3D RTX5060Ti 16GB TWIN X2｝2572MHz/25cm/註四年/雙風扇,INNO3D RTX5060Ti 16GB TWIN X2,24488,NVIDIA RTX5060Ti-16GB(GDDR7),3394,,,,,,,,,,,,,,,,,,,,RTX5060Ti,16,25.0,,,,,,,,,,,黑,,,,,2026-10-10 06:01
gpu,｛華碩 T1-RTX5070-O12G-GAMING｝2595MHz/31cm/三風扇/註五年/T1冠軍戰隊版,華碩 T1-RTX5070-O12G-GAMING,32990,NVIDIA RTX5070-12GB(GDDR7),3401.5,,,,,,,,,,,,,,,,,,,,RTX5070,12,31.0,,,,,,,,,,,黑,,,,,2026-10-10 06:01
gpu,｛技嘉 RTX5070 WINDFORCE OC SFF 12G｝2542MHz/29cm/三風扇/註冊四年保,技嘉 RTX5070 WINDFORCE OC SFF 12G,29990,NVIDIA RTX5070-12GB(GDDR7),3402.5,,,,,,,,,,,,,,,,,,,,RTX5070,12,29.0,,,,,,,,,,,黑,,,,,2026-10-10 06:01
gpu,｛技嘉 RTX5070 EAGLE OC SFF 12G｝2587MHz/29cm/三風扇/註五年,技嘉 RTX5070 EAGLE OC SFF 12G,30990,NVIDIA RTX5070-12GB(GDDR7),3403.5,,,,,,,,,,,,,,,,,,,,RTX5070,12,29.0,,,,,,,,,,,黑,,,,,2026-10-10 06:01
gpu,｛技嘉 RTX5070 EAGLE OC ICE SFF 12G｝2587MHz/29cm/三風扇/註五年/冰魄白,技嘉 RTX5070 EAGLE OC ICE SFF 12G,31490,NVIDIA RTX5070-12GB(GDDR7),3404.5,,,,,,,,,,,,,,,,,,,,RTX5070,12,29.0,,,,,,,,,,,白,,,,,2026-10-10 06:01
gpu,｛技嘉 RTX5070 GAMING OC 12G｝2625MHz/33cm/三風扇/註五年,技嘉 RTX5070 GAMING OC 12G,32490,NVIDIA RTX5070-12GB(GDDR7),3405.5,,,,,,,,,,,,,,,,,,,,RTX5070,12,33.0,,,,,,,,,,,黑,,,,,2026-10-10 06:01
gpu,｛技嘉 RTX5070 AERO OC 12G｝2625MHz/33cm/三風扇/註五年,技嘉 RTX5070 AERO OC 12G,32990,NVIDIA RTX5070-12GB(GDDR7),3406.5,,,,,,,,,,,,,,,,,,,,RTX5070,12,33.0,,,,,,,,,,,黑,,,,,2026-10-10 06:01
gpu,｛技嘉 AORUS RTX5070 MASTER 12G｝2715MHz/32cm/三風扇/註五年,技嘉 AORUS RTX5070 MASTER 12G,33990,NVIDIA RTX5070-12GB(GDDR7),3407,,,,,,,,,,,,,,,,,,,,RTX5070,12,32.0,,,,,,,,,,,黑,,,,,2026-10-10 06:01
gpu,｛技嘉 AORUS RTX5070 INFINITY 12G｝2715MHz/31cm/渦流雙風扇/註五年,技嘉 AORUS RTX5070 INFINITY 12G,33990,NVIDIA RTX5070-12GB(GDDR7),3408.5,,,,,,,,,,,,,,,,,,,,RTX5070,12,31.0,,,,,,,,,,,黑,,,,,2026-10-10 06:01
gpu,｛微星 RTX5070 12G SHADOW 2X OC｝2557MHz/24cm/雙風扇/註四年,微星 RTX5070 12G SHADOW 2X OC,29990,NVIDIA RTX5070-12GB(GDDR7),3410.5,,,,,,,,,,,,,,,,,,,,RTX5070,12,24.0,,,,,,,,,,,黑,,,,,2026-10-10 06:01
gpu,｛微星 RTX5070 12G VENTUS 2X OC｝2557MHz/24cm/雙風扇/註四年,微星 RTX5070 12G VENTUS 2X OC,30590,NVIDIA RTX5070-12GB(GDDR7),3411.5,,,,,,,,,,,,,,,,,,,,RTX5070,12,24.0,,,,,,,,,,,黑,,,,,2026-10-10 06:01
gpu,｛微星 RTX5070 12G VENTUS 2X OC WHITE｝2557MHz/24cm/雙風扇/雪白,微星 RTX5070 12G VENTUS 2X OC WHITE,30990,NVIDIA RTX5070-12GB(GDDR7),3412.5,,,,,,,,,,,,,,,,,,,,RTX5070,12,24.0,,,,,,,,,,,白,,,,,2026-10-10 06:01
gpu,｛微星 RTX5070 12G INSPIRE 3X OC｝2557MHz/29cm/三風扇/註五年,微星 RTX5070 12G INSPIRE 3X OC,30990,NVIDIA RTX5070-12GB(GDDR7),3413.5,,,,,,,,,,,,,,,,,,,,RTX5070,12,29.0,,,,,,,,,,,黑,,,,,2026-10-10 06:01
gpu,｛微星 RTX5070 12G VENTUS 3X OC｝2557MHz/31cm/三風扇/註五年,微星 RTX5070 12G VENTUS 3X OC,31590,NVIDIA RTX5070-12GB(GDDR7),3414.5,,,,,,,,,,,,,,,,,,,,RTX5070,12,31.0,,,,,,,,,,,黑,,,,,2026-10-10 06:01
gpu,｛微星 RTX5070 12G GAMING TRIO OC｝2625MHz/34cm/三風扇/註五年,微星 RTX5070 12G GAMING TRIO OC,32990,NVIDIA RTX5070-12GB(GDDR7),3415.5,,,,,,,,,,,,,,,,,,,,RTX5070,12,34.0,,,,,,,,,,,黑,,,,,2026-10-10 06:01
gpu,｛ZOTAC RTX5070 Twin Edge｝2512MHz/24cm/雙風扇/註五年,ZOTAC RTX5070 Twin Edge,28990,NVIDIA RTX5070-12GB(GDDR7),3419.5,,,,,,,,,,,,,,,,,,,,RTX5070,12,24.0,,,,,,,,,,,黑,,,,,2026-10-10 06:01
gpu,｛ZOTAC RTX5070 Twin Edge OC｝2542MHz/24cm/雙風扇/註五年,ZOTAC RTX5070 Twin Edge OC,29990,NVIDIA RTX5070-12GB(GDDR7),3420.5,,,,,,,,,,,,,,,,,,,,RTX5070,12,24.0,,,,,,,,,,,黑,,,,,2026-10-10 06:01
gpu,｛ZOTAC RTX5070 SOLID｝2512MHz/31cm/三風扇/註五年,ZOTAC RTX5070 SOLID,30990,NVIDIA RTX5070-12GB(GDDR7),3421.5,,,,,,,,,,,,,,,,,,,,RTX5070,12,31.0,,,,,,,,,,,黑,,,,,2026-10-10 06:01
gpu,｛ZOTAC RTX5070 SOLID OC｝2542MHz/31cm/三風扇/註五年,ZOTAC RTX5070 SOLID OC,31490,NVIDIA RTX5070-12GB(GDDR7),3422.5,,,,,,,,,,,,,,,,,,,,RTX5070,12,31.0,,,,,,,,,,,黑,,,,,2026-10-10 06:01
gpu,｛ZOTAC RTX5070 AMP White Edition｝2587MHz/31cm/三風扇/註五年,ZOTAC RTX5070 AMP White Edition,31990,NVIDIA RTX5070-12GB(GDDR7),3423.5,,,,,,,,,,,,,,,,,,,,RTX5070,12,31.0,,,,,,,,,,,白,,,,,2026-10-10 06:01
gpu,｛INNO3D RTX5070 TWIN X2｝2512MHz/25cm/雙風扇/註四年,INNO3D RTX5070 TWIN X2,28888,NVIDIA RTX5070-12GB(GDDR7),3424.5,,,,,,,,,,,,,,,,,,,,RTX5070,12,25.0,,,,,,,,,,,黑,,,,,2026-10-10 06:01
gpu,｛INNO3D RTX5070 TWIN X2 OC WHITE｝2542MHz/25cm/超頻雙風/白註四年,INNO3D RTX5070 TWIN X2 OC WHITE,29888,NVIDIA RTX5070-12GB(GDDR7),3425.5,,,,,,,,,,,,,,,,,,,,RTX5070,12,25.0,,,,,,,,,,,白,,,,,2026-10-10 06:01
gpu,｛INNO3D RTX5070 iChill X3｝2572MHz/34cm/ARGB三風扇/註冊五年,INNO3D RTX5070 iChill X3,30888,NVIDIA RTX5070-12GB(GDDR7),3426.5,,,,,,,,,,,,,,,,,,,,RTX5070,12,34.0,,,,,,,,,,,黑,,,,,2026-10-10 06:01
gpu,限搭機｛技嘉 RTX5070Ti WINDFORCE OC SFF 16G｝2497MHz/31cm/三風扇/註四年,技嘉 RTX5070Ti WINDFORCE OC SFF 16G,44990,NVIDIA RTX5070Ti-16GB(GDDR7),3433.5,,,,,,,,,,,,,,,,,,,,RTX5070Ti,16,31.0,,,,,,,,,,,黑,,,,,2026-10-10 06:01
gpu,限搭機｛技嘉 RTX5070Ti EAGLE OC SFF 16G｝2542MHz/31cm/三風扇/註五年,技嘉 RTX5070Ti EAGLE OC SFF 16G,45990,NVIDIA RTX5070Ti-16GB(GDDR7),3434.5,,,,,,,,,,,,,,,,,,,,RTX5070Ti,16,31.0,,,,,,,,,,,黑,,,,,2026-10-10 06:01
gpu,限搭機｛技嘉 RTX5070Ti EAGLE OC ICE SFF 16G｝2542MHz/31cm/三風扇/註五年,技嘉 RTX5070Ti EAGLE OC ICE SFF 16G,45990,NVIDIA RTX5070Ti-16GB(GDDR7),3435,,,,,,,,,,,,,,,,,,,,RTX5070Ti,16,31.0,,,,,,,,,,,白,,,,,2026-10-10 06:01
gpu,限搭機｛技嘉 RTX5070Ti GAMING OC 16G｝2588MHz/34cm/三風扇/註五年,技嘉 RTX5070Ti GAMING OC 16G,46990,NVIDIA RTX5070Ti-16GB(GDDR7),3436.5,,,,,,,,,,,,,,,,,,,,RTX5070Ti,16,34.0,,,,,,,,,,,黑,,,,,2026-10-10 06:01
gpu,限搭機｛微星 RTX5070Ti 16G SHADOW 3X OC｝2497MHz/31cm/三風扇/註四年,微星 RTX5070Ti 16G SHADOW 3X OC,44990,NVIDIA RTX5070Ti-16GB(GDDR7),3440,,,,,,,,,,,,,,,,,,,,RTX5070Ti,16,31.0,,,,,,,,,,,黑,,,,,2026-10-10 06:01
gpu,｛微星 RTX5070Ti 16G INSPIRE 3X OC｝2497MHz/29cm/三風扇/註五年,微星 RTX5070Ti 16G INSPIRE 3X OC,45990,NVIDIA RTX5070Ti-16GB(GDDR7),3441,,,,,,,,,,,,,,,,,,,,RTX5070Ti,16,29.0,,,,,,,,,,,黑,,,,,2026-10-10 06:01
gpu,｛ZOTAC RTX5070Ti 16GB 天啟 OC｝2572MHz/36cm/三風扇/免註冊五年保 [獨家版],ZOTAC RTX5070Ti 16GB 天啟 OC,46490,NVIDIA RTX5070Ti-16GB(GDDR7),3447.5,,,,,,,,,,,,,,,,,,,,RTX5070Ti,16,36.0,,,,,,,,,,,黑,,,,,2026-10-10 06:01
gpu,｛華碩 PRIME-RTX5080-16G-EVO｝2640MHz/31cm/三風扇/註五年/2.5 Slot,華碩 PRIME-RTX5080-16G-EVO,53990,NVIDIA RTX5080-16GB(GDDR7),3452.5,,,,,,,,,,,,,,,,,,,,RTX5080,16,31.0,,,,,,,,,,,黑,,,,,2026-10-10 06:01
gpu,｛技嘉 RTX5080 WINDFORCE OC SFF 16G｝2670MHz/31cm/三風扇/註冊四年保,技嘉 RTX5080 WINDFORCE OC SFF 16G,53990,NVIDIA RTX5080-16GB(GDDR7),3460.5,,,,,,,,,,,,,,,,,,,,RTX5080,16,31.0,,,,,,,,,,,黑,,,,,2026-10-10 06:01
gpu,｛技嘉 RTX5080 WINDFORCE OC V2 SFF 16G｝2670MHz/31cm/三風扇/註冊四年保,技嘉 RTX5080 WINDFORCE OC V2 SFF 16G,53990,NVIDIA RTX5080-16GB(GDDR7),3461.5,,,,,,,,,,,,,,,,,,,,RTX5080,16,31.0,,,,,,,,,,,黑,,,,,2026-10-10 06:01
gpu,｛技嘉 RTX5080 GAMING OC 16G｝2730MHz/34cm/三風扇/註冊五年保,技嘉 RTX5080 GAMING OC 16G,54990,NVIDIA RTX5080-16GB(GDDR7),3462.5,,,,,,,,,,,,,,,,,,,,RTX5080,16,34.0,,,,,,,,,,,黑,,,,,2026-10-10 06:01
gpu,｛技嘉 AORUS RTX5080 INFINITY WOOD 16G｝2805MHz/33cm/渦流雙風/註五年/白,技嘉 AORUS RTX5080 INFINITY WOOD 16G,63990,NVIDIA RTX5080-16GB(GDDR7),3467.5,,,,,,,,,,,,,,,,,,,,RTX5080,16,33.0,,,,,,,,,,,白,,,,,2026-10-10 06:01
gpu,｛微星 RTX5080 16G INSPIRE 3X OC｝2655MHz/29cm/三風扇/註五年,微星 RTX5080 16G INSPIRE 3X OC,53990,NVIDIA RTX5080-16GB(GDDR7),3470.5,,,,,,,,,,,,,,,,,,,,RTX5080,16,29.0,,,,,,,,,,,黑,,,,,2026-10-10 06:01
gpu,｛微星 RTX5080 16G VENTUS 3X OC｝2655MHz/31cm/三風扇/註五年,微星 RTX5080 16G VENTUS 3X OC,53990,NVIDIA RTX5080-16GB(GDDR7),3471.5,,,,,,,,,,,,,,,,,,,,RTX5080,16,31.0,,,,,,,,,,,黑,,,,,2026-10-10 06:01
gpu,｛ZOTAC RTX5080 SOLID CORE OC｝2640MHz/31cm/三風扇/註五年,ZOTAC RTX5080 SOLID CORE OC,53990,NVIDIA RTX5080-16GB(GDDR7),3477.5,,,,,,,,,,,,,,,,,,,,RTX5080,16,31.0,,,,,,,,,,,黑,,,,,2026-10-10 06:01
gpu,｛ZOTAC RTX5080 SOLID OC White Edition｝2640MHz/33cm/三風扇/註五年/白色,ZOTAC RTX5080 SOLID OC White Edition,54990,NVIDIA RTX5080-16GB(GDDR7),3478.5,,,,,,,,,,,,,,,,,,,,RTX5080,16,33.0,,,,,,,,,,,白,,,,,2026-10-10 06:01
gpu,｛ZOTAC RTX5080 SOLID CORE OC 20th Anniversary Edition｝二十周年紀念版,ZOTAC RTX5080 SOLID CORE OC 20th Anniversary Edition,55990,NVIDIA RTX5080-16GB(GDDR7),3479.5,,,,,,,,,,,,,,,,,,,,RTX5080,16,,,,,,,,,,,,黑,,,,,2026-10-10 06:01
gpu,｛INNO3D RTX5080 X3｝2617MHz/30cm/三風扇/Dual Slot/註四年,INNO3D RTX5080 X3,52888,NVIDIA RTX5080-16GB(GDDR7),3480.5,,,,,,,,,,,,,,,,,,,,RTX5080,16,30.0,,,,,,,,,,,黑,,,,,2026-10-10 06:01
gpu,｛INNO3D RTX5080 X3 OC｝2640MHz/30cm/註四年/超頻三風扇/註四年,INNO3D RTX5080 X3 OC,53888,NVIDIA RTX5080-16GB(GDDR7),3481,,,,,,,,,,,,,,,,,,,,RTX5080,16,30.0,,,,,,,,,,,黑,,,,,2026-10-10 06:01
gpu,｛INNO3D RTX5080 X3 OC WHITE｝2640MHz/30cm/超頻三風扇/註四年/映雪,INNO3D RTX5080 X3 OC WHITE,53888,NVIDIA RTX5080-16GB(GDDR7),3482.5,,,,,,,,,,,,,,,,,,,,RTX5080,16,30.0,,,,,,,,,,,白,,,,,2026-10-10 06:01
gpu,｛INNO3D RTX5080 iChill X3 V2｝2715MHz/34cm/ARGB三風扇/註冊五年,INNO3D RTX5080 iChill X3 V2,54888,NVIDIA RTX5080-16GB(GDDR7),3483.5,,,,,,,,,,,,,,,,,,,,RTX5080,16,34.0,,,,,,,,,,,黑,,,,,2026-10-10 06:01
gpu,｛藍寶石 白金版 PULSE RX7650GRE GAMING 8GB｝2695MHz/24cm/雙風/註五年/金屬背板,藍寶石 白金版 PULSE RX7650GRE GAMING 8GB,10590,AMD Radeon RX7650GRE-8G,3538.5,,,,,,,,,,,,,,,,,,,,RX7650GRE,8,24.0,,,,,,,,,,,白,,,,,2026-10-10 06:01
gpu,｛藍寶石 極地 PURE RX7650GRE GAMING 8GB｝2695MHz/24cm/雙風/註五年/白/金屬背板,藍寶石 極地 PURE RX7650GRE GAMING 8GB,10390,AMD Radeon RX7650GRE-8G,3539.5,,,,,,,,,,,,,,,,,,,,RX7650GRE,8,24.0,,,,,,,,,,,白,,,,,2026-10-10 06:01
gpu,｛撼訊 RX7650GRE 8G-L/OC Hellhound 暗黑犬｝2755MHz/24cm/雙風扇/註四年,撼訊 RX7650GRE 8G-L/OC Hellhound 暗黑犬,11990,AMD Radeon RX7650GRE-8G,3540.5,,,,,,,,,,,,,,,,,,,,RX7650GRE,8,24.0,,,,,,,,,,,黑,,,,,2026-10-10 06:01
gpu,｛技嘉 RX9060XT GAMING OC 8G｝3320MHz/28cm/三風扇/註冊五年保,技嘉 RX9060XT GAMING OC 8G,14890,AMD Radeon RX9060XT-8G,3543.5,,,,,,,,,,,,,,,,,,,,RX9060XT,8,28.0,,,,,,,,,,,黑,,,,,2026-10-10 06:01
gpu,｛撼訊 RX9060XT 8G-L/OC Hellhound 暗黑犬｝3310MHz/33cm/三風/註四年/MIT台灣製,撼訊 RX9060XT 8G-L/OC Hellhound 暗黑犬,15290,AMD Radeon RX9060XT-8G,3547.5,,,,,,,,,,,,,,,,,,,,RX9060XT,8,33.0,,,,,,,,,,,黑,,,,,2026-10-10 06:01
gpu,｛華碩 DUAL-RX9060XT-16G｝3250MHz/21cm/雙風扇/註冊四年保,華碩 DUAL-RX9060XT-16G,21000,AMD Radeon RX9060XT-16G,3549.5,,,,,,,,,,,,,,,,,,,,RX9060XT,16,21.0,,,,,,,,,,,黑,,,,,2026-10-10 06:01
gpu,｛華碩 PRIME-RX9060XT-O16G｝3330MHz/31cm/三風扇/註冊五年保,華碩 PRIME-RX9060XT-O16G,20900,AMD Radeon RX9060XT-16G,3552.5,,,,,,,,,,,,,,,,,,,,RX9060XT,16,31.0,,,,,,,,,,,黑,,,,,2026-10-10 06:01
gpu,｛技嘉 RX9060XT GAMING 16G｝3230MHz/28cm/三風扇/註冊五年保,技嘉 RX9060XT GAMING 16G,20890,AMD Radeon RX9060XT-16G,3553.5,,,,,,,,,,,,,,,,,,,,RX9060XT,16,28.0,,,,,,,,,,,黑,,,,,2026-10-10 06:01
gpu,｛技嘉 RX9060XT GAMING OC 16G｝3300MHz/28cm/三風扇/註冊五年保,技嘉 RX9060XT GAMING OC 16G,20990,AMD Radeon RX9060XT-16G,3554.5,,,,,,,,,,,,,,,,,,,,RX9060XT,16,28.0,,,,,,,,,,,黑,,,,,2026-10-10 06:01
gpu,｛技嘉 RX9060XT GAMING OC ICE 16G｝3320MHz/28cm/三風扇/註冊五年保/白,技嘉 RX9060XT GAMING OC ICE 16G,21890,AMD Radeon RX9060XT-16G,3555.5,,,,,,,,,,,,,,,,,,,,RX9060XT,16,28.0,,,,,,,,,,,白,,,,,2026-10-10 06:01
gpu,｛華擎 RX9060XT Challenger 16GB OC｝3290MHz/25cm/雙風扇/註冊四年保,華擎 RX9060XT Challenger 16GB OC,19490,AMD Radeon RX9060XT-16G,3556.5,,,,,,,,,,,,,,,,,,,,RX9060XT,16,25.0,,,,,,,,,,,黑,,,,,2026-10-10 06:01
gpu,｛Acer Nitro RX9060XT OC 16GB｝3320MHz/27cm/雙風扇/三年保固,Acer Nitro RX9060XT OC 16GB,19990,AMD Radeon RX9060XT-16G,3557,,,,,,,,,,,,,,,,,,,,RX9060XT,16,27.0,,,,,,,,,,,黑,,,,,2026-10-10 06:01
gpu,｛藍寶石 脈動 PULSE RX9060XT GAMING OC 16GB｝3290MHz/25cm/雙風/註五年/金屬背板,藍寶石 脈動 PULSE RX9060XT GAMING OC 16GB,20490,AMD Radeon RX9060XT-16G,3559.5,,,,,,,,,,,,,,,,,,,,RX9060XT,16,25.0,,,,,,,,,,,黑,,,,,2026-10-10 06:01
gpu,｛藍寶石 極地 PURE RX9060XT GAMING OC 16GB｝3290MHz/24cm/雙風/註五年/白/金屬背板,藍寶石 極地 PURE RX9060XT GAMING OC 16GB,20990,AMD Radeon RX9060XT-16G,3560.5,,,,,,,,,,,,,,,,,,,,RX9060XT,16,24.0,,,,,,,,,,,白,,,,,2026-10-10 06:01
gpu,｛藍寶石 氮動 NITRO+ RX9060XT GAMING OC 16GB｝3320MHz/30cm/三風/註五年/金屬背板,藍寶石 氮動 NITRO+ RX9060XT GAMING OC 16GB,21490,AMD Radeon RX9060XT-16G,3561.5,,,,,,,,,,,,,,,,,,,,RX9060XT,16,30.0,,,,,,,,,,,黑,,,,,2026-10-10 06:01
gpu,｛撼訊 RX9060XT 16G-A Reaper 遊蕩者｝3230MHz/22cm/雙風扇/三年保固/MIT台灣製,撼訊 RX9060XT 16G-A Reaper 遊蕩者,20990,AMD Radeon RX9060XT-16G,3562.5,,,,,,,,,,,,,,,,,,,,RX9060XT,16,22.0,,,,,,,,,,,黑,,,,,2026-10-10 06:01
gpu,｛華碩 ATS-RX9070GRE-O12G ｝2880MHz/31cm/三風扇/免註冊五年保 [獨家-巨齒鯊],華碩 ATS-RX9070GRE-O12G,22000,AMD Radeon RX9070GRE-12G,3566.5,,,,,,,,,,,,,,,,,,,,RX9070GRE,12,31.0,,,,,,,,,,,黑,,,,,2026-10-10 06:01
gpu,｛技嘉 RX9070GRE GAMING OC 12G｝2920MHz/29cm/三風扇/註冊五年保,技嘉 RX9070GRE GAMING OC 12G,21990,AMD Radeon RX9070GRE-12G,3568,,,,,,,,,,,,,,,,,,,,RX9070GRE,12,29.0,,,,,,,,,,,黑,,,,,2026-10-10 06:01
gpu,｛華擎 RX9070GRE Steel Legend Dark 12GB OC｝2920MHz/30cm/三風扇/註五保,華擎 RX9070GRE Steel Legend Dark 12GB OC,22000,AMD Radeon RX9070GRE-12G,3569.5,,,,,,,,,,,,,,,,,,,,RX9070GRE,12,30.0,,,,,,,,,,,黑,,,,,2026-10-10 06:01
gpu,｛藍寶石 脈動 PULSE RX9070GRE GAMING 12GB｝2790MHz/28cm/雙風/註五年,藍寶石 脈動 PULSE RX9070GRE GAMING 12GB,21490,AMD Radeon RX9070GRE-12G,3570.5,,,,,,,,,,,,,,,,,,,,RX9070GRE,12,28.0,,,,,,,,,,,黑,,,,,2026-10-10 06:01
gpu,｛藍寶石 脈動 PULSE RX9070GRE GAMING OC 12GB｝2920MHz/28cm/雙風/註五年,藍寶石 脈動 PULSE RX9070GRE GAMING OC 12GB,21490,AMD Radeon RX9070GRE-12G,3571.5,,,,,,,,,,,,,,,,,,,,RX9070GRE,12,28.0,,,,,,,,,,,黑,,,,,2026-10-10 06:01
gpu,｛藍寶石 極地 PURE RX9070GRE GAMING OC 12GB｝2920MHz/32cm/三風/註五年/白/金屬背板,藍寶石 極地 PURE RX9070GRE GAMING OC 12GB,21990,AMD Radeon RX9070GRE-12G,3572.5,,,,,,,,,,,,,,,,,,,,RX9070GRE,12,32.0,,,,,,,,,,,白,,,,,2026-10-10 06:01
gpu,｛撼訊 RX9070GRE 12G-A Reaper 遊蕩者｝2790MHz/31cm/三風扇/三年保固,撼訊 RX9070GRE 12G-A Reaper 遊蕩者,21990,AMD Radeon RX9070GRE-12G,3573,,,,,,,,,,,,,,,,,,,,RX9070GRE,12,31.0,,,,,,,,,,,黑,,,,,2026-10-10 06:01
gpu,｛撼訊 RX9070GRE 12G-L/OC Hellhound 暗黑犬｝2860MHz/33cm/三風扇/註四年,撼訊 RX9070GRE 12G-L/OC Hellhound 暗黑犬,22090,AMD Radeon RX9070GRE-12G,3574.5,,,,,,,,,,,,,,,,,,,,RX9070GRE,12,33.0,,,,,,,,,,,黑,,,,,2026-10-10 06:01
gpu,｛華碩 PRIME-RX9070-O16G-EVO｝2610MHz/32cm/三風扇/五年保,華碩 PRIME-RX9070-O16G-EVO,26000,AMD Radeon RX9070-16G,3576.5,,,,,,,,,,,,,,,,,,,,RX9070,16,32.0,,,,,,,,,,,黑,,,,,2026-10-10 06:01
gpu,｛技嘉 RX9070 GAMING OC 16G｝2700MHz/29cm/三風扇/五年保,技嘉 RX9070 GAMING OC 16G,25990,AMD Radeon RX9070-16G,3577.5,,,,,,,,,,,,,,,,,,,,RX9070,16,29.0,,,,,,,,,,,黑,,,,,2026-10-10 06:01
gpu,｛華擎 RX9070 Challenger 16GB｝2520MHz/29cm/三風扇/五年保,華擎 RX9070 Challenger 16GB,24590,AMD Radeon RX9070-16G,3578.5,,,,,,,,,,,,,,,,,,,,RX9070,16,29.0,,,,,,,,,,,黑,,,,,2026-10-10 06:01
gpu,｛技嘉 RX9070XT GAMING OC ICE 16G｝3060MHz/29cm/三風扇/五年保/白,技嘉 RX9070XT GAMING OC ICE 16G,31390,AMD Radeon RX9070XT-16G,3586.5,,,,,,,,,,,,,,,,,,,,RX9070XT,16,29.0,,,,,,,,,,,白,,,,,2026-10-10 06:01
gpu,｛技嘉 AORUS RX9070XT ELITE 16G｝3100MHz/34cm/三風扇/五年保,技嘉 AORUS RX9070XT ELITE 16G,32890,AMD Radeon RX9070XT-16G,3587.5,,,,,,,,,,,,,,,,,,,,RX9070XT,16,34.0,,,,,,,,,,,黑,,,,,2026-10-10 06:01
gpu,｛Acer NITRO RX9070XT 16G OC｝3100MHz/30cm/三風扇/三年保),Acer NITRO RX9070XT 16G OC,31290,AMD Radeon RX9070XT-16G,3592.5,,,,,,,,,,,,,,,,,,,,RX9070XT,16,30.0,,,,,,,,,,,黑,,,,,2026-10-10 06:01
gpu,任搭價｛Acer NITRO RX9070XT 16G OC｝3100MHz/30cm/三風扇/三年保),Acer NITRO RX9070XT 16G OC,29990,AMD Radeon RX9070XT-16G,3593.5,,,,,,,,,,,,,,,,,,,,RX9070XT,16,30.0,,,,,,,,,,,黑,,,,,2026-10-10 06:01
gpu,｛藍寶石 極地 PURE RX9070XT GAMING OC 16GB｝3010MHz/32cm/三風/註五年/白/金屬背板,藍寶石 極地 PURE RX9070XT GAMING OC 16GB,31490,AMD Radeon RX9070XT-16G,3596.5,,,,,,,,,,,,,,,,,,,,RX9070XT,16,32.0,,,,,,,,,,,白,,,,,2026-10-10 06:01
gpu,｛藍寶石 氮動 NITRO+ RX9070XT GAMING OC 16GB｝3060MHz/33cm/三風/註五年/隱藏電源設計,藍寶石 氮動 NITRO+ RX9070XT GAMING OC 16GB,32990,AMD Radeon RX9070XT-16G,3597.5,,,,,,,,,,,,,,,,,,,,RX9070XT,16,33.0,,,,,,,,,,,黑,,,,,2026-10-10 06:01
gpu,｛藍寶石 氮動 NITRO+ RX9070XT Crimson Desert｝赤血沙漠版/註五年-附限量塗裝背板,藍寶石 氮動 NITRO+ RX9070XT Crimson Desert,32990,AMD Radeon RX9070XT-16G,3598.5,,,,,,,,,,,,,,,,,,,,RX9070XT,16,,,,,,,,,,,,黑,,,,,2026-10-10 06:01
gpu,｛藍寶石 氮動 NITRO+ RX9070XT OC 16GB PhantomLink｝背插式GC HWPR/註五年,藍寶石 氮動 NITRO+ RX9070XT OC 16GB PhantomLink,33990,AMD Radeon RX9070XT-16G,3599.5,,,,,,,,,,,,,,,,,,,,RX9070XT,16,,,,,,,,,,,,黑,,,,,2026-10-10 06:01
gpu,｛撼訊 RX9070XT 16G-A 遊蕩者｝2970MHz/31cm/三風扇/三年保/MIT台灣製,撼訊 RX9070XT 16G-A 遊蕩者,30990,AMD Radeon RX9070XT-16G,3601,,,,,,,,,,,,,,,,,,,,RX9070XT,16,31.0,,,,,,,,,,,黑,,,,,2026-10-10 06:01
gpu,｛撼訊 RX9070XT 16G-L/OC 暗黑犬｝3010MHz/34cm/三風扇/註四年/MIT台灣製,撼訊 RX9070XT 16G-L/OC 暗黑犬,31090,AMD Radeon RX9070XT-16G,3602.5,,,,,,,,,,,,,,,,,,,,RX9070XT,16,34.0,,,,,,,,,,,黑,,,,,2026-10-10 06:01
gpu,｛撼訊 RX9070XT 16G-L/OC/WHITE 暗黑犬(白)｝3010MHz/34cm/三風扇/MIT台灣製,撼訊 RX9070XT 16G-L/OC/WHITE 暗黑犬(白),31490,AMD Radeon RX9070XT-16G,3603.5,,,,,,,,,,,,,,,,,,,,RX9070XT,16,34.0,,,,,,,,,,,白,,,,,2026-10-10 06:01
gpu,｛撼訊 RX9070XT 16G-L/OC/REVA 夜嵐紀念版｝3010MHz/35cm/三風扇/附夜嵐磁吸背板,撼訊 RX9070XT 16G-L/OC/REVA 夜嵐紀念版,31490,AMD Radeon RX9070XT-16G,3604.5,,,,,,,,,,,,,,,,,,,,RX9070XT,16,35.0,,,,,,,,,,,黑,,,,,2026-10-10 06:01
gpu,｛撼訊 RX9070XT 16G-E/OC 紅魔｝3060MHz/36cm/三風扇/註五年/MIT台灣製,撼訊 RX9070XT 16G-E/OC 紅魔,32990,AMD Radeon RX9070XT-16G,3605.5,,,,,,,,,,,,,,,,,,,,RX9070XT,16,36.0,,,,,,,,,,,黑,,,,,2026-10-10 06:01
case,｛COUGAR Airface Pure Pro 黑｝顯卡長32/CPU高17.5/玻璃透側/ATX 原價$1890！,COUGAR Airface Pure Pro 黑,1590,特價 or 活動專區,4529.5,,,,,,,,,,,,,,,,,,,,,,,,,,,,32.0,17.5,ATX,False,True,黑,,,,,2026-10-10 06:01
case,｛COUGAR Airface Pure Pro 白｝顯卡長32/CPU高17.5/玻璃透側/ATX 原價$1990！,COUGAR Airface Pure Pro 白,1690,特價 or 活動專區,4530.5,,,,,,,,,,,,,,,,,,,,,,,,,,,,32.0,17.5,ATX,False,True,白,,,,,2026-10-10 06:01
case,｛曜越 View 290 TG ARGB 黑｝顯卡長45/U高18/全景曲面玻璃/支援背插/ATX 原價$2690！,曜越 View 290 TG ARGB 黑,2390,特價 or 活動專區,4531.5,,,,,,,,,,,,,,,,,,,,,,,,,,,,45.0,18.0,ATX,False,True,黑,,,,,2026-10-10 06:01
case,｛曜越 View 290 TG ARGB 白｝顯卡長45/U高18/全景曲面玻璃/支援背插/ATX 原價$2690！,曜越 View 290 TG ARGB 白,2390,特價 or 活動專區,4532.5,,,,,,,,,,,,,,,,,,,,,,,,,,,,45.0,18.0,ATX,False,True,白,,,,,2026-10-10 06:01
case,｛Mavoly Strawberry M16 黑｝顯卡長20/U高7/內附400W電源(1年)【僅支援6孔M-ATX】,Mavoly Strawberry M16 黑,1390,特價 or 活動專區,4533.5,,,,,,,,,,,,,,,,,,,,,,,,,,,,20.0,7.0,M-ATX,False,False,黑,,,,,2026-10-10 06:01
case,｛Mavoly Strawberry M16W 白｝顯卡20/U高7/內附400W電源(1年)【僅支援6孔M-ATX】,Mavoly Strawberry M16W 白,1490,特價 or 活動專區,4534.5,,,,,,,,,,,,,,,,,,,,,,,,,,,,20.0,7.0,M-ATX,False,False,白,,,,,2026-10-10 06:01
case,｛聯力 A4-H2O 黑｝PCIe 5.0/顯卡長32.2/CPU高5.5/鋁合金/ITX【SFX】,聯力 A4-H2O 黑,4700,SFX 機殼專區,4558.5,,,,,,,,,,,,,,,,,,,,,,,,,,,,32.2,5.5,ITX,True,False,黑,,,,,2026-10-10 06:01
case,｛聯力 A4-H2O 銀｝PCIe 5.0/顯卡長32.2/CPU高5.5/鋁合金/ITX【SFX】,聯力 A4-H2O 銀,4700,SFX 機殼專區,4559.5,,,,,,,,,,,,,,,,,,,,,,,,,,,,32.2,5.5,ITX,True,False,黑,,,,,2026-10-10 06:01
case,｛酷碼 MasterBox NR200 白｝顯卡長33/CPU高15.5(7.6)/ITX【SFX】,酷碼 MasterBox NR200 白,1990,SFX 機殼專區,4560.5,,,,,,,,,,,,,,,,,,,,,,,,,,,,33.0,15.5,ITX,True,False,白,,,,,2026-10-10 06:01
case,｛酷碼 MasterBox NR200P V3 黑｝顯卡長36.1/U高7/網孔側板/PCIe5.0延長線/ITX【SFX】,酷碼 MasterBox NR200P V3 黑,3490,SFX 機殼專區,4561.5,,,,,,,,,,,,,,,,,,,,,,,,,,,,36.1,7.0,ITX,True,False,黑,,,,,2026-10-10 06:01
case,｛全漢 CST351｝顯卡長33.6/CPU高13.8/底部ARGB氣氛燈/前置Type-C/ITX【SFX】,全漢 CST351,990,SFX 機殼專區,4562.5,,,,,,,,,,,,,,,,,,,,,,,,,,,,33.6,13.8,ITX,True,False,黑,,,,,2026-10-10 06:01
case,｛銀欣 ML09 黑｝顯卡長17.5(LP)/CPU高3.7(7)/ITX(ML09B)【SFX】【客訂】,銀欣 ML09 黑,2040,SFX 機殼專區,4564.5,,,,,,,,,,,,,,,,,,,,,,,,,,,,17.5,3.7,ITX,True,False,黑,,,,,2026-10-10 06:01
case,｛銀欣 LD03｝顯卡長30.9(2 slots)/CPU高19/垂直風道/玻璃透側/ITX【SFX】原價$4490,銀欣 LD03,1990,SFX 機殼專區,4565.5,,,,,,,,,,,,,,,,,,,,,,,,,,,,30.9,19.0,ITX,True,True,黑,,,,,2026-10-10 06:01
case,｛銀欣 SG05-LITE 黑｝顯卡長22.8/CPU高8/ITX(SG05BB-LITE)【SFX】,銀欣 SG05-LITE 黑,1400,SFX 機殼專區,4566.5,,,,,,,,,,,,,,,,,,,,,,,,,,,,22.8,8.0,ITX,True,False,黑,,,,,2026-10-10 06:01
case,｛Fractal Design Ridge 黑｝顯卡長33.5(32.5)/厚8.2(5.7)/高13.7(12.5)/CPU高7/ITX【SFX】,Fractal Design Ridge 黑,4890,SFX 機殼專區,4567.5,,,,,,,,,,,,,,,,,,,,,,,,,,,,33.5,7.0,ITX,True,False,黑,,,,,2026-10-10 06:01
case,｛Fractal Design Ridge 白｝顯卡長33.5(32.5)/厚8.2(5.7)/高13.7(12.5)/CPU高7/ITX【SFX】,Fractal Design Ridge 白,4890,SFX 機殼專區,4568.5,,,,,,,,,,,,,,,,,,,,,,,,,,,,33.5,7.0,ITX,True,False,白,,,,,2026-10-10 06:01
case,｛Fractal Design Terra 黑｝顯卡32.2(厚4.3-7.2)/U高7.7(4.8)/鋁機身/胡桃木面板/ITX【SFX】,Fractal Design Terra 黑,6790,SFX 機殼專區,4569.5,,,,,,,,,,,,,,,,,,,,,,,,,,,,32.2,7.7,ITX,True,False,黑,,,,,2026-10-10 06:01
case,｛Fractal Design Terra 銀｝顯卡32.2(厚4.3-7.2)/U高7.7(4.8)/鋁機身/胡桃木面板/ITX【SFX】,Fractal Design Terra 銀,6790,SFX 機殼專區,4570.5,,,,,,,,,,,,,,,,,,,,,,,,,,,,32.2,7.7,ITX,True,False,黑,,,,,2026-10-10 06:01
case,｛Fractal Design Mood 灰｝顯卡長32.5(厚5.6)/CPU高11.4/透氣織布柱狀設計/ITX【SFX】,Fractal Design Mood 灰,5990,SFX 機殼專區,4572.5,,,,,,,,,,,,,,,,,,,,,,,,,,,,32.5,11.4,ITX,True,False,黑,,,,,2026-10-10 06:01
case,｛Fractal Design Mood 黑｝顯卡長32.5(厚5.6)/CPU高11.4/透氣織布柱狀設計/ITX【SFX】,Fractal Design Mood 黑,5990,SFX 機殼專區,4573.5,,,,,,,,,,,,,,,,,,,,,,,,,,,,32.5,11.4,ITX,True,False,黑,,,,,2026-10-10 06:01
case,｛Fractal Design Era 2 銀色｝顯卡長32.6/厚4.8(6.3)/高13.7/CPU高5.5(7)/ITX【SFX】,Fractal Design Era 2 銀色,7900,SFX 機殼專區,4574.5,,,,,,,,,,,,,,,,,,,,,,,,,,,,32.6,5.5,ITX,True,False,黑,,,,,2026-10-10 06:01
case,｛Fractal Design Era 2 深灰｝顯卡長32.6/厚4.8(6.3)/高13.7/CPU高5.5(7)/ITX【SFX】,Fractal Design Era 2 深灰,7900,SFX 機殼專區,4575.5,,,,,,,,,,,,,,,,,,,,,,,,,,,,32.6,5.5,ITX,True,False,黑,,,,,2026-10-10 06:01
case,｛Fractal Design Era 2 午夜藍｝顯卡長32.6/厚4.8(6.3)/高13.7/CPU高5.5(7)/ITX【SFX】,Fractal Design Era 2 午夜藍,7900,SFX 機殼專區,4576.5,,,,,,,,,,,,,,,,,,,,,,,,,,,,32.6,5.5,ITX,True,False,黑,,,,,2026-10-10 06:01
case,｛喬思伯 TK-0 黑｝顯卡長23/CPU高13.7/雙折彎環形玻璃/胡桃木面板/ITX【SFX】,喬思伯 TK-0 黑,3690,SFX 機殼專區,4577.5,,,,,,,,,,,,,,,,,,,,,,,,,,,,23.0,13.7,ITX,True,True,黑,,,,,2026-10-10 06:01
case,｛喬思伯 TK-0 白｝顯卡長23/CPU高13.7/雙折彎環形玻璃/胡桃木面板/ITX【SFX】,喬思伯 TK-0 白,3690,SFX 機殼專區,4578.5,,,,,,,,,,,,,,,,,,,,,,,,,,,,23.0,13.7,ITX,True,True,白,,,,,2026-10-10 06:01
case,｛喬思伯 T9 黑｝顯卡長31/CPU高(5.8~7.8)/PCIe5.0線/實木底座/鋁合金外殼/ITX【SFX】,喬思伯 T9 黑,5490,SFX 機殼專區,4579.5,,,,,,,,,,,,,,,,,,,,,,,,,,,,31.0,5.8,ITX,True,False,黑,,,,,2026-10-10 06:01
case,｛喬思伯 T9 銀｝顯卡長31/CPU高(5.8~7.8)/PCIe5.0線/實木底座/鋁合金外殼/ITX【SFX】,喬思伯 T9 銀,5490,SFX 機殼專區,4580.5,,,,,,,,,,,,,,,,,,,,,,,,,,,,31.0,5.8,ITX,True,False,黑,,,,,2026-10-10 06:01
case,｛華碩 A21 黑｝顯卡長38/U高16.5/玻璃透側/支援背插/M-ATX 送振華12cm冰渦輪風扇*1,華碩 A21 黑,1490,華碩 ASUS 機殼,4582.5,,,,,,,,,,,,,,,,,,,,,,,,,,,,38.0,16.5,M-ATX,False,True,黑,,,,,2026-10-10 06:01
case,｛華碩 A21 PLUS 黑｝顯卡長38/CPU高16.5/玻璃透側/ARGB風扇*4/支援背插/M-ATX,華碩 A21 PLUS 黑,2090,華碩 ASUS 機殼,4583.5,,,,,,,,,,,,,,,,,,,,,,,,,,,,38.0,16.5,M-ATX,False,True,黑,,,,,2026-10-10 06:01
case,｛華碩 A21 PLUS 白｝顯卡長38/CPU高16.5/玻璃透側/ARGB風扇*4/支援背插/M-ATX,華碩 A21 PLUS 白,2190,華碩 ASUS 機殼,4584.5,,,,,,,,,,,,,,,,,,,,,,,,,,,,38.0,16.5,M-ATX,False,True,白,,,,,2026-10-10 06:01
case,｛華碩 A31 PLUS 黑｝顯卡長38/CPU高16.5/全景玻璃/支援背插/傾斜基座/ATX,華碩 A31 PLUS 黑,2390,華碩 ASUS 機殼,4585.5,,,,,,,,,,,,,,,,,,,,,,,,,,,,38.0,16.5,ATX,False,True,黑,,,,,2026-10-10 06:01
case,｛華碩 A31 PLUS 白｝顯卡長38/CPU高16.5/全景玻璃/支援背插/傾斜基座/ATX,華碩 A31 PLUS 白,2490,華碩 ASUS 機殼,4587.5,,,,,,,,,,,,,,,,,,,,,,,,,,,,38.0,16.5,ATX,False,True,白,,,,,2026-10-10 06:01
case,｛華碩 A32 PLUS 黑｝顯卡長42/CPU高16.5/全景玻璃透側/分艙設計/ATX,華碩 A32 PLUS 黑,2590,華碩 ASUS 機殼,4589.5,,,,,,,,,,,,,,,,,,,,,,,,,,,,42.0,16.5,ATX,False,True,黑,,,,,2026-10-10 06:01
case,｛華碩 A32 PLUS 白｝顯卡長42/CPU高16.5/全景玻璃透側/分艙設計/ATX,華碩 A32 PLUS 白,2690,華碩 ASUS 機殼,4590.5,,,,,,,,,,,,,,,,,,,,,,,,,,,,42.0,16.5,ATX,False,True,白,,,,,2026-10-10 06:01
case,｛華碩 Prime AP201 黑｝顯卡長33.8/CPU高17/方形進氣孔/前置Type-C/M-ATX,華碩 Prime AP201 黑,1890,華碩 ASUS 機殼,4591.5,,,,,,,,,,,,,,,,,,,,,,,,,,,,33.8,17.0,M-ATX,False,False,黑,,,,,2026-10-10 06:01
case,｛華碩 Prime AP201 白｝顯卡長33.8/CPU高17/方形進氣孔/前置Type-C/M-ATX,華碩 Prime AP201 白,1990,華碩 ASUS 機殼,4593.5,,,,,,,,,,,,,,,,,,,,,,,,,,,,33.8,17.0,M-ATX,False,False,白,,,,,2026-10-10 06:01
case,｛華碩 Prime AP201 TG 白｝顯卡長33.8/CPU高17/玻璃透側/前置Type-C/M-ATX,華碩 Prime AP201 TG 白,1790,華碩 ASUS 機殼,4595.5,,,,,,,,,,,,,,,,,,,,,,,,,,,,33.8,17.0,M-ATX,False,True,白,,,,,2026-10-10 06:01
case,｛華碩 Prime AP202 ARGB 黑｝顯卡長42/U高17.5/懸浮式進氣+燈條/全景曲面玻璃/M-ATX,華碩 Prime AP202 ARGB 黑,2690,華碩 ASUS 機殼,4596.5,,,,,,,,,,,,,,,,,,,,,,,,,,,,42.0,17.5,M-ATX,False,True,黑,,,,,2026-10-10 06:01
case,｛華碩 Prime AP202 ARGB 白｝顯卡長42/U高17.5/懸浮式進氣+燈條/全景曲面玻璃/M-ATX,華碩 Prime AP202 ARGB 白,2790,華碩 ASUS 機殼,4598.5,,,,,,,,,,,,,,,,,,,,,,,,,,,,42.0,17.5,M-ATX,False,True,白,,,,,2026-10-10 06:01
case,｛華碩 Prime AP303 Mesh 黑｝顯卡長36/CPU高16.5/方形進氣孔/ATX,華碩 Prime AP303 Mesh 黑,2290,華碩 ASUS 機殼,4600.5,,,,,,,,,,,,,,,,,,,,,,,,,,,,36.0,16.5,ATX,False,False,黑,,,,,2026-10-10 06:01
case,｛華碩 Prime AP303 Mesh 白｝顯卡長36/CPU高16.5/方形進氣孔/ATX,華碩 Prime AP303 Mesh 白,2390,華碩 ASUS 機殼,4601.5,,,,,,,,,,,,,,,,,,,,,,,,,,,,36.0,16.5,ATX,False,False,白,,,,,2026-10-10 06:01
case,｛華碩 Prime AP304 ARGB 黑｝顯卡長42/U高17.5/懸浮式進氣+燈條/全景曲面玻璃/ATX,華碩 Prime AP304 ARGB 黑,3790,華碩 ASUS 機殼,4602.5,,,,,,,,,,,,,,,,,,,,,,,,,,,,42.0,17.5,ATX,False,True,黑,,,,,2026-10-10 06:01
case,｛華碩 Prime AP304 ARGB 白｝顯卡長42/U高17.5/懸浮式進氣+燈條/全景曲面玻璃/ATX,華碩 Prime AP304 ARGB 白,3890,華碩 ASUS 機殼,4603.5,,,,,,,,,,,,,,,,,,,,,,,,,,,,42.0,17.5,ATX,False,True,白,,,,,2026-10-10 06:01
case,｛華碩 TUF Gaming GT302 ARGB 黑｝顯卡長40.7/U高16.5/玻璃透側/支援背插/E-ATX,華碩 TUF Gaming GT302 ARGB 黑,3490,華碩 ASUS 機殼,4604.5,,,,,,,,,,,,,,,,,,,,,,,,,,,,40.7,16.5,E-ATX,False,True,黑,,,,,2026-10-10 06:01
case,｛華碩 TUF Gaming GT302 ARGB 白｝顯卡長40.7/U高16.5/玻璃透側/支援背插/E-ATX,華碩 TUF Gaming GT302 ARGB 白,3690,華碩 ASUS 機殼,4607.5,,,,,,,,,,,,,,,,,,,,,,,,,,,,40.7,16.5,E-ATX,False,True,白,,,,,2026-10-10 06:01
case,｛華碩 TUF Gaming GT502 Horizon｝無界版 卡長40/U高16.3/分艙設計/全景玻璃透側/ATX,華碩 TUF Gaming GT502 Horizon,4690,華碩 ASUS 機殼,4610.5,,,,,,,,,,,,,,,,,,,,,,,,,,,,40.0,16.3,ATX,False,True,黑,,,,,2026-10-10 06:01
case,｛華碩 TUF Gaming GT502 Horizon 白色版｝卡長40/U高16.3/分艙設計/全景玻璃透側/ATX,華碩 TUF Gaming GT502 Horizon 白色版,4890,華碩 ASUS 機殼,4613.5,,,,,,,,,,,,,,,,,,,,,,,,,,,,40.0,16.3,ATX,False,True,白,,,,,2026-10-10 06:01
case,｛華碩 ProArt PA401 Wood 黑色 透側版｝卡31.5/U16/玻璃透側/ATX 送 ESD-A1A(灰)外接盒▼下殺到 10/31 20:00,華碩 ProArt PA401 Wood 黑色 透側版,2990,華碩 ASUS 機殼,4616.5,,,,,,,,,,,,,,,,,,,,,,,,,,,,31.5,16.0,ATX,False,True,黑,,,,,2026-10-10 06:01
case,｛華碩 ProArt PA401 Wood 黑色 網狀版｝卡31.5/U16/網孔側板/ATX 送 ESD-A1A(灰)外接盒▼下殺到 10/31 20:00,華碩 ProArt PA401 Wood 黑色 網狀版,2890,華碩 ASUS 機殼,4617.5,,,,,,,,,,,,,,,,,,,,,,,,,,,,31.5,16.0,ATX,False,False,黑,,,,,2026-10-10 06:01
case,｛華碩 ProArt PA401 Wood 燕麥色 透側版｝卡31.5/U16/玻璃透側/ATX 送 ESD-A1A(灰)外接盒▼下殺到 10/31 20:00,華碩 ProArt PA401 Wood 燕麥色 透側版,3290,華碩 ASUS 機殼,4618.5,,,,,,,,,,,,,,,,,,,,,,,,,,,,31.5,16.0,ATX,False,True,黑,,,,,2026-10-10 06:01
case,｛華碩 ProArt PA401 Wood 燕麥色 網狀版｝卡31.5/U16/網孔側板/ATX 送 ESD-A1A(灰)外接盒▼下殺到 10/31 20:00,華碩 ProArt PA401 Wood 燕麥色 網狀版,3290,華碩 ASUS 機殼,4619.5,,,,,,,,,,,,,,,,,,,,,,,,,,,,31.5,16.0,ATX,False,False,黑,,,,,2026-10-10 06:01
case,｛華碩 ProArt PA602｝顯卡長44/CPU高18.5/玻璃透側/紅外線灰塵偵測/E-ATX,華碩 ProArt PA602,6490,華碩 ASUS 機殼,4620.5,,,,,,,,,,,,,,,,,,,,,,,,,,,,44.0,18.5,E-ATX,False,True,黑,,,,,2026-10-10 06:01
case,｛華碩 ProArt PA602 胡桃木-現代黑｝顯卡長44/CPU高18.5/玻璃透側/灰塵偵測/E-ATX,華碩 ProArt PA602 胡桃木-現代黑,7890,華碩 ASUS 機殼,4621.5,,,,,,,,,,,,,,,,,,,,,,,,,,,,44.0,18.5,E-ATX,False,True,黑,,,,,2026-10-10 06:01
case,｛華碩 ProArt PA602 胡桃木-復古棕｝顯卡長44/CPU高18.5/玻璃透側/灰塵偵測/E-ATX,華碩 ProArt PA602 胡桃木-復古棕,8290,華碩 ASUS 機殼,4622.5,,,,,,,,,,,,,,,,,,,,,,,,,,,,44.0,18.5,E-ATX,False,True,黑,,,,,2026-10-10 06:01
case,｛華碩 ROG Cronox GR801 幻世神｝顯卡長40/U高18/9.2 吋LCD/全景玻璃/背插/E-ATX,華碩 ROG Cronox GR801 幻世神,10990,華碩 ASUS 機殼,4627.5,,,,,,,,,,,,,,,,,,,,,,,,,,,,40.0,18.0,E-ATX,False,True,黑,,,,,2026-10-10 06:01
case,｛Montech TEN 黑｝顯卡長42.5(41)/CPU高15.6(5.2)/全網孔設計/三種配置模式/M-ATX,Montech TEN 黑,1690,君主 Montech 機殼,4638.5,,,,,,,,,,,,,,,,,,,,,,,,,,,,42.5,15.6,M-ATX,False,False,黑,,,,,2026-10-10 06:01
case,｛Montech TEN 白｝顯卡長42.5(41)/CPU高15.6(5.2)/全網孔設計/三種配置模式/M-ATX,Montech TEN 白,1790,君主 Montech 機殼,4639.5,,,,,,,,,,,,,,,,,,,,,,,,,,,,42.5,15.6,M-ATX,False,False,白,,,,,2026-10-10 06:01
case,｛Montech X1 黑｝顯卡長30.5/CPU高16.5/網孔面板/玻璃透側/ATX,Montech X1 黑,1090,君主 Montech 機殼,4640.5,,,,,,,,,,,,,,,,,,,,,,,,,,,,30.5,16.5,ATX,False,True,黑,,,,,2026-10-10 06:01
case,｛Montech X2 PLUS 黑｝顯卡長30.5/CPU高16/網孔面板/玻璃透側/ATX,Montech X2 PLUS 黑,1390,君主 Montech 機殼,4641.5,,,,,,,,,,,,,,,,,,,,,,,,,,,,30.5,16.0,ATX,False,True,黑,,,,,2026-10-10 06:01
case,｛Montech X2 PLUS 白｝顯卡長30.5/CPU高16/網孔面板/玻璃透側/ATX,Montech X2 PLUS 白,1390,君主 Montech 機殼,4642.5,,,,,,,,,,,,,,,,,,,,,,,,,,,,30.5,16.0,ATX,False,True,白,,,,,2026-10-10 06:01
case,｛Montech X5M 黑｝顯卡長40.5/CPU高16.5/玻璃透側/12cm*3前風扇/M-ATX,Montech X5M 黑,1550,君主 Montech 機殼,4643.5,,,,,,,,,,,,,,,,,,,,,,,,,,,,40.5,16.5,M-ATX,False,True,黑,,,,,2026-10-10 06:01
case,｛Montech X5M 白｝顯卡長40.5/CPU高16.5/玻璃透側/12cm*3前風扇/M-ATX,Montech X5M 白,1550,君主 Montech 機殼,4644.5,,,,,,,,,,,,,,,,,,,,,,,,,,,,40.5,16.5,M-ATX,False,True,白,,,,,2026-10-10 06:01
case,｛Montech X5 黑｝顯卡長41/CPU高16.5/玻璃透側/顯卡支撐架/14cm*3前風扇/E-ATX,Montech X5 黑,1590,君主 Montech 機殼,4645.5,,,,,,,,,,,,,,,,,,,,,,,,,,,,41.0,16.5,E-ATX,False,True,黑,,,,,2026-10-10 06:01
case,｛Montech X5 白｝顯卡長41/CPU高16.5/玻璃透側/顯卡支撐架/14cm*3前風扇/E-ATX,Montech X5 白,1590,君主 Montech 機殼,4646.5,,,,,,,,,,,,,,,,,,,,,,,,,,,,41.0,16.5,E-ATX,False,True,白,,,,,2026-10-10 06:01
case,｛Montech XR 黑｝顯卡長42/CPU高17.5/全景玻璃透側/ATX,Montech XR 黑,1590,君主 Montech 機殼,4647.5,,,,,,,,,,,,,,,,,,,,,,,,,,,,42.0,17.5,ATX,False,True,黑,,,,,2026-10-10 06:01
case,｛Montech XR 白｝顯卡長42/CPU高17.5/全景玻璃透側/ATX,Montech XR 白,1690,君主 Montech 機殼,4648.5,,,,,,,,,,,,,,,,,,,,,,,,,,,,42.0,17.5,ATX,False,True,白,,,,,2026-10-10 06:01
case,｛Montech XR 米白色｝限量版/顯卡長42/CPU高17.5/全景玻璃透側/ATX,Montech XR 米白色,1890,君主 Montech 機殼,4649.5,,,,,,,,,,,,,,,,,,,,,,,,,,,,42.0,17.5,ATX,False,True,白,,,,,2026-10-10 06:01
case,｛Montech XR Wood 黑｝顯卡長42/CPU高17.5/玻璃透側/胡桃木混搭面板/ATX,Montech XR Wood 黑,1890,君主 Montech 機殼,4651.5,,,,,,,,,,,,,,,,,,,,,,,,,,,,42.0,17.5,ATX,False,True,黑,,,,,2026-10-10 06:01
case,｛Montech XR Wood 白｝顯卡長42/CPU高17.5/玻璃透側/胡桃木混搭面板/ATX,Montech XR Wood 白,1990,君主 Montech 機殼,4652.5,,,,,,,,,,,,,,,,,,,,,,,,,,,,42.0,17.5,ATX,False,True,白,,,,,2026-10-10 06:01
case,｛Montech TG3 黑｝顯卡長43/CPU高18/全景玻璃透側/ARGB電源艙/背插/ATX,Montech TG3 黑,1750,君主 Montech 機殼,4653.5,,,,,,,,,,,,,,,,,,,,,,,,,,,,43.0,18.0,ATX,False,True,黑,,,,,2026-10-10 06:01
case,｛Montech TG3 白｝顯卡長43/CPU高18/全景玻璃透側/ARGB電源艙/背插/ATX,Montech TG3 白,1890,君主 Montech 機殼,4654.5,,,,,,,,,,,,,,,,,,,,,,,,,,,,43.0,18.0,ATX,False,True,白,,,,,2026-10-10 06:01
case,｛Montech Air 100 LITE 黑｝顯卡長33/CPU高16.1/磁吸面板/玻璃透側/M-ATX,Montech Air 100 LITE 黑,1190,君主 Montech 機殼,4655.5,,,,,,,,,,,,,,,,,,,,,,,,,,,,33.0,16.1,M-ATX,False,True,黑,,,,,2026-10-10 06:01
case,｛Montech Air 100 LITE 白｝顯卡長33/CPU高16.1/磁吸面板/玻璃透側/M-ATX,Montech Air 100 LITE 白,1290,君主 Montech 機殼,4656.5,,,,,,,,,,,,,,,,,,,,,,,,,,,,33.0,16.1,M-ATX,False,True,白,,,,,2026-10-10 06:01
case,｛Montech Air 100 ARGB 黑｝顯卡長33/CPU高16.1/磁吸面板/玻璃透側/M-ATX,Montech Air 100 ARGB 黑,1690,君主 Montech 機殼,4657.5,,,,,,,,,,,,,,,,,,,,,,,,,,,,33.0,16.1,M-ATX,False,True,黑,,,,,2026-10-10 06:01
case,｛Montech Air 100 ARGB 白｝顯卡長33/CPU高16.1/磁吸面板/玻璃透側/M-ATX,Montech Air 100 ARGB 白,1890,君主 Montech 機殼,4658.5,,,,,,,,,,,,,,,,,,,,,,,,,,,,33.0,16.1,M-ATX,False,True,白,,,,,2026-10-10 06:01
case,｛Montech Air 903 BASE 黑｝顯卡長40/CPU高18/前置Type-C/玻璃透側/E-ATX,Montech Air 903 BASE 黑,1590,君主 Montech 機殼,4659.5,,,,,,,,,,,,,,,,,,,,,,,,,,,,40.0,18.0,E-ATX,False,True,黑,,,,,2026-10-10 06:01
case,｛Montech Air 903 BASE 白｝顯卡長40/CPU高18/前置Type-C/玻璃透側/E-ATX,Montech Air 903 BASE 白,1790,君主 Montech 機殼,4660.5,,,,,,,,,,,,,,,,,,,,,,,,,,,,40.0,18.0,E-ATX,False,True,白,,,,,2026-10-10 06:01
case,｛Montech Air 903 MAX 黑｝顯卡長40/CPU高18/快拆網孔面板/玻璃透側/E-ATX,Montech Air 903 MAX 黑,1890,君主 Montech 機殼,4661.5,,,,,,,,,,,,,,,,,,,,,,,,,,,,40.0,18.0,E-ATX,False,True,黑,,,,,2026-10-10 06:01
case,｛Montech Air 903 MAX 白｝顯卡長40/CPU高18/快拆網孔面板/玻璃透側/E-ATX,Montech Air 903 MAX 白,2090,君主 Montech 機殼,4662.5,,,,,,,,,,,,,,,,,,,,,,,,,,,,40.0,18.0,E-ATX,False,True,白,,,,,2026-10-10 06:01
case,｛Montech Air 1000 LITE 白｝顯卡長34/CPU高16.5/玻璃透側/ATX,Montech Air 1000 LITE 白,1590,君主 Montech 機殼,4663.5,,,,,,,,,,,,,,,,,,,,,,,,,,,,34.0,16.5,ATX,False,True,白,,,,,2026-10-10 06:01
case,｛Montech Air 1000 PREMIUM 黑｝顯卡長34/U高16.5/玻璃透側/雙面板(玻璃/網孔)/ATX,Montech Air 1000 PREMIUM 黑,1990,君主 Montech 機殼,4665.5,,,,,,,,,,,,,,,,,,,,,,,,,,,,34.0,16.5,ATX,False,True,黑,,,,,2026-10-10 06:01
case,｛Montech Air 1000 PREMIUM 白｝顯卡長34/U高16.5/玻璃透側/雙面板(玻璃/網孔)/ATX,Montech Air 1000 PREMIUM 白,2190,君主 Montech 機殼,4666.5,,,,,,,,,,,,,,,,,,,,,,,,,,,,34.0,16.5,ATX,False,True,白,,,,,2026-10-10 06:01
case,｛Montech SKY ONE LITE 黑｝顯卡長35/CPU高17/前置Type-C/玻璃透側/ATX,Montech SKY ONE LITE 黑,1290,君主 Montech 機殼,4667.5,,,,,,,,,,,,,,,,,,,,,,,,,,,,35.0,17.0,ATX,False,True,黑,,,,,2026-10-10 06:01
case,｛Montech SKY ONE LITE 白｝顯卡長35/CPU高17/前置Type-C/玻璃透側/ATX,Montech SKY ONE LITE 白,1490,君主 Montech 機殼,4668.5,,,,,,,,,,,,,,,,,,,,,,,,,,,,35.0,17.0,ATX,False,True,白,,,,,2026-10-10 06:01
case,｛Montech SKY TWO 白｝顯卡長40/CPU高16.8/創新風流設計/玻璃透側/ATX,Montech SKY TWO 白,2090,君主 Montech 機殼,4669.5,,,,,,,,,,,,,,,,,,,,,,,,,,,,40.0,16.8,ATX,False,True,白,,,,,2026-10-10 06:01
case,｛Montech SKY TWO GX 黑｝顯卡長40/U高16.8/玻璃透側/E-ATX 送AX120(黑) 風扇*1,Montech SKY TWO GX 黑,2490,君主 Montech 機殼,4670.5,,,,,,,,,,,,,,,,,,,,,,,,,,,,40.0,16.8,E-ATX,False,True,黑,,,,,2026-10-10 06:01
case,｛Montech SKY TWO GX 白｝顯卡長40/U高16.8/玻璃透側/E-ATX 送AX120(白) 風扇*1,Montech SKY TWO GX 白,2690,君主 Montech 機殼,4671.5,,,,,,,,,,,,,,,,,,,,,,,,,,,,40.0,16.8,E-ATX,False,True,白,,,,,2026-10-10 06:01
case,｛Montech SKY 3 黑｝顯卡長44.5/CPU高18.5/全景玻璃透側/模組化可調底艙/背插/ATX,Montech SKY 3 黑,2190,君主 Montech 機殼,4673.5,,,,,,,,,,,,,,,,,,,,,,,,,,,,44.5,18.5,ATX,False,True,黑,,,,,2026-10-10 06:01
case,｛Montech SKY 3 白｝顯卡長44.5/CPU高18.5/全景玻璃透側/模組化可調底艙/背插/ATX,Montech SKY 3 白,2290,君主 Montech 機殼,4675.5,,,,,,,,,,,,,,,,,,,,,,,,,,,,44.5,18.5,ATX,False,True,白,,,,,2026-10-10 06:01
case,｛Montech KING 15 PRO 黑｝卡43.5/U高18.7/傾斜風扇基座/全景曲面玻璃/背插/M-ATX,Montech KING 15 PRO 黑,2790,君主 Montech 機殼,4677.5,,,,,,,,,,,,,,,,,,,,,,,,,,,,43.5,18.7,M-ATX,False,True,黑,,,,,2026-10-10 06:01
case,｛Montech KING 15 PRO 白｝卡43.5/U高18.7/傾斜風扇基座/全景曲面玻璃/背插/M-ATX,Montech KING 15 PRO 白,2890,君主 Montech 機殼,4678.5,,,,,,,,,,,,,,,,,,,,,,,,,,,,43.5,18.7,M-ATX,False,True,白,,,,,2026-10-10 06:01
case,｛Montech KING 45 PRO 黑｝顯卡長43.5/U高18.7/傾斜風扇基座/全景曲面玻璃/ATX,Montech KING 45 PRO 黑,2890,君主 Montech 機殼,4679.5,,,,,,,,,,,,,,,,,,,,,,,,,,,,43.5,18.7,ATX,False,True,黑,,,,,2026-10-10 06:01
case,｛Montech KING 45 PRO 白｝顯卡長43.5/U高18.7/傾斜風扇基座/全景曲面玻璃/ATX,Montech KING 45 PRO 白,2990,君主 Montech 機殼,4680.5,,,,,,,,,,,,,,,,,,,,,,,,,,,,43.5,18.7,ATX,False,True,白,,,,,2026-10-10 06:01
case,｛Montech KING 65 PRO 黑｝顯卡長42/CPU高17.5/分艙設計/全景玻璃透側/ATX,Montech KING 65 PRO 黑,2690,君主 Montech 機殼,4681.5,,,,,,,,,,,,,,,,,,,,,,,,,,,,42.0,17.5,ATX,False,True,黑,,,,,2026-10-10 06:01
case,｛Montech KING 65 PRO 白｝顯卡長42/CPU高17.5/分艙設計/全景玻璃透側/ATX,Montech KING 65 PRO 白,2690,君主 Montech 機殼,4682.5,,,,,,,,,,,,,,,,,,,,,,,,,,,,42.0,17.5,ATX,False,True,白,,,,,2026-10-10 06:01
case,｛Montech KING 95 PRO 黑｝顯卡長42/U高17.5/六風扇/分艙設計/全景玻璃+網孔/ATX,Montech KING 95 PRO 黑,3990,君主 Montech 機殼,4683.5,,,,,,,,,,,,,,,,,,,,,,,,,,,,42.0,17.5,ATX,False,True,黑,,,,,2026-10-10 06:01
case,｛Montech KING 95 PRO 白｝顯卡長42/U高17.5/六風扇/分艙設計/全景玻璃+網孔/ATX,Montech KING 95 PRO 白,4190,君主 Montech 機殼,4684.5,,,,,,,,,,,,,,,,,,,,,,,,,,,,42.0,17.5,ATX,False,True,白,,,,,2026-10-10 06:01
case,｛Montech KING 95 PRO 紅｝顯卡長42/U高17.5/六風扇/分艙設計/全景玻璃+網孔/ATX,Montech KING 95 PRO 紅,4590,君主 Montech 機殼,4685.5,,,,,,,,,,,,,,,,,,,,,,,,,,,,42.0,17.5,ATX,False,True,黑,,,,,2026-10-10 06:01
case,｛Montech Heritage PRO 黑｝顯卡長40/CPU高17/玻璃透側/皮革裝飾+提帶/M-ATX,Montech Heritage PRO 黑,2990,君主 Montech 機殼,4686.5,,,,,,,,,,,,,,,,,,,,,,,,,,,,40.0,17.0,M-ATX,False,True,黑,,,,,2026-10-10 06:01
case,｛Montech Heritage PRO 白｝顯卡長40/CPU高17/玻璃透側/皮革裝飾+提帶/M-ATX,Montech Heritage PRO 白,3090,君主 Montech 機殼,4687.5,,,,,,,,,,,,,,,,,,,,,,,,,,,,40.0,17.0,M-ATX,False,True,白,,,,,2026-10-10 06:01
case,｛Montech HS01 PRO 黑｝卡40/U高17/可翻轉機身/下沉式風扇/前網+玻璃透側/背插/ATX,Montech HS01 PRO 黑,2990,君主 Montech 機殼,4688.5,,,,,,,,,,,,,,,,,,,,,,,,,,,,40.0,17.0,ATX,False,True,黑,,,,,2026-10-10 06:01
case,｛Montech HS01 PRO 白｝卡40/U高17/可翻轉機身/下沉式風扇/前網+玻璃透側/背插/ATX,Montech HS01 PRO 白,2990,君主 Montech 機殼,4689.5,,,,,,,,,,,,,,,,,,,,,,,,,,,,40.0,17.0,ATX,False,True,白,,,,,2026-10-10 06:01
case,｛Montech HS02 PRO 黑｝卡42/U高17.5/可翻轉機身/下沉式風扇/全景玻璃透側/背插/ATX,Montech HS02 PRO 黑,3190,君主 Montech 機殼,4690.5,,,,,,,,,,,,,,,,,,,,,,,,,,,,42.0,17.5,ATX,False,True,黑,,,,,2026-10-10 06:01
case,｛Montech HS02 PRO 白｝卡42/U高17.5/可翻轉機身/下沉式風扇/全景玻璃透側/背插/ATX,Montech HS02 PRO 白,3190,君主 Montech 機殼,4692.5,,,,,,,,,,,,,,,,,,,,,,,,,,,,42.0,17.5,ATX,False,True,白,,,,,2026-10-10 06:01
case,｛視博通 小至尊｝顯卡長33/CPU高14/前置讀卡機/M-ATX,視博通 小至尊,890,視博通 Superchannel 機殼,4697.5,,,,,,,,,,,,,,,,,,,,,,,,,,,,33.0,14.0,M-ATX,False,False,黑,,,,,2026-10-10 06:01
case,｛視博通 LEM003M 黑｝顯卡長31.5/CPU高16.5/金屬網孔側板/M-ATX,視博通 LEM003M 黑,890,視博通 Superchannel 機殼,4698.5,,,,,,,,,,,,,,,,,,,,,,,,,,,,31.5,16.5,M-ATX,False,False,黑,,,,,2026-10-10 06:01
case,｛視博通 LEX100M 黑｝顯卡長31.5/CPU高16.5/定光RGB扇*5/全景玻璃透側/M-ATX,視博通 LEX100M 黑,1090,視博通 Superchannel 機殼,4699.5,,,,,,,,,,,,,,,,,,,,,,,,,,,,31.5,16.5,M-ATX,False,True,黑,,,,,2026-10-10 06:01
case,｛視博通 LEX100M 白｝顯卡長31.5/CPU高16.5/定光RGB扇*5/全景玻璃透側/M-ATX,視博通 LEX100M 白,1090,視博通 Superchannel 機殼,4700.5,,,,,,,,,,,,,,,,,,,,,,,,,,,,31.5,16.5,M-ATX,False,True,白,,,,,2026-10-10 06:01
case,｛視博通 LEX200M 黑｝顯卡長34.5/CPU高16.5/全景玻璃透側/M-ATX,視博通 LEX200M 黑,1190,視博通 Superchannel 機殼,4701.5,,,,,,,,,,,,,,,,,,,,,,,,,,,,34.5,16.5,M-ATX,False,True,黑,,,,,2026-10-10 06:01
case,｛視博通 LEX200M 白｝顯卡長34.5/CPU高16.5/全景玻璃透側/M-ATX,視博通 LEX200M 白,1190,視博通 Superchannel 機殼,4702.5,,,,,,,,,,,,,,,,,,,,,,,,,,,,34.5,16.5,M-ATX,False,True,白,,,,,2026-10-10 06:01
case,｛視博通 SA803｝顯卡長32/CPU高15.5/前置Type-C/ATX,視博通 SA803,1090,視博通 Superchannel 機殼,4703.5,,,,,,,,,,,,,,,,,,,,,,,,,,,,32.0,15.5,ATX,False,False,黑,,,,,2026-10-10 06:01
case,｛視博通 SA170｝顯卡長28.5/CPU高16.6/四面網孔/M-ATX,視博通 SA170,1390,視博通 Superchannel 機殼,4704.5,,,,,,,,,,,,,,,,,,,,,,,,,,,,28.5,16.6,M-ATX,False,False,黑,,,,,2026-10-10 06:01
case,｛視博通 SA185 黑｝顯卡長28.5/CPU高16.6/四面網孔/自帶提把/M-ATX,視博通 SA185 黑,1090,視博通 Superchannel 機殼,4705.5,,,,,,,,,,,,,,,,,,,,,,,,,,,,28.5,16.6,M-ATX,False,False,黑,,,,,2026-10-10 06:01
case,｛視博通 SA185 白｝顯卡長28.5/CPU高16/四面網孔/自帶提把/M-ATX,視博通 SA185 白,1090,視博通 Superchannel 機殼,4706.5,,,,,,,,,,,,,,,,,,,,,,,,,,,,28.5,16.0,M-ATX,False,False,白,,,,,2026-10-10 06:01
case,｛視博通 SAC449 黑｝顯卡長43/CPU高16.5/全景玻璃透側/分艙/背插/ARGB 燈條/ATX,視博通 SAC449 黑,2890,視博通 Superchannel 機殼,4707.5,,,,,,,,,,,,,,,,,,,,,,,,,,,,43.0,16.5,ATX,False,True,黑,,,,,2026-10-10 06:01
case,｛視博通 SAC449 白｝顯卡長43/CPU高16.5/全景玻璃透側/分艙/背插/ARGB 燈條/ATX,視博通 SAC449 白,2990,視博通 Superchannel 機殼,4708.5,,,,,,,,,,,,,,,,,,,,,,,,,,,,43.0,16.5,ATX,False,True,白,,,,,2026-10-10 06:01
case,｛視博通 SAF100｝靜音機殼/顯卡長36/CPU高18/前置Type-C/E-ATX,視博通 SAF100,1790,視博通 Superchannel 機殼,4709.5,,,,,,,,,,,,,,,,,,,,,,,,,,,,36.0,18.0,E-ATX,False,False,黑,,,,,2026-10-10 06:01
case,｛視博通 SAK220 黑｝卡長42.7/U高16.5/全景玻璃透側/M-ATX 送SAMA X40L(黑) 散熱器,視博通 SAK220 黑,1390,視博通 Superchannel 機殼,4710.5,,,,,,,,,,,,,,,,,,,,,,,,,,,,42.7,16.5,M-ATX,False,True,黑,,,,,2026-10-10 06:01
case,｛視博通 SAK220 白｝卡長42.7/U高16.5/全景玻璃透側/M-ATX 送SAMA X40L(白) 散熱器,視博通 SAK220 白,1490,視博通 Superchannel 機殼,4711.5,,,,,,,,,,,,,,,,,,,,,,,,,,,,42.7,16.5,M-ATX,False,True,白,,,,,2026-10-10 06:01
case,｛視博通 SAK251 黑｝顯卡長33.5/U高16.8/前置Type-C/玻璃透側/支援背插/M-ATX,視博通 SAK251 黑,1390,視博通 Superchannel 機殼,4712.5,,,,,,,,,,,,,,,,,,,,,,,,,,,,33.5,16.8,M-ATX,False,True,黑,,,,,2026-10-10 06:01
case,｛視博通 SAK280 黑｝顯卡長42/CPU高16.5/分艙設計/全景玻璃透側/支援背插/ATX,視博通 SAK280 黑,1890,視博通 Superchannel 機殼,4713.5,,,,,,,,,,,,,,,,,,,,,,,,,,,,42.0,16.5,ATX,False,True,黑,,,,,2026-10-10 06:01
case,｛視博通 SAK280 白｝顯卡長42/CPU高16.5/分艙設計/全景玻璃透側/支援背插/ATX,視博通 SAK280 白,1990,視博通 Superchannel 機殼,4714.5,,,,,,,,,,,,,,,,,,,,,,,,,,,,42.0,16.5,ATX,False,True,白,,,,,2026-10-10 06:01
case,｛視博通 SAP320｝顯卡42.7/U高16.5/全景玻璃/TypeC 60W快充(PCI-E 6PIN供電)/ATX,視博通 SAP320,1690,視博通 Superchannel 機殼,4715.5,,,,,,,,,,,,,,,,,,,,,,,,,,,,42.7,16.5,ATX,False,True,黑,,,,,2026-10-10 06:01
case,｛視博通 LAI099 黑｝顯卡長37.5/CPU高18/玻璃透側/E-ATX,視博通 LAI099 黑,1390,視博通 Superchannel 機殼,4716.5,,,,,,,,,,,,,,,,,,,,,,,,,,,,37.5,18.0,E-ATX,False,True,黑,,,,,2026-10-10 06:01
case,｛視博通 LAI099 白｝顯卡長37.5/CPU高18/玻璃透側/E-ATX,視博通 LAI099 白,1390,視博通 Superchannel 機殼,4717.5,,,,,,,,,,,,,,,,,,,,,,,,,,,,37.5,18.0,E-ATX,False,True,白,,,,,2026-10-10 06:01
case,｛視博通 LAI099 ARGB 白｝顯卡長37.5/CPU高18/玻璃透側/E-ATX,視博通 LAI099 ARGB 白,1590,視博通 Superchannel 機殼,4718.5,,,,,,,,,,,,,,,,,,,,,,,,,,,,37.5,18.0,E-ATX,False,True,白,,,,,2026-10-10 06:01
case,｛視博通 SW200 黑｝顯卡長40/CPU高16.3/壓克力透側/ATX,視博通 SW200 黑,1090,視博通 Superchannel 機殼,4719.5,,,,,,,,,,,,,,,,,,,,,,,,,,,,40.0,16.3,ATX,False,True,黑,,,,,2026-10-10 06:01
case,｛視博通 SW300 M 黑｝顯卡長35/U高16.6/前置Type-C/下壓式防塵網/玻璃透側/M-ATX,視博通 SW300 M 黑,1490,視博通 Superchannel 機殼,4720.5,,,,,,,,,,,,,,,,,,,,,,,,,,,,35.0,16.6,M-ATX,False,True,黑,,,,,2026-10-10 06:01
case,｛視博通 SW300 白｝顯卡長34.5/U高16.3/前置Type-C/彈壓式防塵網/玻璃透側/E-ATX,視博通 SW300 白,1990,視博通 Superchannel 機殼,4721.5,,,,,,,,,,,,,,,,,,,,,,,,,,,,34.5,16.3,E-ATX,False,True,白,,,,,2026-10-10 06:01
case,｛視博通 SW437｝顯卡長41.5(28)/CPU高16.4/多硬碟架構/前置Type-C/ATX,視博通 SW437,1990,視博通 Superchannel 機殼,4722.5,,,,,,,,,,,,,,,,,,,,,,,,,,,,41.5,16.4,ATX,False,False,黑,,,,,2026-10-10 06:01
case,｛視博通 AI SUPER(AI-100)｝顯卡長44.5/U高18.5/雙顯卡支架/支援*10 PCI slot/E-ATX,視博通 AI SUPER(AI-100),3990,視博通 Superchannel 機殼,4723.5,,,,,,,,,,,,,,,,,,,,,,,,,,,,44.5,18.5,E-ATX,False,False,黑,,,,,2026-10-10 06:01
case,｛視博通 幻彩男爵 白｝顯卡長34.5/U高16.3/20cm風扇*2/前置Type-C/玻璃透側/E-ATX,視博通 幻彩男爵 白,1990,視博通 Superchannel 機殼,4725.5,,,,,,,,,,,,,,,,,,,,,,,,,,,,34.5,16.3,E-ATX,False,True,白,,,,,2026-10-10 06:01
case,｛微星 PRO SHIELD M100P｝顯卡長27.5/CPU高14/M-ATX,微星 PRO SHIELD M100P,1090,微星 MSI 機殼,4727.5,,,,,,,,,,,,,,,,,,,,,,,,,,,,27.5,14.0,M-ATX,False,False,黑,,,,,2026-10-10 06:01
case,｛微星 MAG FORGE M100R WHITE｝顯卡長30/CPU高16/玻璃透側/M-ATX,微星 MAG FORGE M100R WHITE,1790,微星 MSI 機殼,4729.5,,,,,,,,,,,,,,,,,,,,,,,,,,,,30.0,16.0,M-ATX,False,True,白,,,,,2026-10-10 06:01
case,｛微星 MAG FORGE 120A AIRFLOW｝顯卡長33/CPU高16/定色扇*6/玻璃透側/ATX,微星 MAG FORGE 120A AIRFLOW,1590,微星 MSI 機殼,4732.5,,,,,,,,,,,,,,,,,,,,,,,,,,,,33.0,16.0,ATX,False,True,黑,,,,,2026-10-10 06:01
case,｛微星 MAG FORGE 130A AIRFLOW｝顯卡長33/CPU高16/定色扇*4/玻璃透側/ATX,微星 MAG FORGE 130A AIRFLOW,1390,微星 MSI 機殼,4733.5,,,,,,,,,,,,,,,,,,,,,,,,,,,,33.0,16.0,ATX,False,True,黑,,,,,2026-10-10 06:01
case,｛微星 MAG FORGE 320R AIRFLOW WHITE｝顯卡長39/CPU高16/玻璃透側/ATX,微星 MAG FORGE 320R AIRFLOW WHITE,1990,微星 MSI 機殼,4734.5,,,,,,,,,,,,,,,,,,,,,,,,,,,,39.0,16.0,ATX,False,True,白,,,,,2026-10-10 06:01
case,｛微星 MAG FORGE 321R AIRFLOW｝顯卡長39/CPU高16/前置Type-C/玻璃透側/ATX,微星 MAG FORGE 321R AIRFLOW,2190,微星 MSI 機殼,4735.5,,,,,,,,,,,,,,,,,,,,,,,,,,,,39.0,16.0,ATX,False,True,黑,,,,,2026-10-10 06:01
case,｛微星 MAG PANO M110R 黑｝顯卡長41/CPU高16.5/全景玻璃透側/M-ATX,微星 MAG PANO M110R 黑,1690,微星 MSI 機殼,4738.5,,,,,,,,,,,,,,,,,,,,,,,,,,,,41.0,16.5,M-ATX,False,True,黑,,,,,2026-10-10 06:01
case,｛微星 MAG PANO M110R 白｝顯卡長41/CPU高16.5/全景玻璃透側/M-ATX,微星 MAG PANO M110R 白,1790,微星 MSI 機殼,4739.5,,,,,,,,,,,,,,,,,,,,,,,,,,,,41.0,16.5,M-ATX,False,True,白,,,,,2026-10-10 06:01
case,｛微星 MAG PANO M100R PZ 黑｝顯卡長39/U高17.5/全景玻璃透側/支援背插/M-ATX,微星 MAG PANO M100R PZ 黑,2990,微星 MSI 機殼,4740.5,,,,,,,,,,,,,,,,,,,,,,,,,,,,39.0,17.5,M-ATX,False,True,黑,,,,,2026-10-10 06:01
case,｛微星 MAG PANO M100R PZ 白｝顯卡長39/U高17.5/全景玻璃透側/支援背插/M-ATX,微星 MAG PANO M100R PZ 白,3190,微星 MSI 機殼,4741.5,,,,,,,,,,,,,,,,,,,,,,,,,,,,39.0,17.5,M-ATX,False,True,白,,,,,2026-10-10 06:01
case,｛微星 MAG PANO 100R PZ 黑｝卡長38/U高16.6/分艙設計/全景玻璃透側/支援背插/ATX,微星 MAG PANO 100R PZ 黑,3990,微星 MSI 機殼,4742.5,,,,,,,,,,,,,,,,,,,,,,,,,,,,38.0,16.6,ATX,False,True,黑,,,,,2026-10-10 06:01
case,｛微星 MAG PANO 100R PZ 白｝卡長38/U高16.6/分艙設計/全景玻璃透側/支援背插/ATX,微星 MAG PANO 100R PZ 白,4190,微星 MSI 機殼,4743.5,,,,,,,,,,,,,,,,,,,,,,,,,,,,38.0,16.6,ATX,False,True,白,,,,,2026-10-10 06:01
case,｛微星 MAG PANO 110R PZ 黑｝顯卡長40/CPU高16/全景玻璃透側/支援背插/ATX,微星 MAG PANO 110R PZ 黑,2290,微星 MSI 機殼,4744.5,,,,,,,,,,,,,,,,,,,,,,,,,,,,40.0,16.0,ATX,False,True,黑,,,,,2026-10-10 06:01
case,｛微星 MAG PANO 110R PZ 白｝顯卡長40/CPU高16/全景玻璃透側/支援背插/ATX,微星 MAG PANO 110R PZ 白,2390,微星 MSI 機殼,4745.5,,,,,,,,,,,,,,,,,,,,,,,,,,,,40.0,16.0,ATX,False,True,白,,,,,2026-10-10 06:01
case,｛微星 MAG PANO 130R PZ 黑｝顯卡長40/CPU高16.5/全景玻璃透側/支援背插/ATX,微星 MAG PANO 130R PZ 黑,1790,微星 MSI 機殼,4746.5,,,,,,,,,,,,,,,,,,,,,,,,,,,,40.0,16.5,ATX,False,True,黑,,,,,2026-10-10 06:01
case,｛微星 MAG PANO 130R PZ 白｝顯卡長40/CPU高16.5/全景玻璃透側/支援背插/ATX,微星 MAG PANO 130R PZ 白,1890,微星 MSI 機殼,4747.5,,,,,,,,,,,,,,,,,,,,,,,,,,,,40.0,16.5,ATX,False,True,白,,,,,2026-10-10 06:01
case,｛微星 MPG VIXTA 300R PZ 黑｝顯卡42/U高16.5/懸浮式底座/全景曲面玻璃/背插/ATX,微星 MPG VIXTA 300R PZ 黑,3590,微星 MSI 機殼,4749.5,,,,,,,,,,,,,,,,,,,,,,,,,,,,42.0,16.5,ATX,False,True,黑,,,,,2026-10-10 06:01
case,｛微星 MPG VIXTA AIRFLOW 300R PZ 黑｝卡39/U高16.5/懸浮底座/玻璃透側/背插/ATX,微星 MPG VIXTA AIRFLOW 300R PZ 黑,3890,微星 MSI 機殼,4751.5,,,,,,,,,,,,,,,,,,,,,,,,,,,,39.0,16.5,ATX,False,True,黑,,,,,2026-10-10 06:01
case,｛微星 MPG VIXTA AIRFLOW 300R PZ 白｝卡39/U高16.5/懸浮底座/玻璃透側/背插/ATX,微星 MPG VIXTA AIRFLOW 300R PZ 白,3990,微星 MSI 機殼,4752.5,,,,,,,,,,,,,,,,,,,,,,,,,,,,39.0,16.5,ATX,False,True,白,,,,,2026-10-10 06:01
case,｛微星 MPG GUNGNIR 300R AIRFLOW｝顯卡長36/U高17.5/玻璃透側/顯卡支架/E-ATX,微星 MPG GUNGNIR 300R AIRFLOW,4990,微星 MSI 機殼,4753.5,,,,,,,,,,,,,,,,,,,,,,,,,,,,36.0,17.5,E-ATX,False,True,黑,,,,,2026-10-10 06:01
case,｛微星 MEG MAESTRO 900R｝顯卡44/U高17/全景玻璃/鋁合金材質/中置對稱架構/E-ATX,微星 MEG MAESTRO 900R,22990,微星 MSI 機殼,4754.5,,,,,,,,,,,,,,,,,,,,,,,,,,,,44.0,17.0,E-ATX,False,True,黑,,,,,2026-10-10 06:01
case,｛技嘉 C102 GLASS｝顯卡長41/CPU高16.5/磁吸面板/玻璃透側/M-ATX,技嘉 C102 GLASS,1390,技嘉 GIGABYTE 機殼,4756.5,,,,,,,,,,,,,,,,,,,,,,,,,,,,41.0,16.5,M-ATX,False,True,黑,,,,,2026-10-10 06:01
case,｛技嘉 C102 GLASS ICE 白｝顯卡長41/CPU高16.5/磁吸面板/玻璃透側/M-ATX,技嘉 C102 GLASS ICE 白,1490,技嘉 GIGABYTE 機殼,4757.5,,,,,,,,,,,,,,,,,,,,,,,,,,,,41.0,16.5,M-ATX,False,True,白,,,,,2026-10-10 06:01
case,｛技嘉 C103 GLASS GLOBAL｝顯卡長35.5/CPU高16.5/玻璃透側/ATX,技嘉 C103 GLASS GLOBAL,1290,技嘉 GIGABYTE 機殼,4758.5,,,,,,,,,,,,,,,,,,,,,,,,,,,,35.5,16.5,ATX,False,True,黑,,,,,2026-10-10 06:01
case,｛技嘉 C201 Panoramic｝顯卡長41/CPU高19/全景玻璃透側/M-ATX,技嘉 C201 Panoramic,1890,技嘉 GIGABYTE 機殼,4759.5,,,,,,,,,,,,,,,,,,,,,,,,,,,,41.0,19.0,M-ATX,False,True,黑,,,,,2026-10-10 06:01
case,｛技嘉 C201 Panoramic ICE 白｝顯卡長41/CPU高19/全景玻璃透側/M-ATX,技嘉 C201 Panoramic ICE 白,1990,技嘉 GIGABYTE 機殼,4760.5,,,,,,,,,,,,,,,,,,,,,,,,,,,,41.0,19.0,M-ATX,False,True,白,,,,,2026-10-10 06:01
case,｛技嘉 C301 GLASS｝顯卡長40/CPU高17/玻璃透側/E-ATX,技嘉 C301 GLASS,2290,技嘉 GIGABYTE 機殼,4761.5,,,,,,,,,,,,,,,,,,,,,,,,,,,,40.0,17.0,E-ATX,False,True,黑,,,,,2026-10-10 06:01
case,｛技嘉 C301 GLASS WHITE｝顯卡長40/CPU高17/玻璃透側/E-ATX,技嘉 C301 GLASS WHITE,2490,技嘉 GIGABYTE 機殼,4762.5,,,,,,,,,,,,,,,,,,,,,,,,,,,,40.0,17.0,E-ATX,False,True,白,,,,,2026-10-10 06:01
case,｛技嘉 C500 Panoramic Stealth｝顯卡長41/CPU高17.6/全景玻璃透側/支援背插/ATX,技嘉 C500 Panoramic Stealth,3290,技嘉 GIGABYTE 機殼,4763.5,,,,,,,,,,,,,,,,,,,,,,,,,,,,41.0,17.6,ATX,False,True,黑,,,,,2026-10-10 06:01
case,｛技嘉 C500 Panoramic Stealth ICE 白｝顯卡41/U高17.6/全景玻璃透側/支援背插/ATX,技嘉 C500 Panoramic Stealth ICE 白,3490,技嘉 GIGABYTE 機殼,4764.5,,,,,,,,,,,,,,,,,,,,,,,,,,,,41.0,17.6,ATX,False,True,白,,,,,2026-10-10 06:01
case,｛技嘉 AORUS C400 GLASS｝顯卡長36/CPU高16.8/垂直風道/玻璃透側/ATX,技嘉 AORUS C400 GLASS,4290,技嘉 GIGABYTE 機殼,4765.5,,,,,,,,,,,,,,,,,,,,,,,,,,,,36.0,16.8,ATX,False,True,黑,,,,,2026-10-10 06:01
case,｛技嘉 AORUS C500 GLASS｝顯卡長42/CPU高19/玻璃透側/E-ATX,技嘉 AORUS C500 GLASS,5490,技嘉 GIGABYTE 機殼,4766.5,,,,,,,,,,,,,,,,,,,,,,,,,,,,42.0,19.0,E-ATX,False,True,黑,,,,,2026-10-10 06:01
case,｛技嘉 AORUS C601 GLASS｝顯卡長42/U高19/雙玻璃透側/E-ATX,技嘉 AORUS C601 GLASS,9990,技嘉 GIGABYTE 機殼,4767.5,,,,,,,,,,,,,,,,,,,,,,,,,,,,42.0,19.0,E-ATX,False,True,黑,,,,,2026-10-10 06:01
case,｛darkFlash MOTI mini 網孔版｝顯卡長30/CPU高18/玻璃透側/M-ATX,darkFlash MOTI mini 網孔版,990,大飛 darkFlash 機殼,4769.5,,,,,,,,,,,,,,,,,,,,,,,,,,,,30.0,18.0,M-ATX,False,True,黑,,,,,2026-10-10 06:01
case,｛darkFlash MOTI mini 黑｝顯卡長32.2/CPU高18/定光RGB扇*5/全景玻璃透側/M-ATX,darkFlash MOTI mini 黑,1490,大飛 darkFlash 機殼,4770.5,,,,,,,,,,,,,,,,,,,,,,,,,,,,32.2,18.0,M-ATX,False,True,黑,,,,,2026-10-10 06:01
case,｛darkFlash MOTI mini 白｝顯卡長32.2/CPU高18/定光RGB扇*5/全景玻璃透側/M-ATX,darkFlash MOTI mini 白,1490,大飛 darkFlash 機殼,4771.5,,,,,,,,,,,,,,,,,,,,,,,,,,,,32.2,18.0,M-ATX,False,True,白,,,,,2026-10-10 06:01
case,"｛darkFlash DK353 黑｝顯卡34/U高16.5/12cm彩虹扇*4(明暗,兩速切換)/玻璃透側/ATX",darkFlash DK353 黑,990,大飛 darkFlash 機殼,4772.5,,,,,,,,,,,,,,,,,,,,,,,,,,,,34.0,16.5,ATX,False,True,黑,,,,,2026-10-10 06:01
case,｛darkFlash DK431 粉｝顯卡長40/CPU高16/玻璃透側/右側風口/E-ATX,darkFlash DK431 粉,1890,大飛 darkFlash 機殼,4773.5,,,,,,,,,,,,,,,,,,,,,,,,,,,,40.0,16.0,E-ATX,False,True,黑,,,,,2026-10-10 06:01
case,｛darkFlash DRX70 黑｝顯卡長35/CPU高18/玻璃透側/磁吸面板/顯卡支架/ATX,darkFlash DRX70 黑,1390,大飛 darkFlash 機殼,4774.5,,,,,,,,,,,,,,,,,,,,,,,,,,,,35.0,18.0,ATX,False,True,黑,,,,,2026-10-10 06:01
case,｛darkFlash DS900 黑｝顯卡長42.5/U高17/全景玻璃透側/ARGB風扇*4/顯卡支架/ATX,darkFlash DS900 黑,1590,大飛 darkFlash 機殼,4776.5,,,,,,,,,,,,,,,,,,,,,,,,,,,,42.5,17.0,ATX,False,True,黑,,,,,2026-10-10 06:01
case,｛darkFlash DS900 白｝顯卡長42.5/U高17/全景玻璃透側/ARGB風扇*4/顯卡支架/ATX,darkFlash DS900 白,1690,大飛 darkFlash 機殼,4777.5,,,,,,,,,,,,,,,,,,,,,,,,,,,,42.5,17.0,ATX,False,True,白,,,,,2026-10-10 06:01
case,｛darkFlash DS900 木紋版 黑｝顯卡長42.5/U高17/全景玻璃透側/ARGB風扇*4/ATX,darkFlash DS900 木紋版 黑,1890,大飛 darkFlash 機殼,4778.5,,,,,,,,,,,,,,,,,,,,,,,,,,,,42.5,17.0,ATX,False,True,黑,,,,,2026-10-10 06:01
case,｛darkFlash DS900 木紋版 白｝顯卡長42.5/U高17/全景玻璃透側/ARGB風扇*4/ATX,darkFlash DS900 木紋版 白,1990,大飛 darkFlash 機殼,4779.5,,,,,,,,,,,,,,,,,,,,,,,,,,,,42.5,17.0,ATX,False,True,白,,,,,2026-10-10 06:01
case,｛darkFlash DS900G 黑｝顯卡長42.5/U高17/全景曲面玻璃/ARGB風扇*4/顯卡支架/ATX,darkFlash DS900G 黑,2290,大飛 darkFlash 機殼,4780.5,,,,,,,,,,,,,,,,,,,,,,,,,,,,42.5,17.0,ATX,False,True,黑,,,,,2026-10-10 06:01
case,｛darkFlash DS900G 白｝顯卡長42.5/U高17/全景曲面玻璃/ARGB風扇*4/顯卡支架/ATX,darkFlash DS900G 白,2390,大飛 darkFlash 機殼,4781.5,,,,,,,,,,,,,,,,,,,,,,,,,,,,42.5,17.0,ATX,False,True,白,,,,,2026-10-10 06:01
case,｛darkFlash DS950V 黑｝顯卡長40/U高18/全景玻璃透側/6吋LCD/ARGB風扇*6/ATX,darkFlash DS950V 黑,2790,大飛 darkFlash 機殼,4782.5,,,,,,,,,,,,,,,,,,,,,,,,,,,,40.0,18.0,ATX,False,True,黑,,,,,2026-10-10 06:01
case,｛darkFlash DS950V 白｝顯卡長40/U高18/全景玻璃透側/6吋LCD/ARGB風扇*6/ATX,darkFlash DS950V 白,2890,大飛 darkFlash 機殼,4784.5,,,,,,,,,,,,,,,,,,,,,,,,,,,,40.0,18.0,ATX,False,True,白,,,,,2026-10-10 06:01
case,｛darkFlash DF4100 黑｝顯卡長43.5/CPU高18.5/玻璃透側/14cm風扇*4/E-ATX,darkFlash DF4100 黑,1790,大飛 darkFlash 機殼,4786.5,,,,,,,,,,,,,,,,,,,,,,,,,,,,43.5,18.5,E-ATX,False,True,黑,,,,,2026-10-10 06:01
case,｛darkFlash DF4100 白｝顯卡長43.5/CPU高18.5/玻璃透側/14cm風扇*4/E-ATX,darkFlash DF4100 白,1890,大飛 darkFlash 機殼,4787.5,,,,,,,,,,,,,,,,,,,,,,,,,,,,43.5,18.5,E-ATX,False,True,白,,,,,2026-10-10 06:01
case,｛darkFlash DY470 黑｝顯卡長41/CPU高17.5/分艙設計/三面全景玻璃/支援背插(限ATX),darkFlash DY470 黑,3290,大飛 darkFlash 機殼,4788.5,,,,,,,,,,,,,,,,,,,,,,,,,,,,41.0,17.5,ATX,False,True,黑,,,,,2026-10-10 06:01
case,｛darkFlash DY470 白｝顯卡長41/CPU高17.5/分艙設計/三面全景玻璃/支援背插(限ATX),darkFlash DY470 白,3290,大飛 darkFlash 機殼,4790.5,,,,,,,,,,,,,,,,,,,,,,,,,,,,41.0,17.5,ATX,False,True,白,,,,,2026-10-10 06:01
case,｛Apexgaming 蓋亞GAIA 黑｝顯卡長40/CPU高17/玻璃透側/鋁拉絲小牛皮飾板/E-ATX,Apexgaming 蓋亞GAIA 黑,1590,"美商艾湃電競(首利) Apexgaming【上市25年 ""首利"" 100%品牌】",4794.5,,,,,,,,,,,,,,,,,,,,,,,,,,,,40.0,17.0,E-ATX,False,True,黑,,,,,2026-10-10 06:01
case,｛Apexgaming 蓋亞GAIA 白｝顯卡長40/CPU高17/玻璃透側/鋁拉絲小牛皮飾板/E-ATX,Apexgaming 蓋亞GAIA 白,1690,"美商艾湃電競(首利) Apexgaming【上市25年 ""首利"" 100%品牌】",4795.5,,,,,,,,,,,,,,,,,,,,,,,,,,,,40.0,17.0,E-ATX,False,True,白,,,,,2026-10-10 06:01
case,｛Apexgaming V300 白｝顯卡長34/CPU高16/玻璃透側/分艙設計/M-ATX,Apexgaming V300 白,1390,"美商艾湃電競(首利) Apexgaming【上市25年 ""首利"" 100%品牌】",4796.5,,,,,,,,,,,,,,,,,,,,,,,,,,,,34.0,16.0,M-ATX,False,True,白,,,,,2026-10-10 06:01
case,｛Apexgaming METEOR TE220 黑｝顯卡長38.3/U高17.4/玻璃透側/含顯卡支架/E-ATX,Apexgaming METEOR TE220 黑,2190,"美商艾湃電競(首利) Apexgaming【上市25年 ""首利"" 100%品牌】",4798.5,,,,,,,,,,,,,,,,,,,,,,,,,,,,38.3,17.4,E-ATX,False,True,黑,,,,,2026-10-10 06:01
case,｛Apexgaming METEOR TE220 白｝顯卡長38.3/U高17.4/玻璃透側/含顯卡支架/E-ATX,Apexgaming METEOR TE220 白,2390,"美商艾湃電競(首利) Apexgaming【上市25年 ""首利"" 100%品牌】",4799.5,,,,,,,,,,,,,,,,,,,,,,,,,,,,38.3,17.4,E-ATX,False,True,白,,,,,2026-10-10 06:01
case,｛Apexgaming APOLLO A620 白｝顯卡長44/U高17/玻璃透側/定色RGB扇/背插/E-ATX,Apexgaming APOLLO A620 白,1790,"美商艾湃電競(首利) Apexgaming【上市25年 ""首利"" 100%品牌】",4800.5,,,,,,,,,,,,,,,,,,,,,,,,,,,,44.0,17.0,E-ATX,False,True,白,,,,,2026-10-10 06:01
case,｛Apexgaming POSEIDON P630 黑｝顯卡長44/CPU高17/全景玻璃/支援背插/E-ATX,Apexgaming POSEIDON P630 黑,1890,"美商艾湃電競(首利) Apexgaming【上市25年 ""首利"" 100%品牌】",4801.5,,,,,,,,,,,,,,,,,,,,,,,,,,,,44.0,17.0,E-ATX,False,True,黑,,,,,2026-10-10 06:01
case,｛Apexgaming POSEIDON P630 白｝顯卡長44/CPU高17/全景玻璃/支援背插/E-ATX,Apexgaming POSEIDON P630 白,1990,"美商艾湃電競(首利) Apexgaming【上市25年 ""首利"" 100%品牌】",4802.5,,,,,,,,,,,,,,,,,,,,,,,,,,,,44.0,17.0,E-ATX,False,True,白,,,,,2026-10-10 06:01
case,｛COUGAR PURITY RGB 黑｝顯卡長30.5/CPU高16/玻璃透側/M-ATX,COUGAR PURITY RGB 黑,1390,美洲獅 COUGAR 機殼,4807.5,,,,,,,,,,,,,,,,,,,,,,,,,,,,30.5,16.0,M-ATX,False,True,黑,,,,,2026-10-10 06:01
case,｛COUGAR PURITY RGB 白｝顯卡長30.5/CPU高16/玻璃透側/M-ATX,COUGAR PURITY RGB 白,1390,美洲獅 COUGAR 機殼,4808.5,,,,,,,,,,,,,,,,,,,,,,,,,,,,30.5,16.0,M-ATX,False,True,白,,,,,2026-10-10 06:01
case,｛COUGAR MX360 RGB｝顯卡長31.5/CPU高17/玻璃透側/ATX,COUGAR MX360 RGB,1390,美洲獅 COUGAR 機殼,4809.5,,,,,,,,,,,,,,,,,,,,,,,,,,,,31.5,17.0,ATX,False,True,黑,,,,,2026-10-10 06:01
case,｛COUGAR MX600 RGB 黑｝顯卡長40/CPU高18/玻璃透側/方形進氣孔/E-ATX▼下殺到 10/31 20:00,COUGAR MX600 RGB 黑,2790,美洲獅 COUGAR 機殼,4810.5,,,,,,,,,,,,,,,,,,,,,,,,,,,,40.0,18.0,E-ATX,False,True,黑,,,,,2026-10-10 06:01
case,｛COUGAR MX600 RGB 白｝顯卡長40/CPU高18/玻璃透側/方形進氣孔/E-ATX▼下殺到 10/31 20:00,COUGAR MX600 RGB 白,2890,美洲獅 COUGAR 機殼,4811.5,,,,,,,,,,,,,,,,,,,,,,,,,,,,40.0,18.0,E-ATX,False,True,白,,,,,2026-10-10 06:01
case,｛COUGAR Archon 2 Mesh RGB 黑｝顯卡長31.5/CPU高17/玻璃透側/ATX,COUGAR Archon 2 Mesh RGB 黑,1390,美洲獅 COUGAR 機殼,4815.5,,,,,,,,,,,,,,,,,,,,,,,,,,,,31.5,17.0,ATX,False,True,黑,,,,,2026-10-10 06:01
case,｛COUGAR Archon 2 Mesh RGB 白｝顯卡長31.5/CPU高17/玻璃透側/ATX,COUGAR Archon 2 Mesh RGB 白,1390,美洲獅 COUGAR 機殼,4816.5,,,,,,,,,,,,,,,,,,,,,,,,,,,,31.5,17.0,ATX,False,True,白,,,,,2026-10-10 06:01
case,｛COUGAR Airface Pure Pro 黑｝顯卡長32/CPU高17.5/玻璃透側/ATX 原價$1890！,COUGAR Airface Pure Pro 黑,1590,美洲獅 COUGAR 機殼,4817.5,,,,,,,,,,,,,,,,,,,,,,,,,,,,32.0,17.5,ATX,False,True,黑,,,,,2026-10-10 06:01
case,｛COUGAR Airface Pure Pro 白｝顯卡長32/CPU高17.5/玻璃透側/ATX 原價$1990！,COUGAR Airface Pure Pro 白,1690,美洲獅 COUGAR 機殼,4818.5,,,,,,,,,,,,,,,,,,,,,,,,,,,,32.0,17.5,ATX,False,True,白,,,,,2026-10-10 06:01
case,｛COUGAR Airface 180 黑｝顯卡長34/U高17/前18cm雙風扇/玻璃透側/支援背插/ATX,COUGAR Airface 180 黑,1990,美洲獅 COUGAR 機殼,4819.5,,,,,,,,,,,,,,,,,,,,,,,,,,,,34.0,17.0,ATX,False,True,黑,,,,,2026-10-10 06:01
case,｛COUGAR Airface 180 白｝顯卡長34/U高17/前18cm雙風扇/玻璃透側/支援背插/ATX,COUGAR Airface 180 白,2090,美洲獅 COUGAR 機殼,4820.5,,,,,,,,,,,,,,,,,,,,,,,,,,,,34.0,17.0,ATX,False,True,白,,,,,2026-10-10 06:01
case,｛COUGAR CFV235 黑｝顯卡長43/CPU高17.5/懸浮式架構/全景玻璃透側/背插/ATX,COUGAR CFV235 黑,3890,美洲獅 COUGAR 機殼,4821.5,,,,,,,,,,,,,,,,,,,,,,,,,,,,43.0,17.5,ATX,False,True,黑,,,,,2026-10-10 06:01
case,｛COUGAR CFV235 白｝顯卡長43/CPU高17.5/懸浮式架構/全景玻璃透側/背插/ATX,COUGAR CFV235 白,3990,美洲獅 COUGAR 機殼,4822.5,,,,,,,,,,,,,,,,,,,,,,,,,,,,43.0,17.5,ATX,False,True,白,,,,,2026-10-10 06:01
case,｛COUGAR CFV235 Mesh 黑｝顯卡長40/CPU高17.5/懸浮式架構/玻璃透側/背插/ATX,COUGAR CFV235 Mesh 黑,4090,美洲獅 COUGAR 機殼,4823.5,,,,,,,,,,,,,,,,,,,,,,,,,,,,40.0,17.5,ATX,False,True,黑,,,,,2026-10-10 06:01
case,｛COUGAR CFV235 Mesh 白｝ 顯卡長40/CPU高17.5/懸浮式架構/玻璃透側/背插/ATX,COUGAR CFV235 Mesh 白,4190,美洲獅 COUGAR 機殼,4824.5,,,,,,,,,,,,,,,,,,,,,,,,,,,,40.0,17.5,ATX,False,True,白,,,,,2026-10-10 06:01
case,｛COUGAR Duoface RGB 黑｝ 卡33/U高19/雙面板/Logo燈效/玻璃透側/E-ATX 原價$2490！,COUGAR Duoface RGB 黑,1990,美洲獅 COUGAR 機殼,4825.5,,,,,,,,,,,,,,,,,,,,,,,,,,,,33.0,19.0,E-ATX,False,True,黑,,,,,2026-10-10 06:01
case,｛COUGAR Duoface RGB 白｝卡33/U高19/雙面板/Logo燈效/玻璃透側/E-ATX 原價$2590！,COUGAR Duoface RGB 白,2090,美洲獅 COUGAR 機殼,4826.5,,,,,,,,,,,,,,,,,,,,,,,,,,,,33.0,19.0,E-ATX,False,True,白,,,,,2026-10-10 06:01
case,"｛COUGAR Duoface Pro RGB 黑｝卡39/U高19/雙面板/可拆上蓋,面板架/玻璃透側/E-ATX▼下殺到 10/31 20:00",COUGAR Duoface Pro RGB 黑,2390,美洲獅 COUGAR 機殼,4827.5,,,,,,,,,,,,,,,,,,,,,,,,,,,,39.0,19.0,E-ATX,False,True,黑,,,,,2026-10-10 06:01
case,"｛COUGAR Duoface Pro RGB 白｝卡39/U高19/雙面板/可拆上蓋,面板架/玻璃透側/E-ATX▼下殺到 10/31 20:00",COUGAR Duoface Pro RGB 白,2490,美洲獅 COUGAR 機殼,4828.5,,,,,,,,,,,,,,,,,,,,,,,,,,,,39.0,19.0,E-ATX,False,True,白,,,,,2026-10-10 06:01
case,｛COUGAR Uniface Mini RGB 黑｝顯卡長34/CPU高16/玻璃透側/M-ATX▼下殺到 10/31 20:00,COUGAR Uniface Mini RGB 黑,1190,美洲獅 COUGAR 機殼,4829.5,,,,,,,,,,,,,,,,,,,,,,,,,,,,34.0,16.0,M-ATX,False,True,黑,,,,,2026-10-10 06:01
case,｛COUGAR Uniface Mini RGB 白｝顯卡長34/CPU高16/玻璃透側/M-ATX 原價$1890,COUGAR Uniface Mini RGB 白,1590,美洲獅 COUGAR 機殼,4830.5,,,,,,,,,,,,,,,,,,,,,,,,,,,,34.0,16.0,M-ATX,False,True,白,,,,,2026-10-10 06:01
case,｛COUGAR Uniface RGB 黑｝顯卡長40/CPU高18/玻璃透側/E-ATX 原價$2590！,COUGAR Uniface RGB 黑,2090,美洲獅 COUGAR 機殼,4831.5,,,,,,,,,,,,,,,,,,,,,,,,,,,,40.0,18.0,E-ATX,False,True,黑,,,,,2026-10-10 06:01
case,｛COUGAR Uniface RGB 白｝顯卡長40/CPU高18/玻璃透側/E-ATX▼下殺到 10/31 20:00,COUGAR Uniface RGB 白,1890,美洲獅 COUGAR 機殼,4832.5,,,,,,,,,,,,,,,,,,,,,,,,,,,,40.0,18.0,E-ATX,False,True,白,,,,,2026-10-10 06:01
case,｛COUGAR FV150 Mini RGB 黑｝顯卡40/U高17/定光扇*3/分艙/全景玻璃/背插/M-ATX▼下殺到 10/31 20:00,COUGAR FV150 Mini RGB 黑,1190,美洲獅 COUGAR 機殼,4833.5,,,,,,,,,,,,,,,,,,,,,,,,,,,,40.0,17.0,M-ATX,False,True,黑,,,,,2026-10-10 06:01
case,｛COUGAR FV150 Mini RGB 白｝顯卡40/U高17/定光扇*3/分艙/全景玻璃/背插/M-ATX▼下殺到 10/31 20:00,COUGAR FV150 Mini RGB 白,1290,美洲獅 COUGAR 機殼,4834.5,,,,,,,,,,,,,,,,,,,,,,,,,,,,40.0,17.0,M-ATX,False,True,白,,,,,2026-10-10 06:01
case,｛COUGAR FV150 Mini RGB 粉｝顯卡40/U高17/定光扇*3/分艙/全景玻璃/背插/M-ATX,COUGAR FV150 Mini RGB 粉,1590,美洲獅 COUGAR 機殼,4835.5,,,,,,,,,,,,,,,,,,,,,,,,,,,,40.0,17.0,M-ATX,False,True,黑,,,,,2026-10-10 06:01
case,｛COUGAR FV150 RGB 黑｝顯卡長40/CPU高18/分艙設計/全景玻璃透側/ATX,COUGAR FV150 RGB 黑,2290,美洲獅 COUGAR 機殼,4836.5,,,,,,,,,,,,,,,,,,,,,,,,,,,,40.0,18.0,ATX,False,True,黑,,,,,2026-10-10 06:01
case,｛COUGAR FV150 RGB 白｝顯卡長40/CPU高18/分艙設計/全景玻璃透側/ATX,COUGAR FV150 RGB 白,2390,美洲獅 COUGAR 機殼,4837.5,,,,,,,,,,,,,,,,,,,,,,,,,,,,40.0,18.0,ATX,False,True,白,,,,,2026-10-10 06:01
case,｛COUGAR FV150 RGB 粉｝顯卡長40/CPU高18/分艙設計/全景玻璃透側/ATX,COUGAR FV150 RGB 粉,2390,美洲獅 COUGAR 機殼,4838.5,,,,,,,,,,,,,,,,,,,,,,,,,,,,40.0,18.0,ATX,False,True,黑,,,,,2026-10-10 06:01
case,｛COUGAR OmnyX 黑｝顯卡長38/U高17/玻璃透側/對稱式設計/雙向滑軌I/O/背插/ATX,COUGAR OmnyX 黑,4890,美洲獅 COUGAR 機殼,4839.5,,,,,,,,,,,,,,,,,,,,,,,,,,,,38.0,17.0,ATX,False,True,黑,,,,,2026-10-10 06:01
case,｛COUGAR OmnyX 白｝顯卡長38/U高17/玻璃透側/對稱式設計/雙向滑軌I/O/背插/ATX,COUGAR OmnyX 白,4990,美洲獅 COUGAR 機殼,4840.5,,,,,,,,,,,,,,,,,,,,,,,,,,,,38.0,17.0,ATX,False,True,白,,,,,2026-10-10 06:01
case,｛COUGAR FV270 RGB 黑｝顯卡長42/CPU高18/曲面全景玻璃/支援背插/E-ATX,COUGAR FV270 RGB 黑,5490,美洲獅 COUGAR 機殼,4841.5,,,,,,,,,,,,,,,,,,,,,,,,,,,,42.0,18.0,E-ATX,False,True,黑,,,,,2026-10-10 06:01
case,｛COUGAR FV270 RGB 白｝顯卡長42/CPU高18/曲面全景玻璃/支援背插/E-ATX,COUGAR FV270 RGB 白,5590,美洲獅 COUGAR 機殼,4843.5,,,,,,,,,,,,,,,,,,,,,,,,,,,,42.0,18.0,E-ATX,False,True,白,,,,,2026-10-10 06:01
case,｛SAMA SAK451 大境界 白｝顯卡長43/CPU高18.3/全景玻璃透側/支援背插/ATX,SAMA SAK451 大境界 白,2990,先馬 SAMA 機殼,4847.5,,,,,,,,,,,,,,,,,,,,,,,,,,,,43.0,18.3,ATX,False,True,白,,,,,2026-10-10 06:01
case,｛SAMA SAK736 幻境界 黑｝顯卡長41/CPU高18/全景玻璃透側/ATX,SAMA SAK736 幻境界 黑,1590,先馬 SAMA 機殼,4849.5,,,,,,,,,,,,,,,,,,,,,,,,,,,,41.0,18.0,ATX,False,True,黑,,,,,2026-10-10 06:01
case,｛SAMA SAK736 幻境界 白｝顯卡長41/CPU高18/全景玻璃透側/ATX,SAMA SAK736 幻境界 白,1690,先馬 SAMA 機殼,4850.5,,,,,,,,,,,,,,,,,,,,,,,,,,,,41.0,18.0,ATX,False,True,白,,,,,2026-10-10 06:01
case,｛SAMA V42 黑｝顯卡長41/CPU高18.1/玻璃透側/支援背插/ATX,SAMA V42 黑,1390,先馬 SAMA 機殼,4851.5,,,,,,,,,,,,,,,,,,,,,,,,,,,,41.0,18.1,ATX,False,True,黑,,,,,2026-10-10 06:01
case,｛SAMA V71 黑｝顯卡長41/CPU高16.5/曲面全景玻璃/分艙設計/支援背插/ATX,SAMA V71 黑,2790,先馬 SAMA 機殼,4852.5,,,,,,,,,,,,,,,,,,,,,,,,,,,,41.0,16.5,ATX,False,True,黑,,,,,2026-10-10 06:01
case,｛SAMA V71 白｝顯卡長41/CPU高16.5/曲面全景玻璃/分艙設計/支援背插/ATX,SAMA V71 白,2890,先馬 SAMA 機殼,4853.5,,,,,,,,,,,,,,,,,,,,,,,,,,,,41.0,16.5,ATX,False,True,白,,,,,2026-10-10 06:01
case,｛旋剛 REV300 顛覆至尊 黑｝顯卡34.5/U高17.7/7風扇/玻璃透側/E-ATX 左側放置推薦！,旋剛 REV300 顛覆至尊 黑,1990,旋剛 Sharkoon 機殼,4855.5,,,,,,,,,,,,,,,,,,,,,,,,,,,,34.5,17.7,E-ATX,False,True,黑,,,,,2026-10-10 06:01
case,｛旋剛 REV300 顛覆至尊 白｝顯卡34.5/U高17.7/7風扇/玻璃透側/E-ATX 左側放置推薦！,旋剛 REV300 顛覆至尊 白,1990,旋剛 Sharkoon 機殼,4856.5,,,,,,,,,,,,,,,,,,,,,,,,,,,,34.5,17.7,E-ATX,False,True,白,,,,,2026-10-10 06:01
case,｛旋剛 光影者 RGB｝顯卡長37.5/CPU高16.5/A.RGB風扇/壓克力透側/ATX,旋剛 光影者 RGB,1690,旋剛 Sharkoon 機殼,4857.5,,,,,,,,,,,,,,,,,,,,,,,,,,,,37.5,16.5,ATX,False,True,黑,,,,,2026-10-10 06:01
case,｛旋剛 馭風者 RGB｝顯卡長37.5/CPU高16.5/A.RGB風扇/壓克力透側/ATX,旋剛 馭風者 RGB,1690,旋剛 Sharkoon 機殼,4858.5,,,,,,,,,,,,,,,,,,,,,,,,,,,,37.5,16.5,ATX,False,True,黑,,,,,2026-10-10 06:01
case,｛旋剛 小暴風 S1000｝顯卡長40/CPU高15.5/SSD*2/M-ATX,旋剛 小暴風 S1000,1190,旋剛 Sharkoon 機殼,4859.5,,,,,,,,,,,,,,,,,,,,,,,,,,,,40.0,15.5,M-ATX,False,False,黑,,,,,2026-10-10 06:01
case,｛旋剛 AK5M RGB 黑｝顯卡長41/CPU高17/玻璃透側/支援背插/ATX,旋剛 AK5M RGB 黑,1290,旋剛 Sharkoon 機殼,4860.5,,,,,,,,,,,,,,,,,,,,,,,,,,,,41.0,17.0,ATX,False,True,黑,,,,,2026-10-10 06:01
case,｛旋剛 AK6 RGB 黑｝顯卡長41/CPU高17/全景玻璃透側/含顯卡支架/支援背插/ATX,旋剛 AK6 RGB 黑,1990,旋剛 Sharkoon 機殼,4861.5,,,,,,,,,,,,,,,,,,,,,,,,,,,,41.0,17.0,ATX,False,True,黑,,,,,2026-10-10 06:01
case,｛旋剛 AK6 RGB 白｝顯卡長41/CPU高17/全景玻璃透側/含顯卡支架/支援背插/ATX,旋剛 AK6 RGB 白,2090,旋剛 Sharkoon 機殼,4862.5,,,,,,,,,,,,,,,,,,,,,,,,,,,,41.0,17.0,ATX,False,True,白,,,,,2026-10-10 06:01
case,｛旋剛 AK7 ARGB 黑｝顯卡長41/CPU高17/不織布覆蓋/全景玻璃透側/支援背插/ATX,旋剛 AK7 ARGB 黑,1990,旋剛 Sharkoon 機殼,4863.5,,,,,,,,,,,,,,,,,,,,,,,,,,,,41.0,17.0,ATX,False,True,黑,,,,,2026-10-10 06:01
case,｛旋剛 AK7 ARGB 白｝顯卡長41/CPU高17/不織布覆蓋/全景玻璃透側/支援背插/ATX,旋剛 AK7 ARGB 白,2090,旋剛 Sharkoon 機殼,4864.5,,,,,,,,,,,,,,,,,,,,,,,,,,,,41.0,17.0,ATX,False,True,白,,,,,2026-10-10 06:01
case,｛旋剛 TK5M RGB｝顯卡長31(33.5)/CPU高15.7/前置Type-C/玻璃透側/ATX,旋剛 TK5M RGB,1290,旋剛 Sharkoon 機殼,4866.5,,,,,,,,,,,,,,,,,,,,,,,,,,,,31.0,15.7,ATX,False,True,黑,,,,,2026-10-10 06:01
case,｛旋剛 RGB HEX｝顯卡長35/CPU高15.8/標配12cm風扇*6/玻璃透側/ATX,旋剛 RGB HEX,1990,旋剛 Sharkoon 機殼,4868.5,,,,,,,,,,,,,,,,,,,,,,,,,,,,35.0,15.8,ATX,False,True,黑,,,,,2026-10-10 06:01
case,｛旋剛 RGB SLIDER 流影者 黑｝顯卡長33.5/CPU高15.7/玻璃透側/RGB面板燈條/ATX,旋剛 RGB SLIDER 流影者 黑,1190,旋剛 Sharkoon 機殼,4869.5,,,,,,,,,,,,,,,,,,,,,,,,,,,,33.5,15.7,ATX,False,True,黑,,,,,2026-10-10 06:01
case,｛旋剛 RGB SLIDER 流影者 白｝顯卡長33.5/CPU高15.7/玻璃透側/RGB面板燈條/ATX,旋剛 RGB SLIDER 流影者 白,1290,旋剛 Sharkoon 機殼,4870.5,,,,,,,,,,,,,,,,,,,,,,,,,,,,33.5,15.7,ATX,False,True,白,,,,,2026-10-10 06:01
case,｛旋剛 RGB WAVE 逐浪者｝顯卡長31/CPU高15.7/玻璃透側/前置Type-C/ATX,旋剛 RGB WAVE 逐浪者,1390,旋剛 Sharkoon 機殼,4871.5,,,,,,,,,,,,,,,,,,,,,,,,,,,,31.0,15.7,ATX,False,True,黑,,,,,2026-10-10 06:01
case,｛1st Player SP7 黑｝顯卡長40/CPU高18.5/分艙設計/聲波律動燈條/玻璃透側/ATX,1st Player SP7 黑,1490,1st Player 首席玩家,4873.5,,,,,,,,,,,,,,,,,,,,,,,,,,,,40.0,18.5,ATX,False,True,黑,,,,,2026-10-10 06:01
case,｛1st Player SP7 白｝顯卡長40/CPU高18.5/分艙設計/聲波律動燈條/玻璃透側/ATX,1st Player SP7 白,1490,1st Player 首席玩家,4874.5,,,,,,,,,,,,,,,,,,,,,,,,,,,,40.0,18.5,ATX,False,True,白,,,,,2026-10-10 06:01
case,｛Antec CX200M 定光RGB 黑｝顯卡長33/CPU高16.4/風扇*5/全景玻璃透側/M-ATX,Antec CX200M 定光RGB 黑,1390,安鈦克 Antec 機殼,4876.5,,,,,,,,,,,,,,,,,,,,,,,,,,,,33.0,16.4,M-ATX,False,True,黑,,,,,2026-10-10 06:01
case,｛Antec CX200M 定光RGB 白｝顯卡長33/CPU高16.4/風扇*5/全景玻璃透側/M-ATX,Antec CX200M 定光RGB 白,1390,安鈦克 Antec 機殼,4877.5,,,,,,,,,,,,,,,,,,,,,,,,,,,,33.0,16.4,M-ATX,False,True,白,,,,,2026-10-10 06:01
case,｛Antec CX500M ARGB 黑｝顯卡長41.5/CPU高16.5/全景玻璃透側/M-ATX,Antec CX500M ARGB 黑,1690,安鈦克 Antec 機殼,4878.5,,,,,,,,,,,,,,,,,,,,,,,,,,,,41.5,16.5,M-ATX,False,True,黑,,,,,2026-10-10 06:01
case,｛Antec CX500M ARGB 白｝顯卡長41.5/CPU高16.5/全景玻璃透側/M-ATX,Antec CX500M ARGB 白,1690,安鈦克 Antec 機殼,4879.5,,,,,,,,,,,,,,,,,,,,,,,,,,,,41.5,16.5,M-ATX,False,True,白,,,,,2026-10-10 06:01
case,｛Antec CX700 定光RGB ELITE 黑｝顯卡長41/CPU高16/風扇*6/全景玻璃透側/ATX,Antec CX700 定光RGB ELITE 黑,1890,安鈦克 Antec 機殼,4880.5,,,,,,,,,,,,,,,,,,,,,,,,,,,,41.0,16.0,ATX,False,True,黑,,,,,2026-10-10 06:01
case,｛Antec CX700 定光RGB ELITE 白｝顯卡長41/CPU高16/風扇*6/全景玻璃透側/ATX,Antec CX700 定光RGB ELITE 白,1890,安鈦克 Antec 機殼,4881.5,,,,,,,,,,,,,,,,,,,,,,,,,,,,41.0,16.0,ATX,False,True,白,,,,,2026-10-10 06:01
case,｛Antec CX700 ARGB 黑｝顯卡長41/CPU高16/ARGB風扇*3/全景玻璃透側/ATX,Antec CX700 ARGB 黑,1690,安鈦克 Antec 機殼,4882.5,,,,,,,,,,,,,,,,,,,,,,,,,,,,41.0,16.0,ATX,False,True,黑,,,,,2026-10-10 06:01
case,｛Antec FLUX M｝顯卡長40.5/CPU高17.5/風扇*6/玻璃透側/分艙設計/M-ATX,Antec FLUX M,1690,安鈦克 Antec 機殼,4883.5,,,,,,,,,,,,,,,,,,,,,,,,,,,,40.5,17.5,M-ATX,False,True,黑,,,,,2026-10-10 06:01
case,｛Antec FLUX REAR｝顯卡長40/CPU高18/實木飾條/玻璃透側/支援背插/ATX,Antec FLUX REAR,2590,安鈦克 Antec 機殼,4884.5,,,,,,,,,,,,,,,,,,,,,,,,,,,,40.0,18.0,ATX,False,True,黑,,,,,2026-10-10 06:01
case,｛Antec FLUX SE｝顯卡長40.8/CPU高18/胡桃木混搭面板/金屬側板/支援背插/E-ATX,Antec FLUX SE,2890,安鈦克 Antec 機殼,4885.5,,,,,,,,,,,,,,,,,,,,,,,,,,,,40.8,18.0,E-ATX,False,False,黑,,,,,2026-10-10 06:01
case,｛Antec FLUX 黑｝顯卡長40.8/CPU高18/胡桃木混搭面板/玻璃透側/支援背插/E-ATX,Antec FLUX 黑,2890,安鈦克 Antec 機殼,4886.5,,,,,,,,,,,,,,,,,,,,,,,,,,,,40.8,18.0,E-ATX,False,True,黑,,,,,2026-10-10 06:01
case,｛Antec FLUX 白｝顯卡長40.8/CPU高18/樺木混搭面板/玻璃透側/支援背插/E-ATX,Antec FLUX 白,3090,安鈦克 Antec 機殼,4887.5,,,,,,,,,,,,,,,,,,,,,,,,,,,,40.8,18.0,E-ATX,False,True,白,,,,,2026-10-10 06:01
case,｛Antec FLUX PRO 黑｝顯卡長45.5/U高19/溫度顯示/胡桃木混搭面板/玻璃透側/E-ATX,Antec FLUX PRO 黑,4990,安鈦克 Antec 機殼,4888.5,,,,,,,,,,,,,,,,,,,,,,,,,,,,45.5,19.0,E-ATX,False,True,黑,,,,,2026-10-10 06:01
case,｛Antec FLUX PRO 白｝顯卡長45.5/U高19/溫度顯示/樺木混搭面板/玻璃透側/E-ATX,Antec FLUX PRO 白,4990,安鈦克 Antec 機殼,4889.5,,,,,,,,,,,,,,,,,,,,,,,,,,,,45.5,19.0,E-ATX,False,True,白,,,,,2026-10-10 06:01
case,｛Antec Flux Pro Noctua Edition｝卡45.5/U高19/貓頭鷹風扇*6/溫度顯示/玻璃透側/E-ATX,Antec Flux Pro Noctua Edition,12999,安鈦克 Antec 機殼,4890.5,,,,,,,,,,,,,,,,,,,,,,,,,,,,45.5,19.0,E-ATX,False,True,黑,,,,,2026-10-10 06:01
case,｛Antec C2M ARGB 黑｝顯卡長41.5/CPU高16.5/全景玻璃透側/M-ATX,Antec C2M ARGB 黑,1590,安鈦克 Antec 機殼,4891.5,,,,,,,,,,,,,,,,,,,,,,,,,,,,41.5,16.5,M-ATX,False,True,黑,,,,,2026-10-10 06:01
case,｛Antec C2M ARGB 白｝顯卡長41.5/CPU高16.5/全景玻璃透側/M-ATX,Antec C2M ARGB 白,1690,安鈦克 Antec 機殼,4892.5,,,,,,,,,,,,,,,,,,,,,,,,,,,,41.5,16.5,M-ATX,False,True,白,,,,,2026-10-10 06:01
case,｛Antec C3 ARGB 黑｝顯卡長41.5/CPU高16/全景玻璃透側/ATX,Antec C3 ARGB 黑,1690,安鈦克 Antec 機殼,4893.5,,,,,,,,,,,,,,,,,,,,,,,,,,,,41.5,16.0,ATX,False,True,黑,,,,,2026-10-10 06:01
case,｛Antec C3 ARGB 白｝顯卡長41.5/CPU高16/全景玻璃透側/ATX,Antec C3 ARGB 白,1790,安鈦克 Antec 機殼,4894.5,,,,,,,,,,,,,,,,,,,,,,,,,,,,41.5,16.0,ATX,False,True,白,,,,,2026-10-10 06:01
case,｛Antec C5 Curve ARGB 黑｝顯卡41/U高16/4風扇+燈條/全景曲面玻璃/分艙/背插/ATX,Antec C5 Curve ARGB 黑,2990,安鈦克 Antec 機殼,4895.5,,,,,,,,,,,,,,,,,,,,,,,,,,,,41.0,16.0,ATX,False,True,黑,,,,,2026-10-10 06:01
case,｛Antec C5 Curve ARGB 白｝顯卡41/U高16/4風扇+燈條/全景曲面玻璃/分艙/背插/ATX,Antec C5 Curve ARGB 白,2990,安鈦克 Antec 機殼,4896.5,,,,,,,,,,,,,,,,,,,,,,,,,,,,41.0,16.0,ATX,False,True,白,,,,,2026-10-10 06:01
case,｛Antec C5 ARGB 黑｝顯卡長41/U高16/分艙設計/7風扇+燈條/全景玻璃透側/背插/ATX,Antec C5 ARGB 黑,2490,安鈦克 Antec 機殼,4897.5,,,,,,,,,,,,,,,,,,,,,,,,,,,,41.0,16.0,ATX,False,True,黑,,,,,2026-10-10 06:01
case,｛Antec C6 Curve Air 黑｝顯卡長45/CPU高18/三面曲面玻璃/側置電源/支援背插/ATX,Antec C6 Curve Air 黑,2790,安鈦克 Antec 機殼,4898.5,,,,,,,,,,,,,,,,,,,,,,,,,,,,45.0,18.0,ATX,False,True,黑,,,,,2026-10-10 06:01
case,｛Antec C6 Curve Air 白｝顯卡長45/CPU高18/三面曲面玻璃/側置電源/支援背插/ATX,Antec C6 Curve Air 白,2890,安鈦克 Antec 機殼,4899.5,,,,,,,,,,,,,,,,,,,,,,,,,,,,45.0,18.0,ATX,False,True,白,,,,,2026-10-10 06:01
case,｛Antec C6 Curve ARGB 黑｝顯卡長45/CPU高18/三面曲面玻璃/側置電源/支援背插/ATX,Antec C6 Curve ARGB 黑,2890,安鈦克 Antec 機殼,4900.5,,,,,,,,,,,,,,,,,,,,,,,,,,,,45.0,18.0,ATX,False,True,黑,,,,,2026-10-10 06:01
case,｛Antec C7 ARGB 黑｝顯卡長45/CPU高18/全景玻璃透側/支援背插/ATX,Antec C7 ARGB 黑,2990,安鈦克 Antec 機殼,4901.5,,,,,,,,,,,,,,,,,,,,,,,,,,,,45.0,18.0,ATX,False,True,黑,,,,,2026-10-10 06:01
case,｛Antec C8 ARGB 黑｝顯卡長44/CPU高17.5/分艙設計/全景玻璃透側/E-ATX,Antec C8 ARGB 黑,3990,安鈦克 Antec 機殼,4902.5,,,,,,,,,,,,,,,,,,,,,,,,,,,,44.0,17.5,E-ATX,False,True,黑,,,,,2026-10-10 06:01
case,｛Antec C8 ARGB 白｝顯卡長44/CPU高17.5/分艙設計/全景玻璃透側/E-ATX,Antec C8 ARGB 白,4190,安鈦克 Antec 機殼,4903.5,,,,,,,,,,,,,,,,,,,,,,,,,,,,44.0,17.5,E-ATX,False,True,白,,,,,2026-10-10 06:01
case,｛Antec C8 Curve Wood 黑｝顯卡長44/U高17.5/分艙設計/全景曲面玻璃/背插/E-ATX,Antec C8 Curve Wood 黑,3990,安鈦克 Antec 機殼,4904.5,,,,,,,,,,,,,,,,,,,,,,,,,,,,44.0,17.5,E-ATX,False,True,黑,,,,,2026-10-10 06:01
case,｛Antec P7 S 靜音機殼｝顯卡長40.5/CPU高17.5/雙側靜音側板/ATX,Antec P7 S 靜音機殼,1490,安鈦克 Antec 機殼,4905.5,,,,,,,,,,,,,,,,,,,,,,,,,,,,40.5,17.5,ATX,False,False,黑,,,,,2026-10-10 06:01
case,｛Antec P10 FLUX 靜音機殼｝顯卡長40.5/CPU高17.5/創新風流架構/內建風速切換/ATX,Antec P10 FLUX 靜音機殼,2290,安鈦克 Antec 機殼,4906.5,,,,,,,,,,,,,,,,,,,,,,,,,,,,40.5,17.5,ATX,False,False,黑,,,,,2026-10-10 06:01
case,｛Antec P10C 靜音機殼｝顯卡長40.5/CPU高17.5/前置Type-C/內建風速切換/ATX,Antec P10C 靜音機殼,2690,安鈦克 Antec 機殼,4907.5,,,,,,,,,,,,,,,,,,,,,,,,,,,,40.5,17.5,ATX,False,False,黑,,,,,2026-10-10 06:01
case,｛Antec P20CE｝顯卡長37.5/CPU高17/無透側版/可拆式顯卡支架/E-ATX,Antec P20CE,2390,安鈦克 Antec 機殼,4908.5,,,,,,,,,,,,,,,,,,,,,,,,,,,,37.5,17.0,E-ATX,False,True,黑,,,,,2026-10-10 06:01
case,｛Antec P30 AIR｝顯卡長40.5/CPU高17.5/玻璃透側/木質網孔混搭面板/ATX,Antec P30 AIR,1890,安鈦克 Antec 機殼,4909.5,,,,,,,,,,,,,,,,,,,,,,,,,,,,40.5,17.5,ATX,False,True,黑,,,,,2026-10-10 06:01
case,｛Antec P30 ARGB｝顯卡長40.5/CPU高17.5/玻璃透側/木質網孔混搭面板/ATX,Antec P30 ARGB,1990,安鈦克 Antec 機殼,4910.5,,,,,,,,,,,,,,,,,,,,,,,,,,,,40.5,17.5,ATX,False,True,黑,,,,,2026-10-10 06:01
case,｛Antec P120 Crystal 白｝限量版/顯卡長45/CPU高18.5/玻璃透側/E-ATX,Antec P120 Crystal 白,2590,安鈦克 Antec 機殼,4911.5,,,,,,,,,,,,,,,,,,,,,,,,,,,,45.0,18.5,E-ATX,False,True,白,,,,,2026-10-10 06:01
case,｛Antec 900 全塔式機殼｝顯卡長49.5/U高19/玻璃透側/支援*8 PCI slot/支援背插/EEB,Antec 900 全塔式機殼,5990,安鈦克 Antec 機殼,4912.5,,,,,,,,,,,,,,,,,,,,,,,,,,,,49.5,19.0,E-ATX,False,True,黑,,,,,2026-10-10 06:01
case,｛BitFenix 小巨蛋 黑 鐵網版｝顯卡長33.9/CPU高19/玻璃透側/M-ATX,BitFenix 小巨蛋 黑 鐵網版,990,火鳥 BitFenix 機殼,4914.5,,,,,,,,,,,,,,,,,,,,,,,,,,,,33.9,19.0,M-ATX,False,True,黑,,,,,2026-10-10 06:01
case,｛BitFenix 小巨蛋 白 鐵網版｝顯卡長33.9/CPU高19/玻璃透側/M-ATX,BitFenix 小巨蛋 白 鐵網版,990,火鳥 BitFenix 機殼,4915.5,,,,,,,,,,,,,,,,,,,,,,,,,,,,33.9,19.0,M-ATX,False,True,白,,,,,2026-10-10 06:01
case,｛BitFenix 小巨蛋 黑 幻彩版｝顯卡長33.9/U高19/含ARGB風扇*3燈條*2/玻璃透側/M-ATX,BitFenix 小巨蛋 黑 幻彩版,1090,火鳥 BitFenix 機殼,4916.5,,,,,,,,,,,,,,,,,,,,,,,,,,,,33.9,19.0,M-ATX,False,True,黑,,,,,2026-10-10 06:01
case,｛BitFenix 小巨蛋 白 幻彩版｝顯卡長33.9/U高19/含ARGB風扇*3燈條*2/玻璃透側/M-ATX,BitFenix 小巨蛋 白 幻彩版,1090,火鳥 BitFenix 機殼,4917.5,,,,,,,,,,,,,,,,,,,,,,,,,,,,33.9,19.0,M-ATX,False,True,白,,,,,2026-10-10 06:01
case,｛BitFenix 諾瓦星 M 黑｝顯卡長34.5/CPU高16/前置Type-C/玻璃透側/M-ATX,BitFenix 諾瓦星 M 黑,1390,火鳥 BitFenix 機殼,4918.5,,,,,,,,,,,,,,,,,,,,,,,,,,,,34.5,16.0,M-ATX,False,True,黑,,,,,2026-10-10 06:01
case,｛BitFenix 風魅影 Flow EX 2024C 黑｝顯卡長43.4/U高17/Type-C/玻璃透側/ATX,BitFenix 風魅影 Flow EX 2024C 黑,1490,火鳥 BitFenix 機殼,4919.5,,,,,,,,,,,,,,,,,,,,,,,,,,,,43.4,17.0,ATX,False,True,黑,,,,,2026-10-10 06:01
case,｛BitFenix CETO Basic 黑｝顯卡長39/CPU高16.5/全景玻璃透側/ATX,BitFenix CETO Basic 黑,1590,火鳥 BitFenix 機殼,4920.5,,,,,,,,,,,,,,,,,,,,,,,,,,,,39.0,16.5,ATX,False,True,黑,,,,,2026-10-10 06:01
case,｛BitFenix CETO Basic 白｝顯卡長39/CPU高16.5/全景玻璃透側/ATX,BitFenix CETO Basic 白,1690,火鳥 BitFenix 機殼,4921.5,,,,,,,,,,,,,,,,,,,,,,,,,,,,39.0,16.5,ATX,False,True,白,,,,,2026-10-10 06:01
case,｛BitFenix CETO ARGB 黑｝顯卡長41/CPU高18.1/全景玻璃透側/支援背插/ATX,BitFenix CETO ARGB 黑,1990,火鳥 BitFenix 機殼,4922.5,,,,,,,,,,,,,,,,,,,,,,,,,,,,41.0,18.1,ATX,False,True,黑,,,,,2026-10-10 06:01
case,｛HYTE X50 Air 黑｝顯卡長43/CPU高17/全覆蓋微網孔設計/ATX(X50A-BB),HYTE X50 Air 黑,3890,HYTE 美國電競潮牌,4924.5,,,,,,,,,,,,,,,,,,,,,,,,,,,,43.0,17.0,ATX,False,False,黑,,,,,2026-10-10 06:01
case,｛HYTE X50 黑｝顯卡長43/CPU高17/微網孔設計/曲面玻璃側板/ATX(X50G-BB),HYTE X50 黑,4890,HYTE 美國電競潮牌,4926.5,,,,,,,,,,,,,,,,,,,,,,,,,,,,43.0,17.0,ATX,False,True,黑,,,,,2026-10-10 06:01
case,｛HYTE X50 白｝顯卡長43/CPU高17/微網孔設計/曲面玻璃側板/ATX(X50G-WW),HYTE X50 白,4890,HYTE 美國電競潮牌,4927.5,,,,,,,,,,,,,,,,,,,,,,,,,,,,43.0,17.0,ATX,False,True,白,,,,,2026-10-10 06:01
case,｛HYTE Y70 touch infinite 黑｝顯卡42.2/U高18/PCIe 4.0/14.9觸控LCD/全景玻璃/E-ATX,HYTE Y70 touch infinite 黑,12490,HYTE 美國電競潮牌,4928.5,,,,,,,,,,,,,,,,,,,,,,,,,,,,42.2,18.0,E-ATX,False,True,黑,,,,,2026-10-10 06:01
case,｛HYTE Y70 touch infinite 雪白｝顯卡42.2/U高18/PCIe 4.0/14.9觸控LCD/全景玻璃/E-ATX,HYTE Y70 touch infinite 雪白,12490,HYTE 美國電競潮牌,4929.5,,,,,,,,,,,,,,,,,,,,,,,,,,,,42.2,18.0,E-ATX,False,True,白,,,,,2026-10-10 06:01
case,｛Phanteks XT Pro Ultra 黑｝卡41.5/U18.4/玻璃透側/背插(限ATX)(XT523P1_DBK01),Phanteks XT Pro Ultra 黑,2200,追風者 Phanteks 機殼,4931.5,,,,,,,,,,,,,,,,,,,,,,,,,,,,41.5,18.4,ATX,False,True,黑,,,,,2026-10-10 06:01
case,｛Phanteks XT Pro Ultra 白｝卡41.5/U18.4/玻璃透側/背插(限ATX)(XT523P1_DWT01),Phanteks XT Pro Ultra 白,2390,追風者 Phanteks 機殼,4932.5,,,,,,,,,,,,,,,,,,,,,,,,,,,,41.5,18.4,ATX,False,True,白,,,,,2026-10-10 06:01
case,｛Phanteks XT Pro SILENT｝卡41.5/U高18.4/吸音棉降噪/背插(限ATX)(XT523PSC_BK01),Phanteks XT Pro SILENT,2390,追風者 Phanteks 機殼,4933.5,,,,,,,,,,,,,,,,,,,,,,,,,,,,41.5,18.4,ATX,False,False,黑,,,,,2026-10-10 06:01
case,｛Phanteks XT M3 白｝顯卡長43/U高17.5/玻璃透側/支援背插/M-ATX(XT325M_WT01),Phanteks XT M3 白,1490,追風者 Phanteks 機殼,4934.5,,,,,,,,,,,,,,,,,,,,,,,,,,,,43.0,17.5,M-ATX,False,True,白,,,,,2026-10-10 06:01
case,｛Phanteks XT M3 黑(三風扇)｝顯卡43/U高17.5/玻璃透側/背插/M-ATX(XT325M_DBK01),Phanteks XT M3 黑(三風扇),1990,追風者 Phanteks 機殼,4935.5,,,,,,,,,,,,,,,,,,,,,,,,,,,,43.0,17.5,M-ATX,False,True,黑,,,,,2026-10-10 06:01
case,｛Phanteks XT M3 白(三風扇)｝顯卡43/U高17.5/玻璃透側/背插/M-ATX(XT325M_DWT01),Phanteks XT M3 白(三風扇),1990,追風者 Phanteks 機殼,4936.5,,,,,,,,,,,,,,,,,,,,,,,,,,,,43.0,17.5,M-ATX,False,True,白,,,,,2026-10-10 06:01
case,｛Phanteks XT M5 黑｝顯卡長42.5/U高17.5/玻璃透側/分艙設計/ATX(XT525M_DBK01),Phanteks XT M5 黑,2190,追風者 Phanteks 機殼,4937.5,,,,,,,,,,,,,,,,,,,,,,,,,,,,42.5,17.5,ATX,False,True,黑,,,,,2026-10-10 06:01
case,｛Phanteks XT V3 黑｝顯卡長43/U高17.5/全景玻璃透側/背插/M-ATX(XT325V_DBK01),Phanteks XT V3 黑,1990,追風者 Phanteks 機殼,4938.5,,,,,,,,,,,,,,,,,,,,,,,,,,,,43.0,17.5,M-ATX,False,True,黑,,,,,2026-10-10 06:01
case,｛Phanteks XT V3 白｝顯卡長43/U高17.5/全景玻璃透側/背插/M-ATX(XT325V_DWT01),Phanteks XT V3 白,1990,追風者 Phanteks 機殼,4939.5,,,,,,,,,,,,,,,,,,,,,,,,,,,,43.0,17.5,M-ATX,False,True,白,,,,,2026-10-10 06:01
case,｛Phanteks XT V5 黑｝顯卡長42.5/CPU高17.5/全景玻璃/分艙設計/ATX(XT525V_DBK01),Phanteks XT V5 黑,2190,追風者 Phanteks 機殼,4940.5,,,,,,,,,,,,,,,,,,,,,,,,,,,,42.5,17.5,ATX,False,True,黑,,,,,2026-10-10 06:01
case,｛Phanteks XT View 黑｝卡41.5/U高18.4/全景玻璃/支援背插限ATX(XT523V1_DBK01),Phanteks XT View 黑,2590,追風者 Phanteks 機殼,4941.5,,,,,,,,,,,,,,,,,,,,,,,,,,,,41.5,18.4,ATX,False,True,黑,,,,,2026-10-10 06:01
case,｛Phanteks XT View 白｝卡41.5/U高18.4/全景玻璃/支援背插限ATX(XT523V1_DWT01),Phanteks XT View 白,2590,追風者 Phanteks 機殼,4942.5,,,,,,,,,,,,,,,,,,,,,,,,,,,,41.5,18.4,ATX,False,True,白,,,,,2026-10-10 06:01
case,｛Phanteks XT View Matrix 黑｝卡41.5/U18.4/布面LED顯示/背插限ATX(XT523VM1_DBK01),Phanteks XT View Matrix 黑,3490,追風者 Phanteks 機殼,4943.5,,,,,,,,,,,,,,,,,,,,,,,,,,,,41.5,18.4,ATX,False,False,黑,,,,,2026-10-10 06:01
case,｛Phanteks XT View Matrix 白｝卡41.5/U18.4/布面LED顯示/背插限ATX(XT523VM1_DWT01),Phanteks XT View Matrix 白,3490,追風者 Phanteks 機殼,4944.5,,,,,,,,,,,,,,,,,,,,,,,,,,,,41.5,18.4,ATX,False,False,白,,,,,2026-10-10 06:01
case,｛Phanteks NV5 MKII 黑｝顯卡長44/U高18/全景玻璃/背插(限ATX)(NV523TG_DBK02),Phanteks NV5 MKII 黑,3490,追風者 Phanteks 機殼,4945.5,,,,,,,,,,,,,,,,,,,,,,,,,,,,44.0,18.0,ATX,False,True,黑,,,,,2026-10-10 06:01
case,｛Phanteks NV5S 黑｝顯卡長43/CPU高17/全景玻璃透側/四風扇/ATX(NV523S_DBK01),Phanteks NV5S 黑,3690,追風者 Phanteks 機殼,4947.5,,,,,,,,,,,,,,,,,,,,,,,,,,,,43.0,17.0,ATX,False,True,黑,,,,,2026-10-10 06:01
case,｛Phanteks Evolv S2 黑｝卡39.5/U高17.5/懸浮設計/全景玻璃/背插限ATX(ES524S2_DBK01),Phanteks Evolv S2 黑,3790,追風者 Phanteks 機殼,4948.5,,,,,,,,,,,,,,,,,,,,,,,,,,,,39.5,17.5,ATX,False,True,黑,,,,,2026-10-10 06:01
case,｛Phanteks Evolv X2 黑｝卡38/U高17/懸浮設計/全景玻璃/背插限ATX(ES524XTG_DBK01),Phanteks Evolv X2 黑,4690,追風者 Phanteks 機殼,4949.5,,,,,,,,,,,,,,,,,,,,,,,,,,,,38.0,17.0,ATX,False,True,黑,,,,,2026-10-10 06:01
case,｛Phanteks Evolv X2 白｝卡38/U高17/懸浮設計/全景玻璃/背插限ATX(ES524XTG_DMW01),Phanteks Evolv X2 白,4990,追風者 Phanteks 機殼,4950.5,,,,,,,,,,,,,,,,,,,,,,,,,,,,38.0,17.0,ATX,False,True,白,,,,,2026-10-10 06:01
case,｛Phanteks Evolv X2 Matrix 黑｝卡38/U高17/布面LED顯示/背插限ATX(ES524XM_DBK01),Phanteks Evolv X2 Matrix 黑,5790,追風者 Phanteks 機殼,4951.5,,,,,,,,,,,,,,,,,,,,,,,,,,,,38.0,17.0,ATX,False,False,黑,,,,,2026-10-10 06:01
case,｛Phanteks Evolv X2 Matrix 白｝卡38/U高17/布面LED顯示/背插限ATX(ES524XM_DMW01),Phanteks Evolv X2 Matrix 白,5790,追風者 Phanteks 機殼,4952.5,,,,,,,,,,,,,,,,,,,,,,,,,,,,38.0,17.0,ATX,False,False,白,,,,,2026-10-10 06:01
case,｛Phanteks Eclipse G370A｝顯卡長40/CPU高17/玻璃透側/EEB(EC370A_DBK01),Phanteks Eclipse G370A,1990,追風者 Phanteks 機殼,4953.5,,,,,,,,,,,,,,,,,,,,,,,,,,,,40.0,17.0,E-ATX,False,True,黑,,,,,2026-10-10 06:01
case,｛Phanteks Eclipse G400A 黑｝卡41.5/U高18.4/玻璃透側/背插/E-ATX(EC400GA_DBK01),Phanteks Eclipse G400A 黑,3390,追風者 Phanteks 機殼,4954.5,,,,,,,,,,,,,,,,,,,,,,,,,,,,41.5,18.4,E-ATX,False,True,黑,,,,,2026-10-10 06:01
case,｛Phanteks Eclipse G400A 白｝卡41.5/U高18.4/玻璃透側/背插/E-ATX(EC400GA_DMW01),Phanteks Eclipse G400A 白,3390,追風者 Phanteks 機殼,4955.5,,,,,,,,,,,,,,,,,,,,,,,,,,,,41.5,18.4,E-ATX,False,True,白,,,,,2026-10-10 06:01
case,｛Phanteks Enthoo Pro2 黑(非透側)｝顯卡50/U高19.5/支援雙電供/EEB(ES620PC_BK),Phanteks Enthoo Pro2 黑(非透側),4100,追風者 Phanteks 機殼,4956.5,,,,,,,,,,,,,,,,,,,,,,,,,,,,50.0,19.5,E-ATX,False,True,黑,,,,,2026-10-10 06:01
case,｛Phanteks Enthoo Pro2 黑｝顯卡50/U高19.5/玻璃透側/雙電供/EEB(ES620PTG_DBK),Phanteks Enthoo Pro2 黑,4410,追風者 Phanteks 機殼,4957.5,,,,,,,,,,,,,,,,,,,,,,,,,,,,50.0,19.5,E-ATX,False,True,黑,,,,,2026-10-10 06:01
case,｛Phanteks Enthoo Pro2 V2 伺服器版(非透側)｝顯卡50/U高19.5/EEB(ES620PC_BK03),Phanteks Enthoo Pro2 V2 伺服器版(非透側),5090,追風者 Phanteks 機殼,4958.5,,,,,,,,,,,,,,,,,,,,,,,,,,,,50.0,19.5,E-ATX,False,True,黑,,,,,2026-10-10 06:01
case,｛Phanteks Enthoo Elite 黑｝顯卡51.5/U高21/支援雙電供/玻璃透側/EEB(ES916E_BK),Phanteks Enthoo Elite 黑,32450,追風者 Phanteks 機殼,4960.5,,,,,,,,,,,,,,,,,,,,,,,,,,,,51.5,21.0,E-ATX,False,True,黑,,,,,2026-10-10 06:01
case,｛Fractal Design Era 2 銀色｝顯卡長32.6/厚4.8(6.3)/高13.7/CPU高5.5(7)/ITX【SFX】,Fractal Design Era 2 銀色,7900,Fractal Design 機殼,4962.5,,,,,,,,,,,,,,,,,,,,,,,,,,,,32.6,5.5,ITX,True,False,黑,,,,,2026-10-10 06:01
case,｛Fractal Design Era 2 深灰｝顯卡長32.6/厚4.8(6.3)/高13.7/CPU高5.5(7)/ITX【SFX】,Fractal Design Era 2 深灰,7900,Fractal Design 機殼,4963.5,,,,,,,,,,,,,,,,,,,,,,,,,,,,32.6,5.5,ITX,True,False,黑,,,,,2026-10-10 06:01
case,｛Fractal Design Era 2 午夜藍｝顯卡長32.6/厚4.8(6.3)/高13.7/CPU高5.5(7)/ITX【SFX】,Fractal Design Era 2 午夜藍,7900,Fractal Design 機殼,4964.5,,,,,,,,,,,,,,,,,,,,,,,,,,,,32.6,5.5,ITX,True,False,黑,,,,,2026-10-10 06:01
case,｛Fractal Design Ridge 黑｝顯卡33.5(32.5)/厚8.2(5.7)/高13.7(12.5)/CPU高7/ITX【SFX】,Fractal Design Ridge 黑,4890,Fractal Design 機殼,4965.5,,,,,,,,,,,,,,,,,,,,,,,,,,,,33.5,7.0,ITX,True,False,黑,,,,,2026-10-10 06:01
case,｛Fractal Design Ridge 白｝顯卡33.5(32.5)/厚8.2(5.7)/高13.7(12.5)/CPU高7/ITX【SFX】,Fractal Design Ridge 白,4890,Fractal Design 機殼,4966.5,,,,,,,,,,,,,,,,,,,,,,,,,,,,33.5,7.0,ITX,True,False,白,,,,,2026-10-10 06:01
case,｛Fractal Design Terra 黑｝顯卡32.2(厚4.3-7.2)/U高7.7(4.8)/鋁機身/胡桃木面板/ITX【SFX】,Fractal Design Terra 黑,6790,Fractal Design 機殼,4967.5,,,,,,,,,,,,,,,,,,,,,,,,,,,,32.2,7.7,ITX,True,False,黑,,,,,2026-10-10 06:01
case,｛Fractal Design Terra 銀｝顯卡32.2(厚4.3-7.2)/U高7.7(4.8)/鋁機身/胡桃木面板/ITX【SFX】,Fractal Design Terra 銀,6790,Fractal Design 機殼,4968.5,,,,,,,,,,,,,,,,,,,,,,,,,,,,32.2,7.7,ITX,True,False,黑,,,,,2026-10-10 06:01
case,｛Fractal Design Mood 灰｝顯卡長32.5(厚5.6)/CPU高11.4/透氣織布柱狀設計/ITX【SFX】,Fractal Design Mood 灰,5990,Fractal Design 機殼,4970.5,,,,,,,,,,,,,,,,,,,,,,,,,,,,32.5,11.4,ITX,True,False,黑,,,,,2026-10-10 06:01
case,｛Fractal Design Mood 黑｝顯卡長32.5(厚5.6)/CPU高11.4/透氣織布柱狀設計/ITX【SFX】,Fractal Design Mood 黑,5990,Fractal Design 機殼,4971.5,,,,,,,,,,,,,,,,,,,,,,,,,,,,32.5,11.4,ITX,True,False,黑,,,,,2026-10-10 06:01
case,｛Fractal Design Pop 2 Air RGB 黑｝顯卡長41.6/CPU高17.5/玻璃透側/ATX(POA2A-03),Fractal Design Pop 2 Air RGB 黑,3690,Fractal Design 機殼,4972.5,,,,,,,,,,,,,,,,,,,,,,,,,,,,41.6,17.5,ATX,False,True,黑,,,,,2026-10-10 06:01
case,｛Fractal Design Pop 2 Air RGB 白｝顯卡長41.6/CPU高17.5/玻璃透側/ATX(POA2A-04),Fractal Design Pop 2 Air RGB 白,3690,Fractal Design 機殼,4973.5,,,,,,,,,,,,,,,,,,,,,,,,,,,,41.6,17.5,ATX,False,True,白,,,,,2026-10-10 06:01
case,｛Fractal Design Pop 2 Vision RGB 黑｝顯卡41.2/U高17.2/全景玻璃/背插/ATX(POV2A-02),Fractal Design Pop 2 Vision RGB 黑,3690,Fractal Design 機殼,4974.5,,,,,,,,,,,,,,,,,,,,,,,,,,,,41.2,17.2,ATX,False,True,黑,,,,,2026-10-10 06:01
case,｛Fractal Design Pop 2 Vision RGB 白｝顯卡41.2/U高17.2/全景玻璃/背插/ATX(POV2A-03),Fractal Design Pop 2 Vision RGB 白,3690,Fractal Design 機殼,4975.5,,,,,,,,,,,,,,,,,,,,,,,,,,,,41.2,17.2,ATX,False,True,白,,,,,2026-10-10 06:01
case,｛Fractal Design Epoch TG 黑｝淺色玻璃/顯卡長37.2/CPU高17/ATX(EPO1A-02),Fractal Design Epoch TG 黑,3590,Fractal Design 機殼,4977.5,,,,,,,,,,,,,,,,,,,,,,,,,,,,37.2,17.0,ATX,False,True,黑,,,,,2026-10-10 06:01
case,｛Fractal Design Epoch TG 白｝透明玻璃/顯卡長37.2/CPU高17/ATX(EPO1A-03),Fractal Design Epoch TG 白,3590,Fractal Design 機殼,4978.5,,,,,,,,,,,,,,,,,,,,,,,,,,,,37.2,17.0,ATX,False,True,白,,,,,2026-10-10 06:01
case,｛Fractal Design Epoch TG RGB 黑｝淺色玻璃/顯卡長37.2/CPU高17/ATX(EPO1A-04),Fractal Design Epoch TG RGB 黑,4390,Fractal Design 機殼,4979.5,,,,,,,,,,,,,,,,,,,,,,,,,,,,37.2,17.0,ATX,False,True,黑,,,,,2026-10-10 06:01
case,｛Fractal Design Epoch TG RGB 白｝透明玻璃/顯卡長37.2/CPU高17/ATX(EPO1A-05),Fractal Design Epoch TG RGB 白,4390,Fractal Design 機殼,4980.5,,,,,,,,,,,,,,,,,,,,,,,,,,,,37.2,17.0,ATX,False,True,白,,,,,2026-10-10 06:01
case,｛Fractal Design Epoch XL 黑｝金屬側板/顯卡42.5/CPU高17.6/背插/E-ATX(EPO1X-01),Fractal Design Epoch XL 黑,4690,Fractal Design 機殼,4981.5,,,,,,,,,,,,,,,,,,,,,,,,,,,,42.5,17.6,E-ATX,False,False,黑,,,,,2026-10-10 06:01
case,｛Fractal Design Epoch XL TG 黑｝淺色玻璃/顯卡42.5/U高17.6/背插/E-ATX(EPO1X-02),Fractal Design Epoch XL TG 黑,4690,Fractal Design 機殼,4982.5,,,,,,,,,,,,,,,,,,,,,,,,,,,,42.5,17.6,E-ATX,False,True,黑,,,,,2026-10-10 06:01
case,｛Fractal Design Epoch XL TG 白｝透明玻璃/顯卡42.5/U高17.6/背插/E-ATX(EPO1X-03),Fractal Design Epoch XL TG 白,4690,Fractal Design 機殼,4983.5,,,,,,,,,,,,,,,,,,,,,,,,,,,,42.5,17.6,E-ATX,False,True,白,,,,,2026-10-10 06:01
case,｛Fractal Design Epoch XL TG RGB 白｝透明玻璃/卡42.5/U高17.6/背插/E-ATX(EPO1X-05),Fractal Design Epoch XL TG RGB 白,5390,Fractal Design 機殼,4985.5,,,,,,,,,,,,,,,,,,,,,,,,,,,,42.5,17.6,E-ATX,False,True,白,,,,,2026-10-10 06:01
case,｛Fractal Design Define 7 Compact 黑｝金屬側板/顯卡長34/CPU高16.9/ATX(DEF7C-01),Fractal Design Define 7 Compact 黑,3790,Fractal Design 機殼,4986.5,,,,,,,,,,,,,,,,,,,,,,,,,,,,34.0,16.9,ATX,False,False,黑,,,,,2026-10-10 06:01
case,｛Fractal Design Define 7 黑｝金屬側板/顯卡長46.7/CPU高18.5/E-ATX(DEF7A-01),Fractal Design Define 7 黑,5590,Fractal Design 機殼,4987.5,,,,,,,,,,,,,,,,,,,,,,,,,,,,46.7,18.5,E-ATX,False,False,黑,,,,,2026-10-10 06:01
case,｛Fractal Design Define 7 XL 黑｝金屬側板/顯卡長52.4/CPU高18.5/EEB(DEF7X-01),Fractal Design Define 7 XL 黑,7090,Fractal Design 機殼,4988.5,,,,,,,,,,,,,,,,,,,,,,,,,,,,52.4,18.5,E-ATX,False,False,黑,,,,,2026-10-10 06:01
case,｛Fractal Design Define One 黑｝金屬側板/顯卡36.8/U高17.1/背插/E-ATX(DEFOA-01),Fractal Design Define One 黑,5499,Fractal Design 機殼,4991.5,,,,,,,,,,,,,,,,,,,,,,,,,,,,36.8,17.1,E-ATX,False,False,黑,,,,,2026-10-10 06:01
case,｛Fractal Design Define One 黑｝淺色玻璃/顯卡36.8/U高17.1/背插/E-ATX(DEFOA-02),Fractal Design Define One 黑,5499,Fractal Design 機殼,4992.5,,,,,,,,,,,,,,,,,,,,,,,,,,,,36.8,17.1,E-ATX,False,True,黑,,,,,2026-10-10 06:01
case,｛Fractal Design Define One 白｝透明玻璃/顯卡36.8/U高17.1/背插/E-ATX(DEFOA-03),Fractal Design Define One 白,5499,Fractal Design 機殼,4993.5,,,,,,,,,,,,,,,,,,,,,,,,,,,,36.8,17.1,E-ATX,False,True,白,,,,,2026-10-10 06:01
case,｛Fractal Design Define One 白｝金屬側板/顯卡36.8/U高17.1/背插/E-ATX(DEFOA-04),Fractal Design Define One 白,5499,Fractal Design 機殼,4994.5,,,,,,,,,,,,,,,,,,,,,,,,,,,,36.8,17.1,E-ATX,False,False,白,,,,,2026-10-10 06:01
case,｛Fractal Design Torrent Compact RGB 黑｝淺色玻璃/卡33/CPU高17.4/E-ATX(TOR1C-02),Fractal Design Torrent Compact RGB 黑,5790,Fractal Design 機殼,4995.5,,,,,,,,,,,,,,,,,,,,,,,,,,,,33.0,17.4,E-ATX,False,True,黑,,,,,2026-10-10 06:01
case,｛Fractal Design Torrent 黑｝金屬側板/顯卡長42.3/CPU高18.8/EEB(TOR1A-05),Fractal Design Torrent 黑,5990,Fractal Design 機殼,4996.5,,,,,,,,,,,,,,,,,,,,,,,,,,,,42.3,18.8,E-ATX,False,False,黑,,,,,2026-10-10 06:01
case,｛Fractal Design Torrent 黑｝淺色玻璃/顯卡長42.3/CPU高18.8/EEB(TOR1A-01),Fractal Design Torrent 黑,6490,Fractal Design 機殼,4997.5,,,,,,,,,,,,,,,,,,,,,,,,,,,,42.3,18.8,E-ATX,False,True,黑,,,,,2026-10-10 06:01
case,｛Fractal Design Torrent 白｝透明玻璃/顯卡長42.3/CPU高18.8/EEB(TOR1A-03),Fractal Design Torrent 白,6490,Fractal Design 機殼,4998.5,,,,,,,,,,,,,,,,,,,,,,,,,,,,42.3,18.8,E-ATX,False,True,白,,,,,2026-10-10 06:01
case,｛Fractal Design Torrent RGB 黑｝淺色玻璃/顯卡長42.3/CPU高18.8/EEB(TOR1A-04),Fractal Design Torrent RGB 黑,7990,Fractal Design 機殼,4999.5,,,,,,,,,,,,,,,,,,,,,,,,,,,,42.3,18.8,E-ATX,False,True,黑,,,,,2026-10-10 06:01
case,｛Fractal Design Torrent RGB 白｝透明玻璃/顯卡長42.3/CPU高18.8/EEB(TOR1A-07),Fractal Design Torrent RGB 白,7990,Fractal Design 機殼,5000.5,,,,,,,,,,,,,,,,,,,,,,,,,,,,42.3,18.8,E-ATX,False,True,白,,,,,2026-10-10 06:01
case,｛Fractal Design North Charcoal 黑｝網孔側板/卡35.5/U高17/胡桃木面板/ATX(NOR1C-01),Fractal Design North Charcoal 黑,5290,Fractal Design 機殼,5001.5,,,,,,,,,,,,,,,,,,,,,,,,,,,,35.5,17.0,ATX,False,False,黑,,,,,2026-10-10 06:01
case,｛Fractal Design North Charcoal 黑｝淺色玻璃/卡35.5/U高17/胡桃木面板/ATX(NOR1C-02),Fractal Design North Charcoal 黑,5290,Fractal Design 機殼,5002.5,,,,,,,,,,,,,,,,,,,,,,,,,,,,35.5,17.0,ATX,False,True,黑,,,,,2026-10-10 06:01
case,｛Fractal Design North Chalk 白｝網孔側板/顯卡35.5/CPU高17/橡木面板/ATX(NOR1C-03),Fractal Design North Chalk 白,5290,Fractal Design 機殼,5003.5,,,,,,,,,,,,,,,,,,,,,,,,,,,,35.5,17.0,ATX,False,False,白,,,,,2026-10-10 06:01
case,｛Fractal Design North Chalk 白｝透明玻璃/顯卡35.5/CPU高17/橡木面板/ATX(NOR1C-04),Fractal Design North Chalk 白,5290,Fractal Design 機殼,5004.5,,,,,,,,,,,,,,,,,,,,,,,,,,,,35.5,17.0,ATX,False,True,白,,,,,2026-10-10 06:01
case,｛Fractal Design North Momentum｝顯卡35.5/U高17/玻璃透側/黑橡木面板/ATX(NOR1C-05),Fractal Design North Momentum,6390,Fractal Design 機殼,5005.5,,,,,,,,,,,,,,,,,,,,,,,,,,,,35.5,17.0,ATX,False,True,黑,,,,,2026-10-10 06:01
case,｛Fractal Design North XL Charcoal 黑｝網孔側板/卡41.3/U18.5/胡桃木/E-ATX(NOR1X-01),Fractal Design North XL Charcoal 黑,6290,Fractal Design 機殼,5006.5,,,,,,,,,,,,,,,,,,,,,,,,,,,,41.3,18.5,E-ATX,False,False,黑,,,,,2026-10-10 06:01
case,｛Fractal Design North XL Charcoal 黑｝深色玻璃/卡41.3/U18.5/胡桃木/E-ATX(NOR1X-02),Fractal Design North XL Charcoal 黑,6290,Fractal Design 機殼,5007.5,,,,,,,,,,,,,,,,,,,,,,,,,,,,41.3,18.5,E-ATX,False,True,黑,,,,,2026-10-10 06:01
case,｛Fractal Design North XL Chalk 白｝網孔側板/顯卡41.3/U高18.5/橡木/E-ATX(NOR1X-03),Fractal Design North XL Chalk 白,6290,Fractal Design 機殼,5008.5,,,,,,,,,,,,,,,,,,,,,,,,,,,,41.3,18.5,E-ATX,False,False,白,,,,,2026-10-10 06:01
case,｛Fractal Design North XL Chalk 白｝透明玻璃/顯卡41.3/U高18.5/橡木/E-ATX(NOR1X-04),Fractal Design North XL Chalk 白,6290,Fractal Design 機殼,5009.5,,,,,,,,,,,,,,,,,,,,,,,,,,,,41.3,18.5,E-ATX,False,True,白,,,,,2026-10-10 06:01
case,｛Fractal Design North XL RC Charcoal 黑｝深色玻璃/卡41.3/U16.9/限背插/ATX(NOR1X-05),Fractal Design North XL RC Charcoal 黑,6490,Fractal Design 機殼,5010.5,,,,,,,,,,,,,,,,,,,,,,,,,,,,41.3,16.9,ATX,False,True,黑,,,,,2026-10-10 06:01
case,｛Fractal Design North XL RC Chalk 白｝透明玻璃/卡41.3/U16.9/限背插/ATX(NOR1X-06),Fractal Design North XL RC Chalk 白,6490,Fractal Design 機殼,5011.5,,,,,,,,,,,,,,,,,,,,,,,,,,,,41.3,16.9,ATX,False,True,白,,,,,2026-10-10 06:01
case,｛Fractal Design North XL Momentum｝卡41.3/U17.6/玻璃透側/黑橡木/E-ATX(NOR1X-07),Fractal Design North XL Momentum,7390,Fractal Design 機殼,5012.5,,,,,,,,,,,,,,,,,,,,,,,,,,,,41.3,17.6,E-ATX,False,True,黑,,,,,2026-10-10 06:01
case,｛Fractal Design Meshify 3 黑｝金屬側板/顯卡長34.9/CPU高17.6/E-ATX(MES3A-01),Fractal Design Meshify 3 黑,5390,Fractal Design 機殼,5013.5,,,,,,,,,,,,,,,,,,,,,,,,,,,,34.9,17.6,E-ATX,False,False,黑,,,,,2026-10-10 06:01
case,｛Fractal Design Meshify 3 TG 黑｝淺色玻璃/顯卡長34.9/CPU高17.6/E-ATX(MES3A-02),Fractal Design Meshify 3 TG 黑,5390,Fractal Design 機殼,5014.5,,,,,,,,,,,,,,,,,,,,,,,,,,,,34.9,17.6,E-ATX,False,True,黑,,,,,2026-10-10 06:01
case,｛Fractal Design Meshify 3 TG 白｝透明玻璃/顯卡長34.95/CPU高17.6/E-ATX(MES3A-04),Fractal Design Meshify 3 TG 白,5390,Fractal Design 機殼,5015.5,,,,,,,,,,,,,,,,,,,,,,,,,,,,34.95,17.6,E-ATX,False,True,白,,,,,2026-10-10 06:01
case,｛Fractal Design Meshify 3 RGB 黑｝淺色玻璃/顯卡長34.9/CPU高17.6/E-ATX(MES3A-06),Fractal Design Meshify 3 RGB 黑,6190,Fractal Design 機殼,5016.5,,,,,,,,,,,,,,,,,,,,,,,,,,,,34.9,17.6,E-ATX,False,True,黑,,,,,2026-10-10 06:01
case,｛Fractal Design Meshify 3 RGB 白｝透明玻璃/顯卡長34.95/CPU高17.6/E-ATX(MES3A-07),Fractal Design Meshify 3 RGB 白,6190,Fractal Design 機殼,5017.5,,,,,,,,,,,,,,,,,,,,,,,,,,,,34.95,17.6,E-ATX,False,True,白,,,,,2026-10-10 06:01
case,｛Fractal Design Meshify 3(環境燈)RGB Pro 黑｝淺色玻璃/卡34.9/U17.6/E-ATX(MES3A-03),Fractal Design Meshify 3(環境燈)RGB Pro 黑,8490,Fractal Design 機殼,5018.5,,,,,,,,,,,,,,,,,,,,,,,,,,,,34.9,17.6,E-ATX,False,True,黑,,,,,2026-10-10 06:01
case,｛Fractal Design Meshify 3(環境燈)RGB Pro 白｝透明玻璃/卡34.9/U17.6/E-ATX(MES3A-05),Fractal Design Meshify 3(環境燈)RGB Pro 白,8490,Fractal Design 機殼,5019.5,,,,,,,,,,,,,,,,,,,,,,,,,,,,34.9,17.6,E-ATX,False,True,白,,,,,2026-10-10 06:01
case,｛Fractal Design Meshify 3 XL 黑｝金屬側板/顯卡長51.2/CPU高18.2/E-ATX(MES3X-01),Fractal Design Meshify 3 XL 黑,6590,Fractal Design 機殼,5020.5,,,,,,,,,,,,,,,,,,,,,,,,,,,,51.2,18.2,E-ATX,False,False,黑,,,,,2026-10-10 06:01
case,｛Fractal Design Meshify 3 XL 黑｝淺色玻璃/顯卡長51.2/CPU高18.2/E-ATX(MES3X-02),Fractal Design Meshify 3 XL 黑,6590,Fractal Design 機殼,5021.5,,,,,,,,,,,,,,,,,,,,,,,,,,,,51.2,18.2,E-ATX,False,True,黑,,,,,2026-10-10 06:01
case,｛Fractal Design Meshify 3 XL(環境燈)RGB Pro 黑｝淺色玻璃/卡51.2/U18.2/E-ATX(MES3X-03),Fractal Design Meshify 3 XL(環境燈)RGB Pro 黑,9590,Fractal Design 機殼,5022.5,,,,,,,,,,,,,,,,,,,,,,,,,,,,51.2,18.2,E-ATX,False,True,黑,,,,,2026-10-10 06:01
case,｛Fractal Design Meshify 3 XL(環境燈)RGB Pro 白｝透明玻璃/卡51.2/U18.2/E-ATX(MES3X-05),Fractal Design Meshify 3 XL(環境燈)RGB Pro 白,9590,Fractal Design 機殼,5023.5,,,,,,,,,,,,,,,,,,,,,,,,,,,,51.2,18.2,E-ATX,False,True,白,,,,,2026-10-10 06:01
case,｛Fractal Design Summit Chalk 白｝金屬側板/顯卡42.5/U高17.3/背插/E-ATX(SUM1A-01),Fractal Design Summit Chalk 白,6399,Fractal Design 機殼,5024.5,,,,,,,,,,,,,,,,,,,,,,,,,,,,42.5,17.3,E-ATX,False,False,白,,,,,2026-10-10 06:01
case,｛Fractal Design Summit Chalk 白｝透明玻璃/顯卡42.5/U高17.3/背插/E-ATX(SUM1A-02),Fractal Design Summit Chalk 白,6399,Fractal Design 機殼,5025.5,,,,,,,,,,,,,,,,,,,,,,,,,,,,42.5,17.3,E-ATX,False,True,白,,,,,2026-10-10 06:01
case,｛Fractal Design Summit 黑｝金屬側板/顯卡長42.5/CPU17.3/背插/E-ATX(SUM1A-03),Fractal Design Summit 黑,6399,Fractal Design 機殼,5026.5,,,,,,,,,,,,,,,,,,,,,,,,,,,,42.5,17.3,E-ATX,False,False,黑,,,,,2026-10-10 06:01
case,｛Fractal Design Summit 極致黑｝淺色玻璃/顯卡42.5/CPU17.3/背插/E-ATX(SUM1A-05),Fractal Design Summit 極致黑,6399,Fractal Design 機殼,5028.5,,,,,,,,,,,,,,,,,,,,,,,,,,,,42.5,17.3,E-ATX,False,True,黑,,,,,2026-10-10 06:01
case,｛Fractal Design Summit(環境燈) 極致黑｝淺色玻璃/卡42.5/U17.3/背插/E-ATX(SUM1A-06),Fractal Design Summit(環境燈) 極致黑,7599,Fractal Design 機殼,5029.5,,,,,,,,,,,,,,,,,,,,,,,,,,,,42.5,17.3,E-ATX,False,True,黑,,,,,2026-10-10 06:01
case,｛酷碼 MasterBox NR200 白｝顯卡長33/CPU高15.5(7.6)/ITX【SFX】,酷碼 MasterBox NR200 白,1990,酷碼 CoolerMaster 機殼,5031.5,,,,,,,,,,,,,,,,,,,,,,,,,,,,33.0,15.5,ITX,True,False,白,,,,,2026-10-10 06:01
case,｛酷碼 MasterBox NR200P V3 黑｝顯卡長36.1/U高7/網孔側板/PCIe5.0延長線/ITX【SFX】,酷碼 MasterBox NR200P V3 黑,3490,酷碼 CoolerMaster 機殼,5032.5,,,,,,,,,,,,,,,,,,,,,,,,,,,,36.1,7.0,ITX,True,False,黑,,,,,2026-10-10 06:01
case,｛酷碼 RC-343｝顯卡長25(36)/CPU高14.8/網孔面板/M-ATX,酷碼 RC-343,990,酷碼 CoolerMaster 機殼,5033.5,,,,,,,,,,,,,,,,,,,,,,,,,,,,25.0,14.8,M-ATX,False,False,黑,,,,,2026-10-10 06:01
case,｛酷碼 N200｝顯卡長35.5/CPU高16/M-ATX,酷碼 N200,1390,酷碼 CoolerMaster 機殼,5034.5,,,,,,,,,,,,,,,,,,,,,,,,,,,,35.5,16.0,M-ATX,False,False,黑,,,,,2026-10-10 06:01
case,｛酷碼 N300 升級版｝顯卡長32/CPU高16.4/NSE-300-KKN3/ATX,酷碼 N300 升級版,1290,酷碼 CoolerMaster 機殼,5035.5,,,,,,,,,,,,,,,,,,,,,,,,,,,,32.0,16.4,ATX,False,False,黑,,,,,2026-10-10 06:01
case,｛酷碼 N400｝顯卡長32/CPU高16.4/全沖孔網面板/ATX,酷碼 N400,1490,酷碼 CoolerMaster 機殼,5036.5,,,,,,,,,,,,,,,,,,,,,,,,,,,,32.0,16.4,ATX,False,False,黑,,,,,2026-10-10 06:01
case,｛酷碼 殺手 102｝顯卡長34/CPU高15.6/SSD*2/ATX(RC-102C-KKN4),酷碼 殺手 102,790,酷碼 CoolerMaster 機殼,5037.5,,,,,,,,,,,,,,,,,,,,,,,,,,,,34.0,15.6,ATX,False,False,黑,,,,,2026-10-10 06:01
case,｛酷碼 殺手 103｝顯卡長34.4/CPU高15.6/SSD*2/ATX(RC-103-KKN1),酷碼 殺手 103,790,酷碼 CoolerMaster 機殼,5038.5,,,,,,,,,,,,,,,,,,,,,,,,,,,,34.4,15.6,ATX,False,False,黑,,,,,2026-10-10 06:01
case,｛酷碼 Elite 300｝顯卡長36.5/CPU高16.5/M-ATX(E300-KN5N-S00),酷碼 Elite 300,1290,酷碼 CoolerMaster 機殼,5039.5,,,,,,,,,,,,,,,,,,,,,,,,,,,,36.5,16.5,M-ATX,False,False,黑,,,,,2026-10-10 06:01
case,｛酷碼 Elite 301 Lite 透側版｝顯卡長36.5/CPU高16.3/玻璃透側/M-ATX,酷碼 Elite 301 Lite 透側版,1190,酷碼 CoolerMaster 機殼,5040.5,,,,,,,,,,,,,,,,,,,,,,,,,,,,36.5,16.3,M-ATX,False,True,黑,,,,,2026-10-10 06:01
case,｛酷碼 Elite 301 Lite 金屬版｝顯卡長36.5/CPU高16.3/金屬側板/三風扇/M-ATX,酷碼 Elite 301 Lite 金屬版,1290,酷碼 CoolerMaster 機殼,5041.5,,,,,,,,,,,,,,,,,,,,,,,,,,,,36.5,16.3,M-ATX,False,False,黑,,,,,2026-10-10 06:01
case,｛酷碼 Elite 350 黑｝顯卡長31.7/CPU高16.3/玻璃透側/M-ATX,酷碼 Elite 350 黑,1590,酷碼 CoolerMaster 機殼,5042.5,,,,,,,,,,,,,,,,,,,,,,,,,,,,31.7,16.3,M-ATX,False,True,黑,,,,,2026-10-10 06:01
case,｛酷碼 Elite 350 白｝顯卡長31.7/CPU高16.3/玻璃透側/M-ATX,酷碼 Elite 350 白,1690,酷碼 CoolerMaster 機殼,5043.5,,,,,,,,,,,,,,,,,,,,,,,,,,,,31.7,16.3,M-ATX,False,True,白,,,,,2026-10-10 06:01
case,｛酷碼 Elite 481 黑｝顯卡長41/CPU高16/木質飾板/全景玻璃透側/分艙設計/M-ATX,酷碼 Elite 481 黑,1690,酷碼 CoolerMaster 機殼,5044.5,,,,,,,,,,,,,,,,,,,,,,,,,,,,41.0,16.0,M-ATX,False,True,黑,,,,,2026-10-10 06:01
case,｛酷碼 Elite 481 白｝顯卡長41/CPU高16/木質飾板/全景玻璃透側/分艙設計/M-ATX,酷碼 Elite 481 白,1790,酷碼 CoolerMaster 機殼,5045.5,,,,,,,,,,,,,,,,,,,,,,,,,,,,41.0,16.0,M-ATX,False,True,白,,,,,2026-10-10 06:01
case,｛酷碼 Elite 490 黑｝顯卡長42.5/CPU高17/全景玻璃透側/M-ATX,酷碼 Elite 490 黑,1490,酷碼 CoolerMaster 機殼,5046.5,,,,,,,,,,,,,,,,,,,,,,,,,,,,42.5,17.0,M-ATX,False,True,黑,,,,,2026-10-10 06:01
case,｛酷碼 Elite 490 白｝顯卡長42.5/CPU高17/全景玻璃透側/M-ATX,酷碼 Elite 490 白,1590,酷碼 CoolerMaster 機殼,5047.5,,,,,,,,,,,,,,,,,,,,,,,,,,,,42.5,17.0,M-ATX,False,True,白,,,,,2026-10-10 06:01
case,｛酷碼 Elite 500 玻璃透側版｝顯卡長35/CPU高16.1/ATX(E500-KGNN-S00),酷碼 Elite 500 玻璃透側版,1390,酷碼 CoolerMaster 機殼,5048.5,,,,,,,,,,,,,,,,,,,,,,,,,,,,35.0,16.1,ATX,False,True,黑,,,,,2026-10-10 06:01
case,｛酷碼 Elite 500 ODD｝顯卡長40/CPU高16.3/ATX(E500-KN5N-S00),酷碼 Elite 500 ODD,1390,酷碼 CoolerMaster 機殼,5049.5,,,,,,,,,,,,,,,,,,,,,,,,,,,,40.0,16.3,ATX,False,False,黑,,,,,2026-10-10 06:01
case,｛酷碼 Elite 502 Lite 黑｝顯卡長41/CPU高17/玻璃透側/支援背插/ATX,酷碼 Elite 502 Lite 黑,1390,酷碼 CoolerMaster 機殼,5050.5,,,,,,,,,,,,,,,,,,,,,,,,,,,,41.0,17.0,ATX,False,True,黑,,,,,2026-10-10 06:01
case,｛酷碼 Elite 502 Lite 白｝顯卡長41/CPU高17/玻璃透側/支援背插/ATX,酷碼 Elite 502 Lite 白,1490,酷碼 CoolerMaster 機殼,5051.5,,,,,,,,,,,,,,,,,,,,,,,,,,,,41.0,17.0,ATX,False,True,白,,,,,2026-10-10 06:01
case,｛酷碼 Elite 600 黑｝顯卡長42.5/CPU高16/全景曲面玻璃/分艙設計/七風扇/支援背插/ATX,酷碼 Elite 600 黑,3090,酷碼 CoolerMaster 機殼,5052.5,,,,,,,,,,,,,,,,,,,,,,,,,,,,42.5,16.0,ATX,False,True,黑,,,,,2026-10-10 06:01
case,｛酷碼 Elite 600 白｝顯卡長42.5/CPU高16/全景曲面玻璃/分艙設計/七風扇/支援背插/ATX,酷碼 Elite 600 白,3290,酷碼 CoolerMaster 機殼,5053.5,,,,,,,,,,,,,,,,,,,,,,,,,,,,42.5,16.0,ATX,False,True,白,,,,,2026-10-10 06:01
case,｛酷碼 Elite 681 黑｝顯卡長41/CPU高16/全景玻璃透側/分艙設計/ATX,酷碼 Elite 681 黑,1890,酷碼 CoolerMaster 機殼,5054.5,,,,,,,,,,,,,,,,,,,,,,,,,,,,41.0,16.0,ATX,False,True,黑,,,,,2026-10-10 06:01
case,｛酷碼 Elite 681 白｝顯卡長41/CPU高16/全景玻璃透側/分艙設計/ATX,酷碼 Elite 681 白,1990,酷碼 CoolerMaster 機殼,5055.5,,,,,,,,,,,,,,,,,,,,,,,,,,,,41.0,16.0,ATX,False,True,白,,,,,2026-10-10 06:01
case,｛酷碼 Elite 690 黑｝顯卡長42.5/CPU高17/木質飾板/全景玻璃透側/ATX,酷碼 Elite 690 黑,1690,酷碼 CoolerMaster 機殼,5056.5,,,,,,,,,,,,,,,,,,,,,,,,,,,,42.5,17.0,ATX,False,True,黑,,,,,2026-10-10 06:01
case,｛酷碼 Elite 690 白｝顯卡長42.5/CPU高17/木質飾板/全景玻璃透側/ATX,酷碼 Elite 690 白,1790,酷碼 CoolerMaster 機殼,5057.5,,,,,,,,,,,,,,,,,,,,,,,,,,,,42.5,17.0,ATX,False,True,白,,,,,2026-10-10 06:01
case,｛酷碼 Q300L V3 黑｝顯卡長36.6/CPU高17.8/玻璃透側/M-ATX,酷碼 Q300L V3 黑,1590,酷碼 CoolerMaster 機殼,5058.5,,,,,,,,,,,,,,,,,,,,,,,,,,,,36.6,17.8,M-ATX,False,True,黑,,,,,2026-10-10 06:01
case,｛酷碼 Q300L V3 白｝顯卡長36.6/CPU高17.8/玻璃透側/M-ATX,酷碼 Q300L V3 白,1590,酷碼 CoolerMaster 機殼,5059.5,,,,,,,,,,,,,,,,,,,,,,,,,,,,36.6,17.8,M-ATX,False,True,白,,,,,2026-10-10 06:01
case,｛酷碼 Qube 340 黑｝顯卡長36.6/CPU高17.8/玻璃透側/提把設計/耳機架/M-ATX,酷碼 Qube 340 黑,1690,酷碼 CoolerMaster 機殼,5060.5,,,,,,,,,,,,,,,,,,,,,,,,,,,,36.6,17.8,M-ATX,False,True,黑,,,,,2026-10-10 06:01
case,｛酷碼 Qube 340 白｝顯卡長36.6/CPU高17.8/玻璃透側/提把設計/耳機架/M-ATX,酷碼 Qube 340 白,1690,酷碼 CoolerMaster 機殼,5061.5,,,,,,,,,,,,,,,,,,,,,,,,,,,,36.6,17.8,M-ATX,False,True,白,,,,,2026-10-10 06:01
case,｛酷碼 Qube 500 Flatpack DIY版 黑｝顯卡36/CPU高17.2/玻璃透側/ATX(不提供組裝服務),酷碼 Qube 500 Flatpack DIY版 黑,1990,酷碼 CoolerMaster 機殼,5062.5,,,,,,,,,,,,,,,,,,,,,,,,,,,,36.0,17.2,ATX,False,True,黑,,,,,2026-10-10 06:01
case,｛酷碼 Qube 500 Flatpack DIY版 白｝顯卡36/CPU高17.2/玻璃透側/ATX(不提供組裝服務),酷碼 Qube 500 Flatpack DIY版 白,1990,酷碼 CoolerMaster 機殼,5063.5,,,,,,,,,,,,,,,,,,,,,,,,,,,,36.0,17.2,ATX,False,True,白,,,,,2026-10-10 06:01
case,｛酷碼 Qube 500 Flatpack DIY 馬卡龍版｝卡長36/U高17.2/玻璃透側/ATX(不提供組裝服務),酷碼 Qube 500 Flatpack DIY 馬卡龍版,2490,酷碼 CoolerMaster 機殼,5064.5,,,,,,,,,,,,,,,,,,,,,,,,,,,,36.0,17.2,ATX,False,True,黑,,,,,2026-10-10 06:01
case,｛酷碼 Qube 540 月石灰｝顯卡長41.5/CPU高17.2/玻璃透側/可調式I/O面板+把手/ATX,酷碼 Qube 540 月石灰,2690,酷碼 CoolerMaster 機殼,5065.5,,,,,,,,,,,,,,,,,,,,,,,,,,,,41.5,17.2,ATX,False,True,黑,,,,,2026-10-10 06:01
case,｛酷碼 Qube 540 星塵黑｝顯卡長41.5/CPU高17.2/玻璃透側/可調式I/O面板+把手/ATX,酷碼 Qube 540 星塵黑,2690,酷碼 CoolerMaster 機殼,5066.5,,,,,,,,,,,,,,,,,,,,,,,,,,,,41.5,17.2,ATX,False,True,黑,,,,,2026-10-10 06:01
case,｛酷碼 Qube 540 不銹鋼特別版｝顯卡長41.5/CPU高17.2/玻璃透側/鏡面不銹鋼面板/ATX,酷碼 Qube 540 不銹鋼特別版,3690,酷碼 CoolerMaster 機殼,5067,,,,,,,,,,,,,,,,,,,,,,,,,,,,41.5,17.2,ATX,False,True,黑,,,,,2026-10-10 06:01
case,｛酷碼 HAF 500 黑色｝顯卡長41/CPU高16.7/玻璃透側/顯卡專用風扇/E-ATX,酷碼 HAF 500 黑色,3290,酷碼 CoolerMaster 機殼,5068.5,,,,,,,,,,,,,,,,,,,,,,,,,,,,41.0,16.7,E-ATX,False,True,黑,,,,,2026-10-10 06:01
case,｛酷碼 HAF 500 白色｝顯卡長41/CPU高16.7/玻璃透側/顯卡專用風扇/E-ATX,酷碼 HAF 500 白色,3290,酷碼 CoolerMaster 機殼,5069.5,,,,,,,,,,,,,,,,,,,,,,,,,,,,41.0,16.7,E-ATX,False,True,白,,,,,2026-10-10 06:01
case,｛酷碼 Silencio S400 黑/靜音版｝顯卡長31.9/CPU高16.7/M-ATX(S400-KN5N-S00),酷碼 Silencio S400 黑/靜音版,2290,酷碼 CoolerMaster 機殼,5071.5,,,,,,,,,,,,,,,,,,,,,,,,,,,,31.9,16.7,M-ATX,False,False,黑,,,,,2026-10-10 06:01
case,｛酷碼 Silencio S600 靜音版｝顯卡長39.8/CPU高16.7/ATX(S600-KN5N-S00),酷碼 Silencio S600 靜音版,2790,酷碼 CoolerMaster 機殼,5072.5,,,,,,,,,,,,,,,,,,,,,,,,,,,,39.8,16.7,ATX,False,False,黑,,,,,2026-10-10 06:01
case,｛酷碼 MasterBox 600 黑｝顯卡長41/CPU高17/玻璃透側/支援背插/ATX,酷碼 MasterBox 600 黑,2290,酷碼 CoolerMaster 機殼,5073.5,,,,,,,,,,,,,,,,,,,,,,,,,,,,41.0,17.0,ATX,False,True,黑,,,,,2026-10-10 06:01
case,｛酷碼 MasterBox 600 白｝顯卡長41/CPU高17/玻璃透側/支援背插/ATX,酷碼 MasterBox 600 白,2290,酷碼 CoolerMaster 機殼,5074.5,,,,,,,,,,,,,,,,,,,,,,,,,,,,41.0,17.0,ATX,False,True,白,,,,,2026-10-10 06:01
case,｛酷碼 MasterBox CM695/金屬側板｝顯卡長39.8/CPU高16.6/ATX(KN5N-S00),酷碼 MasterBox CM695/金屬側板,3090,酷碼 CoolerMaster 機殼,5075.5,,,,,,,,,,,,,,,,,,,,,,,,,,,,39.8,16.6,ATX,False,False,黑,,,,,2026-10-10 06:01
case,｛酷碼 MasterBox CM695/玻璃透側｝顯卡長39.8/CPU高16.6/ATX(KG5N-S00),酷碼 MasterBox CM695/玻璃透側,3290,酷碼 CoolerMaster 機殼,5076.5,,,,,,,,,,,,,,,,,,,,,,,,,,,,39.8,16.6,ATX,False,True,黑,,,,,2026-10-10 06:01
case,｛酷碼 MasterBox MB600L V2 光碟機版｝顯卡40/CPU高16.1/玻璃透側/髮絲紋面板/ATX,酷碼 MasterBox MB600L V2 光碟機版,1490,酷碼 CoolerMaster 機殼,5077.5,,,,,,,,,,,,,,,,,,,,,,,,,,,,40.0,16.1,ATX,False,True,黑,,,,,2026-10-10 06:01
case,｛酷碼 MasterBox MB600L V2 無光碟機版｝顯卡35/U高16.1/玻璃透側/髮絲紋面板/ATX,酷碼 MasterBox MB600L V2 無光碟機版,1390,酷碼 CoolerMaster 機殼,5078.5,,,,,,,,,,,,,,,,,,,,,,,,,,,,35.0,16.1,ATX,False,True,黑,,,,,2026-10-10 06:01
case,｛酷碼 MasterBox TD500 Mesh V2 黑｝顯卡長41/U高16.5/玻璃透側/可拆式上蓋/ATX,酷碼 MasterBox TD500 Mesh V2 黑,2690,酷碼 CoolerMaster 機殼,5079.5,,,,,,,,,,,,,,,,,,,,,,,,,,,,41.0,16.5,ATX,False,True,黑,,,,,2026-10-10 06:01
case,｛酷碼 MasterBox Q500L｝顯卡長36/CPU高16/壓克力透側/ATX,酷碼 MasterBox Q500L,1690,酷碼 CoolerMaster 機殼,5080.5,,,,,,,,,,,,,,,,,,,,,,,,,,,,36.0,16.0,ATX,False,True,黑,,,,,2026-10-10 06:01
case,｛酷碼 MasterCase MC500｝顯卡長41/CPU高19/玻璃透側/沖孔面板/E-ATX,酷碼 MasterCase MC500,2990,酷碼 CoolerMaster 機殼,5081.5,,,,,,,,,,,,,,,,,,,,,,,,,,,,41.0,19.0,E-ATX,False,True,黑,,,,,2026-10-10 06:01
case,｛酷碼 MasterFrame 360 舞台(封閉式前玻璃)｝顯卡長43/U高14.5/PCIe5延長線/背插/ATX,酷碼 MasterFrame 360 舞台(封閉式前玻璃),6490,酷碼 CoolerMaster 機殼,5082.5,,,,,,,,,,,,,,,,,,,,,,,,,,,,43.0,14.5,ATX,False,True,黑,,,,,2026-10-10 06:01
case,｛酷碼 MasterFrame 400 Mesh 黑｝顯卡長39/CPU高19/玻璃透側/雙向擺放/M-ATX,酷碼 MasterFrame 400 Mesh 黑,4290,酷碼 CoolerMaster 機殼,5085.5,,,,,,,,,,,,,,,,,,,,,,,,,,,,39.0,19.0,M-ATX,False,True,黑,,,,,2026-10-10 06:01
case,｛酷碼 MasterFrame 400 Mesh 銀｝顯卡長39/CPU高19/玻璃透側/雙向擺放/M-ATX,酷碼 MasterFrame 400 Mesh 銀,4290,酷碼 CoolerMaster 機殼,5086.5,,,,,,,,,,,,,,,,,,,,,,,,,,,,39.0,19.0,M-ATX,False,True,黑,,,,,2026-10-10 06:01
case,｛酷碼 MasterFrame 600 黑｝顯卡長48.5/CPU高19/玻璃透側/無光風扇/支援背插/ATX,酷碼 MasterFrame 600 黑,5490,酷碼 CoolerMaster 機殼,5087.5,,,,,,,,,,,,,,,,,,,,,,,,,,,,48.5,19.0,ATX,False,True,黑,,,,,2026-10-10 06:01
case,｛酷碼 MasterFrame 600 銀｝顯卡長48.5/CPU高19/玻璃透側/ARGB風扇/支援背插/ATX,酷碼 MasterFrame 600 銀,5490,酷碼 CoolerMaster 機殼,5088.5,,,,,,,,,,,,,,,,,,,,,,,,,,,,48.5,19.0,ATX,False,True,黑,,,,,2026-10-10 06:01
case,｛酷碼 COSMOS ALPHA｝顯卡長40/CPU高18.6/玻璃透側/滑動式主板托盤/E-ATX【客訂】,酷碼 COSMOS ALPHA,12990,酷碼 CoolerMaster 機殼,5089.5,,,,,,,,,,,,,,,,,,,,,,,,,,,,40.0,18.6,E-ATX,False,True,黑,,,,,2026-10-10 06:01
case,｛幾何未來 Model 3 哪吒 黑黃｝顯卡43.5/U高17.5/龍鱗扇*5/全景玻璃/公仔平臺/M-ATX,幾何未來 Model 3 哪吒 黑黃,3390,幾何未來 Geometric Future 機殼,5091.5,,,,,,,,,,,,,,,,,,,,,,,,,,,,43.5,17.5,M-ATX,False,True,黑,,,,,2026-10-10 06:01
case,｛幾何未來 Model 3 哪吒 黑灰｝顯卡43.5/U高17.5/龍鱗扇*5/全景玻璃/公仔平臺/M-ATX,幾何未來 Model 3 哪吒 黑灰,3390,幾何未來 Geometric Future 機殼,5093.5,,,,,,,,,,,,,,,,,,,,,,,,,,,,43.5,17.5,M-ATX,False,True,黑,,,,,2026-10-10 06:01
case,｛幾何未來 Model 3 哪吒 全白｝顯卡43.5/U高17.5/龍鱗扇*5/全景玻璃/公仔平臺/M-ATX,幾何未來 Model 3 哪吒 全白,3490,幾何未來 Geometric Future 機殼,5095.5,,,,,,,,,,,,,,,,,,,,,,,,,,,,43.5,17.5,M-ATX,False,True,白,,,,,2026-10-10 06:01
case,｛幾何未來 Model 3 哪吒 黑綠｝顯卡43.5/U高17.5/龍鱗扇*5/全景玻璃/公仔平臺/M-ATX,幾何未來 Model 3 哪吒 黑綠,3490,幾何未來 Geometric Future 機殼,5097.5,,,,,,,,,,,,,,,,,,,,,,,,,,,,43.5,17.5,M-ATX,False,True,黑,,,,,2026-10-10 06:01
case,｛幾何未來 Model 3 哪吒 AMD信仰版｝卡43.5/U17.5/龍鱗扇*5/全景玻璃/公仔平臺/M-ATX,幾何未來 Model 3 哪吒 AMD信仰版,3790,幾何未來 Geometric Future 機殼,5099.5,,,,,,,,,,,,,,,,,,,,,,,,,,,,43.5,17.5,M-ATX,False,True,黑,,,,,2026-10-10 06:01
case,｛幾何未來 Model 5 悟空 黑黃｝顯卡46/U高18/14cm龍鱗扇*5/全景玻璃/公仔平臺/E-ATX,幾何未來 Model 5 悟空 黑黃,3690,幾何未來 Geometric Future 機殼,5100.5,,,,,,,,,,,,,,,,,,,,,,,,,,,,46.0,18.0,E-ATX,False,True,黑,,,,,2026-10-10 06:01
case,｛幾何未來 Model 5 悟空 黑灰｝顯卡46/U高18/14cm龍鱗扇*5/全景玻璃/公仔平臺/E-ATX,幾何未來 Model 5 悟空 黑灰,3690,幾何未來 Geometric Future 機殼,5101.5,,,,,,,,,,,,,,,,,,,,,,,,,,,,46.0,18.0,E-ATX,False,True,黑,,,,,2026-10-10 06:01
case,｛幾何未來 Model 5 悟空 蒂芬尼藍｝卡46/U高18/14cm龍鱗扇*5/全景玻璃/公仔平臺/E-ATX,幾何未來 Model 5 悟空 蒂芬尼藍,3690,幾何未來 Geometric Future 機殼,5102.5,,,,,,,,,,,,,,,,,,,,,,,,,,,,46.0,18.0,E-ATX,False,True,黑,,,,,2026-10-10 06:01
case,｛幾何未來 Model 5 悟空 全白｝顯卡46/U高18/14cm龍鱗扇*5/全景玻璃/公仔平臺/E-ATX,幾何未來 Model 5 悟空 全白,3890,幾何未來 Geometric Future 機殼,5103.5,,,,,,,,,,,,,,,,,,,,,,,,,,,,46.0,18.0,E-ATX,False,True,白,,,,,2026-10-10 06:01
case,｛幾何未來 Model 5 悟空 黑綠｝顯卡46/U高18/14cm龍鱗扇*5/全景玻璃/公仔平臺/E-ATX,幾何未來 Model 5 悟空 黑綠,3890,幾何未來 Geometric Future 機殼,5104.5,,,,,,,,,,,,,,,,,,,,,,,,,,,,46.0,18.0,E-ATX,False,True,黑,,,,,2026-10-10 06:01
case,｛幾何未來 Model 5 悟空 粉紅｝顯卡46/U高18/14cm龍鱗扇*5/全景玻璃/公仔平臺/E-ATX,幾何未來 Model 5 悟空 粉紅,3890,幾何未來 Geometric Future 機殼,5105.5,,,,,,,,,,,,,,,,,,,,,,,,,,,,46.0,18.0,E-ATX,False,True,黑,,,,,2026-10-10 06:01
case,｛幾何未來 Model 5 悟空 粉藍｝顯卡46/U高18/14cm龍鱗扇*5/全景玻璃/公仔平臺/E-ATX,幾何未來 Model 5 悟空 粉藍,3890,幾何未來 Geometric Future 機殼,5106.5,,,,,,,,,,,,,,,,,,,,,,,,,,,,46.0,18.0,E-ATX,False,True,黑,,,,,2026-10-10 06:01
case,｛幾何未來 Model 5 悟空 AMD信仰版｝顯卡46/U高18/龍鱗扇*5/全景玻璃/公仔平臺/E-ATX,幾何未來 Model 5 悟空 AMD信仰版,4190,幾何未來 Geometric Future 機殼,5107.5,,,,,,,,,,,,,,,,,,,,,,,,,,,,46.0,18.0,E-ATX,False,True,黑,,,,,2026-10-10 06:01
case,｛幾何未來 Model 5 Vent 鐵扇 黑｝顯卡長46/CPU高18/14cm龍鱗扇*5/玻璃透側/E-ATX,幾何未來 Model 5 Vent 鐵扇 黑,3690,幾何未來 Geometric Future 機殼,5108.5,,,,,,,,,,,,,,,,,,,,,,,,,,,,46.0,18.0,E-ATX,False,True,黑,,,,,2026-10-10 06:01
case,｛幾何未來 Model 5 Vent 鐵扇 全白｝顯卡46/CPU高18/14cm龍鱗扇*5/玻璃透側/E-ATX,幾何未來 Model 5 Vent 鐵扇 全白,3890,幾何未來 Geometric Future 機殼,5110.5,,,,,,,,,,,,,,,,,,,,,,,,,,,,46.0,18.0,E-ATX,False,True,白,,,,,2026-10-10 06:01
case,｛XPG VALOR MESH NANO 黑｝顯卡長37/CPU高17/四面金屬網孔/顯卡支架/M-ATX,XPG VALOR MESH NANO 黑,1890,威剛 XPG 機殼,5113.5,,,,,,,,,,,,,,,,,,,,,,,,,,,,37.0,17.0,M-ATX,False,False,黑,,,,,2026-10-10 06:01
case,｛XPG VALOR MESH NANO 白｝顯卡長37/CPU高17/四面金屬網孔/顯卡支架/M-ATX,XPG VALOR MESH NANO 白,1890,威剛 XPG 機殼,5116.5,,,,,,,,,,,,,,,,,,,,,,,,,,,,37.0,17.0,M-ATX,False,False,白,,,,,2026-10-10 06:01
case,｛XPG VALOR AIR PRO 黑｝顯卡長40/CPU高16.7/玻璃透側/磁吸面板/E-ATX,XPG VALOR AIR PRO 黑,1790,威剛 XPG 機殼,5119.5,,,,,,,,,,,,,,,,,,,,,,,,,,,,40.0,16.7,E-ATX,False,True,黑,,,,,2026-10-10 06:01
case,｛XPG VALOR AIR PRO 白｝顯卡長40/CPU高16.7/玻璃透側/磁吸面板/E-ATX,XPG VALOR AIR PRO 白,1790,威剛 XPG 機殼,5120.5,,,,,,,,,,,,,,,,,,,,,,,,,,,,40.0,16.7,E-ATX,False,True,白,,,,,2026-10-10 06:01
case,｛銀欣 ALTA G1M 黑｝顯卡長35.5/CPU高15.9/垂直風流/M-ATX(ALG1MB)【SFX】,銀欣 ALTA G1M 黑,2990,銀欣 SilverStone 機殼,5122.5,,,,,,,,,,,,,,,,,,,,,,,,,,,,35.5,15.9,M-ATX,True,False,黑,,,,,2026-10-10 06:01
case,｛銀欣 ALTA G1M 白｝顯卡長35.5/CPU高15.9/垂直風流/M-ATX(ALG1MW)【SFX】,銀欣 ALTA G1M 白,3090,銀欣 SilverStone 機殼,5123.5,,,,,,,,,,,,,,,,,,,,,,,,,,,,35.5,15.9,M-ATX,True,False,白,,,,,2026-10-10 06:01
case,｛銀欣 ML09 黑｝顯卡長17.5(LP)/CPU高3.7(7)/ITX(ML09B)【SFX】【客訂】,銀欣 ML09 黑,2040,銀欣 SilverStone 機殼,5126.5,,,,,,,,,,,,,,,,,,,,,,,,,,,,17.5,3.7,ITX,True,False,黑,,,,,2026-10-10 06:01
case,｛銀欣 Lucid 04 黑｝顯卡長35/CPU高17.7/全景玻璃透側/M-ATX,銀欣 Lucid 04 黑,1690,銀欣 SilverStone 機殼,5127.5,,,,,,,,,,,,,,,,,,,,,,,,,,,,35.0,17.7,M-ATX,False,True,黑,,,,,2026-10-10 06:01
case,｛銀欣 Lucid 04 白｝顯卡長35/CPU高17.7/全景玻璃透側/M-ATX,銀欣 Lucid 04 白,1790,銀欣 SilverStone 機殼,5128.5,,,,,,,,,,,,,,,,,,,,,,,,,,,,35.0,17.7,M-ATX,False,True,白,,,,,2026-10-10 06:01
case,｛銀欣 Lucid 05 黑｝顯卡長41/CPU高17.3/全景玻璃透側/ATX,銀欣 Lucid 05 黑,1790,銀欣 SilverStone 機殼,5129.5,,,,,,,,,,,,,,,,,,,,,,,,,,,,41.0,17.3,ATX,False,True,黑,,,,,2026-10-10 06:01
case,｛銀欣 Lucid 05 白｝顯卡長41/CPU高17.3/全景玻璃透側/ATX,銀欣 Lucid 05 白,1890,銀欣 SilverStone 機殼,5130.5,,,,,,,,,,,,,,,,,,,,,,,,,,,,41.0,17.3,ATX,False,True,白,,,,,2026-10-10 06:01
case,｛銀欣 FARA 311｝顯卡長35.4/CPU高15.6/全沖孔網前面板/M-ATX,銀欣 FARA 311,1190,銀欣 SilverStone 機殼,5131.5,,,,,,,,,,,,,,,,,,,,,,,,,,,,35.4,15.6,M-ATX,False,False,黑,,,,,2026-10-10 06:01
case,｛銀欣 FARA 514X 黑｝顯卡37.8/CPU高16.8/精密沖孔網面板/玻璃透側/ATX 原價$2590,銀欣 FARA 514X 黑,1890,銀欣 SilverStone 機殼,5132.5,,,,,,,,,,,,,,,,,,,,,,,,,,,,37.8,16.8,ATX,False,True,黑,,,,,2026-10-10 06:01
case,｛銀欣 FARA 514X 白｝顯卡37.8/CPU高16.8/精密沖孔網面板/玻璃透側/ATX 原價$2690,銀欣 FARA 514X 白,2090,銀欣 SilverStone 機殼,5133.5,,,,,,,,,,,,,,,,,,,,,,,,,,,,37.8,16.8,ATX,False,True,白,,,,,2026-10-10 06:01
case,｛銀欣 FLP01｝HTPC 復古機殼 顯卡長30.9/CPU高8.8~13.8/橫躺式/ATX,銀欣 FLP01,2790,銀欣 SilverStone 機殼,5135.5,,,,,,,,,,,,,,,,,,,,,,,,,,,,30.9,8.8,ATX,False,False,黑,,,,,2026-10-10 06:01
case,｛銀欣 FLP02｝復古機殼 顯卡長38.6/CPU高18.2/電源鑰匙鎖/仿軟碟機擋板/ATX,銀欣 FLP02,4990,銀欣 SilverStone 機殼,5136.5,,,,,,,,,,,,,,,,,,,,,,,,,,,,38.6,18.2,ATX,False,False,黑,,,,,2026-10-10 06:01
case,｛銀欣 FLP03｝復古機殼 顯卡長41.3/CPU高16.9/電源鑰匙鎖/仿軟碟機擋板/M-ATX,銀欣 FLP03,3790,銀欣 SilverStone 機殼,5137.5,,,,,,,,,,,,,,,,,,,,,,,,,,,,41.3,16.9,M-ATX,False,False,黑,,,,,2026-10-10 06:01
case,｛銀欣 SETA H1｝顯卡長39.4/CPU高18.2/玻璃透側E-ATX(SEH1B-G),銀欣 SETA H1,3090,銀欣 SilverStone 機殼,5138.5,,,,,,,,,,,,,,,,,,,,,,,,,,,,39.4,18.2,E-ATX,False,True,黑,,,,,2026-10-10 06:01
case,｛銀欣 SETA Q1｝靜音機殼 顯卡長39.4/CPU高18.2/迷宮式降噪面板/E-ATX(SEQ1B),銀欣 SETA Q1,4300,銀欣 SilverStone 機殼,5139.5,,,,,,,,,,,,,,,,,,,,,,,,,,,,39.4,18.2,E-ATX,False,False,黑,,,,,2026-10-10 06:01
case,｛銀欣 LD03｝顯卡長30.9(2 slots)/CPU高19/垂直風道/玻璃透側/ITX【SFX】原價$4490,銀欣 LD03,1990,銀欣 SilverStone 機殼,5140.5,,,,,,,,,,,,,,,,,,,,,,,,,,,,30.9,19.0,ITX,True,True,黑,,,,,2026-10-10 06:01
case,｛銀欣 SG05-LITE 黑｝顯卡長22.8/CPU高8/ITX(SG05BB-LITE)【SFX】,銀欣 SG05-LITE 黑,1400,銀欣 SilverStone 機殼,5141.5,,,,,,,,,,,,,,,,,,,,,,,,,,,,22.8,8.0,ITX,True,False,黑,,,,,2026-10-10 06:01
case,｛銀欣 SG13 鐵網版｝顯卡長27/CPU高6/SSD*3/網孔面板/ITX(SG13B),銀欣 SG13 鐵網版,1230,銀欣 SilverStone 機殼,5142.5,,,,,,,,,,,,,,,,,,,,,,,,,,,,27.0,6.0,ITX,False,False,黑,,,,,2026-10-10 06:01
case,｛銀欣 SG13 仿金屬紋版｝顯卡長27/CPU高6/拉絲面板/ITX(SG13B-Q),銀欣 SG13 仿金屬紋版,1290,銀欣 SilverStone 機殼,5143.5,,,,,,,,,,,,,,,,,,,,,,,,,,,,27.0,6.0,ITX,False,False,黑,,,,,2026-10-10 06:01
case,｛銀欣 SUGO 14 白｝顯卡長33/CPU高18.2/電供深15/ITX(SG14W) 原價$3200,銀欣 SUGO 14 白,2090,銀欣 SilverStone 機殼,5144.5,,,,,,,,,,,,,,,,,,,,,,,,,,,,33.0,18.2,ITX,False,False,白,,,,,2026-10-10 06:01
case,｛銀欣 SUGO 16 黑｝顯卡長27.5/CPU高8.5(17.2)/ITX(SG16B)【建議搭配SFX電供】,銀欣 SUGO 16 黑,1790,銀欣 SilverStone 機殼,5145.5,,,,,,,,,,,,,,,,,,,,,,,,,,,,27.5,8.5,ITX,True,False,黑,,,,,2026-10-10 06:01
case,｛銀欣 SUGO 16 白｝顯卡長27.5/CPU高8.5(17.2)/ITX(SG16W)【建議搭配SFX電供】,銀欣 SUGO 16 白,1790,銀欣 SilverStone 機殼,5146.5,,,,,,,,,,,,,,,,,,,,,,,,,,,,27.5,8.5,ITX,True,False,白,,,,,2026-10-10 06:01
case,｛振華 M706｝顯卡長39/U高16.5/玻璃透側/木紋飾板/ATX,振華 M706,1790,振華 Super Flower,5148.5,,,,,,,,,,,,,,,,,,,,,,,,,,,,39.0,16.5,ATX,False,True,黑,,,,,2026-10-10 06:01
case,｛振華 M801 黑｝顯卡長42.5/CPU高18/全景曲面玻璃/ATX,振華 M801 黑,1990,振華 Super Flower,5149.5,,,,,,,,,,,,,,,,,,,,,,,,,,,,42.5,18.0,ATX,False,True,黑,,,,,2026-10-10 06:01
case,｛振華 M801 白｝顯卡長42.5/CPU高18/全景曲面玻璃/ATX,振華 M801 白,1990,振華 Super Flower,5150.5,,,,,,,,,,,,,,,,,,,,,,,,,,,,42.5,18.0,ATX,False,True,白,,,,,2026-10-10 06:01
case,｛曜越 View 270 TG ARGB V2 黑｝顯卡長42/CPU高18/三風扇/全景玻璃透側/ATX,曜越 View 270 TG ARGB V2 黑,1690,曜越 Thermaltake 機殼,5152.5,,,,,,,,,,,,,,,,,,,,,,,,,,,,42.0,18.0,ATX,False,True,黑,,,,,2026-10-10 06:01
case,｛曜越 View 270 TG ARGB V2 白｝顯卡長42/CPU高18/三風扇/全景玻璃透側/ATX,曜越 View 270 TG ARGB V2 白,1690,曜越 Thermaltake 機殼,5153.5,,,,,,,,,,,,,,,,,,,,,,,,,,,,42.0,18.0,ATX,False,True,白,,,,,2026-10-10 06:01
case,｛曜越 View 290 TG ARGB 黑｝顯卡45/U高18/全景曲面玻璃/支援背插/ATX 原價$2690！,曜越 View 290 TG ARGB 黑,2390,曜越 Thermaltake 機殼,5154.5,,,,,,,,,,,,,,,,,,,,,,,,,,,,45.0,18.0,ATX,False,True,黑,,,,,2026-10-10 06:01
case,｛曜越 View 290 TG ARGB 白｝顯卡45/U高18/全景曲面玻璃/支援背插/ATX 原價$2690！,曜越 View 290 TG ARGB 白,2390,曜越 Thermaltake 機殼,5155.5,,,,,,,,,,,,,,,,,,,,,,,,,,,,45.0,18.0,ATX,False,True,白,,,,,2026-10-10 06:01
case,｛曜越 View 380 XL TG ARGB 黑｝顯卡42/CPU高16/全景玻璃/分艙設計/支援背插/ATX,曜越 View 380 XL TG ARGB 黑,3490,曜越 Thermaltake 機殼,5156.5,,,,,,,,,,,,,,,,,,,,,,,,,,,,42.0,16.0,ATX,False,True,黑,,,,,2026-10-10 06:01
case,｛曜越 View 380 XL TG ARGB 白｝顯卡42/CPU高16/全景玻璃/分艙設計/支援背插/ATX,曜越 View 380 XL TG ARGB 白,3490,曜越 Thermaltake 機殼,5157.5,,,,,,,,,,,,,,,,,,,,,,,,,,,,42.0,16.0,ATX,False,True,白,,,,,2026-10-10 06:01
case,｛曜越 View 380 XL TG ARGB 鋒芒黃｝顯卡42/CPU高16/全景玻璃/分艙設計/背插/ATX,曜越 View 380 XL TG ARGB 鋒芒黃,3490,曜越 Thermaltake 機殼,5158.5,,,,,,,,,,,,,,,,,,,,,,,,,,,,42.0,16.0,ATX,False,True,黑,,,,,2026-10-10 06:01
case,｛曜越 View 380 XL TG ARGB 礫石沙｝顯卡42/CPU高16/全景玻璃/分艙設計/背插/ATX,曜越 View 380 XL TG ARGB 礫石沙,3490,曜越 Thermaltake 機殼,5159.5,,,,,,,,,,,,,,,,,,,,,,,,,,,,42.0,16.0,ATX,False,True,黑,,,,,2026-10-10 06:01
case,｛曜越 View 390 Air 黑｝顯卡長42/CPU高16/鷗翼式曲面玻璃/分艙設計/支援背插/ATX,曜越 View 390 Air 黑,4890,曜越 Thermaltake 機殼,5160.5,,,,,,,,,,,,,,,,,,,,,,,,,,,,42.0,16.0,ATX,False,True,黑,,,,,2026-10-10 06:01
case,｛曜越 View 390 Air 白｝顯卡長42/CPU高16/鷗翼式曲面玻璃/分艙設計/支援背插/ATX,曜越 View 390 Air 白,4890,曜越 Thermaltake 機殼,5162.5,,,,,,,,,,,,,,,,,,,,,,,,,,,,42.0,16.0,ATX,False,True,白,,,,,2026-10-10 06:01
case,｛曜越 View 390 Air 暮光紫｝顯卡42/CPU高16/鷗翼式曲面玻璃/分艙設計/支援背插/ATX,曜越 View 390 Air 暮光紫,4890,曜越 Thermaltake 機殼,5164.5,,,,,,,,,,,,,,,,,,,,,,,,,,,,42.0,16.0,ATX,False,True,黑,,,,,2026-10-10 06:01
case,｛曜越 View 390 Air 奶油焦糖｝顯卡42/U高16/鷗翼式曲面玻璃/分艙設計/支援背插/ATX,曜越 View 390 Air 奶油焦糖,4890,曜越 Thermaltake 機殼,5166.5,,,,,,,,,,,,,,,,,,,,,,,,,,,,42.0,16.0,ATX,False,True,黑,,,,,2026-10-10 06:01
case,｛曜越 Vision 330 CR ARGB 黑｝卡42/U高17.5/側掀曲面玻璃/分艙設計/六風扇/背插/ATX,曜越 Vision 330 CR ARGB 黑,2890,曜越 Thermaltake 機殼,5168.5,,,,,,,,,,,,,,,,,,,,,,,,,,,,42.0,17.5,ATX,False,True,黑,,,,,2026-10-10 06:01
case,｛曜越 Vision 330 CR ARGB 白｝卡42/U高17.5/側掀曲面玻璃/分艙設計/六風扇/背插/ATX,曜越 Vision 330 CR ARGB 白,2890,曜越 Thermaltake 機殼,5169.5,,,,,,,,,,,,,,,,,,,,,,,,,,,,42.0,17.5,ATX,False,True,白,,,,,2026-10-10 06:01
case,｛曜越 The Tower 250 黑｝顯卡長36/CPU高21/全景玻璃/八角柱造型/ITX,曜越 The Tower 250 黑,3690,曜越 Thermaltake 機殼,5170.5,,,,,,,,,,,,,,,,,,,,,,,,,,,,36.0,21.0,ITX,False,True,黑,,,,,2026-10-10 06:01
case,｛曜越 The Tower 250 白｝顯卡長36/CPU高21/全景玻璃/八角柱造型/ITX,曜越 The Tower 250 白,3690,曜越 Thermaltake 機殼,5171.5,,,,,,,,,,,,,,,,,,,,,,,,,,,,36.0,21.0,ITX,False,True,白,,,,,2026-10-10 06:01
case,｛曜越 The Tower 250 抹茶綠｝顯卡長36/CPU高21/全景玻璃/八角柱造型/ITX,曜越 The Tower 250 抹茶綠,3690,曜越 Thermaltake 機殼,5172.5,,,,,,,,,,,,,,,,,,,,,,,,,,,,36.0,21.0,ITX,False,True,黑,,,,,2026-10-10 06:01
case,｛曜越 The Tower 250 繡球花藍｝顯卡長36/CPU高21/全景玻璃/八角柱造型/ITX,曜越 The Tower 250 繡球花藍,3690,曜越 Thermaltake 機殼,5173.5,,,,,,,,,,,,,,,,,,,,,,,,,,,,36.0,21.0,ITX,False,True,黑,,,,,2026-10-10 06:01
case,｛曜越 The Tower 300 黑｝顯卡長40/CPU高21/全景玻璃/八角柱造型/支援背插/M-ATX,曜越 The Tower 300 黑,3990,曜越 Thermaltake 機殼,5174.5,,,,,,,,,,,,,,,,,,,,,,,,,,,,40.0,21.0,M-ATX,False,True,黑,,,,,2026-10-10 06:01
case,｛曜越 The Tower 300 白｝顯卡長40/CPU高21/全景玻璃/八角柱造型/支援背插/M-ATX,曜越 The Tower 300 白,3990,曜越 Thermaltake 機殼,5176.5,,,,,,,,,,,,,,,,,,,,,,,,,,,,40.0,21.0,M-ATX,False,True,白,,,,,2026-10-10 06:01
case,｛曜越 The Tower 300 抹茶綠｝顯卡長40/CPU高21/全景玻璃/八角柱造型/支援背插/M-ATX,曜越 The Tower 300 抹茶綠,4290,曜越 Thermaltake 機殼,5178.5,,,,,,,,,,,,,,,,,,,,,,,,,,,,40.0,21.0,M-ATX,False,True,黑,,,,,2026-10-10 06:01
case,｛曜越 The Tower 300 繡球花藍｝顯卡長40/U高21/全景玻璃/八角柱造型/支援背插/M-ATX,曜越 The Tower 300 繡球花藍,4290,曜越 Thermaltake 機殼,5179.5,,,,,,,,,,,,,,,,,,,,,,,,,,,,40.0,21.0,M-ATX,False,True,黑,,,,,2026-10-10 06:01
case,｛曜越 The Tower 300 泡泡粉｝顯卡長40/CPU高21/全景玻璃/八角柱造型/支援背插/M-ATX,曜越 The Tower 300 泡泡粉,4290,曜越 Thermaltake 機殼,5180.5,,,,,,,,,,,,,,,,,,,,,,,,,,,,40.0,21.0,M-ATX,False,True,黑,,,,,2026-10-10 06:01
case,｛曜越 The Tower 600 黑｝顯卡28(40)/CPU高21/全景直立式/三面玻璃/支援背插(限ATX),曜越 The Tower 600 黑,4890,曜越 Thermaltake 機殼,5181.5,,,,,,,,,,,,,,,,,,,,,,,,,,,,28.0,21.0,ATX,False,True,黑,,,,,2026-10-10 06:01
case,｛曜越 The Tower 600 白｝顯卡28(40)/CPU高21/全景直立式/三面玻璃/支援背插(限ATX),曜越 The Tower 600 白,4890,曜越 Thermaltake 機殼,5182.5,,,,,,,,,,,,,,,,,,,,,,,,,,,,28.0,21.0,ATX,False,True,白,,,,,2026-10-10 06:01
case,｛曜越 The Tower 600 抹茶綠｝顯卡28(40)/U高21/全景直立/三面玻璃/支援背插(限ATX),曜越 The Tower 600 抹茶綠,4890,曜越 Thermaltake 機殼,5183.5,,,,,,,,,,,,,,,,,,,,,,,,,,,,28.0,21.0,ATX,False,True,黑,,,,,2026-10-10 06:01
case,｛曜越 The Tower 600 繡球花藍｝顯卡28(40)/U高21/全景直立/三面玻璃/支援背插(限ATX),曜越 The Tower 600 繡球花藍,4890,曜越 Thermaltake 機殼,5184.5,,,,,,,,,,,,,,,,,,,,,,,,,,,,28.0,21.0,ATX,False,True,黑,,,,,2026-10-10 06:01
case,｛DEEPCOOL CC310｝顯卡28/U高16/透氣柵格面板/M-ATX,DEEPCOOL CC310,990,DEEPCOOL 九州風神,5186.5,,,,,,,,,,,,,,,,,,,,,,,,,,,,28.0,16.0,M-ATX,False,False,黑,,,,,2026-10-10 06:01
case,｛DEEPCOOL CH260 黑｝顯卡長41.3/CPU高17.4/玻璃透側/支援背插/M-ATX,DEEPCOOL CH260 黑,1890,DEEPCOOL 九州風神,5187.5,,,,,,,,,,,,,,,,,,,,,,,,,,,,41.3,17.4,M-ATX,False,True,黑,,,,,2026-10-10 06:01
case,｛DEEPCOOL CH260 白｝顯卡長41.3/CPU高17.4/玻璃透側/支援背插/M-ATX,DEEPCOOL CH260 白,1990,DEEPCOOL 九州風神,5188.5,,,,,,,,,,,,,,,,,,,,,,,,,,,,41.3,17.4,M-ATX,False,True,白,,,,,2026-10-10 06:01
case,｛DEEPCOOL CH260 WOOD 黑｝顯卡長41.3/CPU高17.4/玻璃透側/背插/M-ATX,DEEPCOOL CH260 WOOD 黑,2190,DEEPCOOL 九州風神,5189.5,,,,,,,,,,,,,,,,,,,,,,,,,,,,41.3,17.4,M-ATX,False,True,黑,,,,,2026-10-10 06:01
case,｛DEEPCOOL CH260 WOOD 白｝顯卡長41.3/CPU高17.4/玻璃透側/背插/M-ATX,DEEPCOOL CH260 WOOD 白,2290,DEEPCOOL 九州風神,5190.5,,,,,,,,,,,,,,,,,,,,,,,,,,,,41.3,17.4,M-ATX,False,True,白,,,,,2026-10-10 06:01
case,｛DEEPCOOL CH270 DIGITAL 白｝顯卡長41.3/U高17.4/數位監控底座/支援背插/M-ATX,DEEPCOOL CH270 DIGITAL 白,2790,DEEPCOOL 九州風神,5191.5,,,,,,,,,,,,,,,,,,,,,,,,,,,,41.3,17.4,M-ATX,False,False,白,,,,,2026-10-10 06:01
case,｛DEEPCOOL CG380 3F 黑｝顯卡長41/CPU高17.6/全景玻璃透側/支援背插/M-ATX,DEEPCOOL CG380 3F 黑,1690,DEEPCOOL 九州風神,5193.5,,,,,,,,,,,,,,,,,,,,,,,,,,,,41.0,17.6,M-ATX,False,True,黑,,,,,2026-10-10 06:01
case,｛DEEPCOOL CG380 3F 白｝顯卡長41/CPU高17.6/全景玻璃透側/支援背插/M-ATX,DEEPCOOL CG380 3F 白,1790,DEEPCOOL 九州風神,5194.5,,,,,,,,,,,,,,,,,,,,,,,,,,,,41.0,17.6,M-ATX,False,True,白,,,,,2026-10-10 06:01
case,｛DEEPCOOL CG530 4F 黑｝顯卡41/CPU高16/全景玻璃透側/支援背插/分艙設計/ATX,DEEPCOOL CG530 4F 黑,1990,DEEPCOOL 九州風神,5195.5,,,,,,,,,,,,,,,,,,,,,,,,,,,,41.0,16.0,ATX,False,True,黑,,,,,2026-10-10 06:01
case,｛DEEPCOOL CG530 4F 白｝顯卡41/CPU高16/全景玻璃透側/支援背插/分艙設計/ATX,DEEPCOOL CG530 4F 白,2090,DEEPCOOL 九州風神,5196.5,,,,,,,,,,,,,,,,,,,,,,,,,,,,41.0,16.0,ATX,False,True,白,,,,,2026-10-10 06:01
case,｛DEEPCOOL MORPHEUS(墨菲斯) 黑｝卡48/U高19.5/PCIe4.0/溫度顯示/玻璃透側/E-ATX,DEEPCOOL MORPHEUS(墨菲斯) 黑,5690,DEEPCOOL 九州風神,5197.5,,,,,,,,,,,,,,,,,,,,,,,,,,,,48.0,19.5,E-ATX,False,True,黑,,,,,2026-10-10 06:01
case,｛DEEPCOOL MORPHEUS(墨菲斯) 白｝卡48/U高19.5/PCIe4.0/溫度顯示/玻璃透側/E-ATX,DEEPCOOL MORPHEUS(墨菲斯) 白,5990,DEEPCOOL 九州風神,5199.5,,,,,,,,,,,,,,,,,,,,,,,,,,,,48.0,19.5,E-ATX,False,True,白,,,,,2026-10-10 06:01
case,｛保銳 Enclave A31黑｝-脈衝 顯卡長42.5/U高18/全景玻璃透側/獨立TypeC 45W快充/ATX,保銳 Enclave A31黑,1690,保銳 ENERMAX 機殼,5202.5,,,,,,,,,,,,,,,,,,,,,,,,,,,,42.5,18.0,ATX,False,True,黑,,,,,2026-10-10 06:01
case,｛保銳 Enclave A31白｝-脈衝 顯卡長42.5/U高18/全景玻璃透側/獨立TypeC 45W快充/ATX,保銳 Enclave A31白,1790,保銳 ENERMAX 機殼,5203.5,,,,,,,,,,,,,,,,,,,,,,,,,,,,42.5,18.0,ATX,False,True,白,,,,,2026-10-10 06:01
case,｛保銳 Enclave A41黑｝-脈動 顯卡長41.5/CPU高16/全景曲面玻璃/分艙/溫度警示/ATX,保銳 Enclave A41黑,2490,保銳 ENERMAX 機殼,5204.5,,,,,,,,,,,,,,,,,,,,,,,,,,,,41.5,16.0,ATX,False,True,黑,,,,,2026-10-10 06:01
case,｛保銳 Enclave A41白｝-脈動 顯卡長41.5/CPU高16/全景曲面玻璃/分艙/溫度警示/ATX,保銳 Enclave A41白,2590,保銳 ENERMAX 機殼,5205.5,,,,,,,,,,,,,,,,,,,,,,,,,,,,41.5,16.0,ATX,False,True,白,,,,,2026-10-10 06:01
case,｛迎廣 PRISM 黑｝顯卡長43.5/CPU高17.5/鏡面玻璃透側/支援背插/ATX,迎廣 PRISM 黑,3490,迎廣 InWin 機殼,5208.5,,,,,,,,,,,,,,,,,,,,,,,,,,,,43.5,17.5,ATX,False,True,黑,,,,,2026-10-10 06:01
case,｛迎廣 PRISM 白｝顯卡長43.5/CPU高17.5/玻璃透側/支援背插/ATX,迎廣 PRISM 白,3490,迎廣 InWin 機殼,5209.5,,,,,,,,,,,,,,,,,,,,,,,,,,,,43.5,17.5,ATX,False,True,白,,,,,2026-10-10 06:01
case,｛迎廣 L50 BREEZE｝顯卡長43.5/CPU高17.5/長虹玻璃面板/支援背插(限ATX)/E-ATX,迎廣 L50 BREEZE,2390,迎廣 InWin 機殼,5210.5,,,,,,,,,,,,,,,,,,,,,,,,,,,,43.5,17.5,E-ATX,False,True,黑,,,,,2026-10-10 06:01
case,｛迎廣 W31｝顯卡長41/CPU高16/全景曲面玻璃/分艙設計/支援背插(限ATX),迎廣 W31,2590,迎廣 InWin 機殼,5211.5,,,,,,,,,,,,,,,,,,,,,,,,,,,,41.0,16.0,ATX,False,True,黑,,,,,2026-10-10 06:01
case,｛迎廣 W50｝顯卡長43.5/CPU高17.5/鏡面拼接W造型側板/支援背插(限ATX),迎廣 W50,3290,迎廣 InWin 機殼,5212.5,,,,,,,,,,,,,,,,,,,,,,,,,,,,43.5,17.5,ATX,False,False,黑,,,,,2026-10-10 06:01
case,｛迎廣 A3 黑｝顯卡長34/CPU高16.2/玻璃透側/垂直風道/M-ATX,迎廣 A3 黑,1990,迎廣 InWin 機殼,5213.5,,,,,,,,,,,,,,,,,,,,,,,,,,,,34.0,16.2,M-ATX,False,True,黑,,,,,2026-10-10 06:01
case,｛迎廣 A3 白｝顯卡長34/CPU高16.2/玻璃透側/垂直風道/M-ATX,迎廣 A3 白,1990,迎廣 InWin 機殼,5214.5,,,,,,,,,,,,,,,,,,,,,,,,,,,,34.0,16.2,M-ATX,False,True,白,,,,,2026-10-10 06:01
case,｛迎廣 A5 黑｝顯卡長34/CPU高16.2/玻璃透側/垂直風道/E-ATX,迎廣 A5 黑,2090,迎廣 InWin 機殼,5215.5,,,,,,,,,,,,,,,,,,,,,,,,,,,,34.0,16.2,E-ATX,False,True,黑,,,,,2026-10-10 06:01
case,｛迎廣 A5 白｝顯卡長34/CPU高16.2/玻璃透側/垂直風道/E-ATX,迎廣 A5 白,2090,迎廣 InWin 機殼,5216.5,,,,,,,,,,,,,,,,,,,,,,,,,,,,34.0,16.2,E-ATX,False,True,白,,,,,2026-10-10 06:01
case,｛迎廣 F3 黑｝顯卡長34/CPU高16/玻璃透側/支援背插/M-ATX,迎廣 F3 黑,2890,迎廣 InWin 機殼,5217.5,,,,,,,,,,,,,,,,,,,,,,,,,,,,34.0,16.0,M-ATX,False,True,黑,,,,,2026-10-10 06:01
case,｛迎廣 F3 白｝顯卡長34/CPU高16/玻璃透側/支援背插/M-ATX,迎廣 F3 白,3190,迎廣 InWin 機殼,5218.5,,,,,,,,,,,,,,,,,,,,,,,,,,,,34.0,16.0,M-ATX,False,True,白,,,,,2026-10-10 06:01
case,｛迎廣 F5 黑｝顯卡長43.5/CPU高18/玻璃透側/支援背插(限ATX)/E-ATX,迎廣 F5 黑,3990,迎廣 InWin 機殼,5219.5,,,,,,,,,,,,,,,,,,,,,,,,,,,,43.5,18.0,E-ATX,False,True,黑,,,,,2026-10-10 06:01
case,｛迎廣 F5 白｝顯卡長43.5/CPU高18/玻璃透側/支援背插(限ATX)/E-ATX,迎廣 F5 白,4290,迎廣 InWin 機殼,5220.5,,,,,,,,,,,,,,,,,,,,,,,,,,,,43.5,18.0,E-ATX,False,True,白,,,,,2026-10-10 06:01
case,｛迎廣 COVALENT｝全塔式機殼 顯卡長48/CPU高19/玻璃透側/支援*8 PCI/支援背插/EEB,迎廣 COVALENT,3990,迎廣 InWin 機殼,5221.5,,,,,,,,,,,,,,,,,,,,,,,,,,,,48.0,19.0,E-ATX,False,True,黑,,,,,2026-10-10 06:01
case,｛迎廣 DLITE 摩卡棕｝顯卡長38/CPU高16.5/波浪紋網孔面板/玻璃透側/支援背插/ATX,迎廣 DLITE 摩卡棕,2990,迎廣 InWin 機殼,5222.5,,,,,,,,,,,,,,,,,,,,,,,,,,,,38.0,16.5,ATX,False,True,黑,,,,,2026-10-10 06:01
case,｛迎廣 DLITE 丁香紫｝顯卡長38/CPU高16.5/波浪紋網孔面板/玻璃透側/支援背插/ATX,迎廣 DLITE 丁香紫,2990,迎廣 InWin 機殼,5223.5,,,,,,,,,,,,,,,,,,,,,,,,,,,,38.0,16.5,ATX,False,True,黑,,,,,2026-10-10 06:01
case,｛迎廣 DUBILI 鈦灰｝顯卡長43/CPU高16/鋁合金/玻璃透側/E-ATX【客訂】,迎廣 DUBILI 鈦灰,6790,迎廣 InWin 機殼,5224.5,,,,,,,,,,,,,,,,,,,,,,,,,,,,43.0,16.0,E-ATX,False,True,黑,,,,,2026-10-10 06:01
case,｛迎廣 DUBILI 奶油香檳｝顯卡長43/CPU高16/鋁合金/玻璃透側/E-ATX【客訂】,迎廣 DUBILI 奶油香檳,6790,迎廣 InWin 機殼,5225.5,,,,,,,,,,,,,,,,,,,,,,,,,,,,43.0,16.0,E-ATX,False,True,黑,,,,,2026-10-10 06:01
case,｛NZXT H3 Flow 黑｝顯卡長37.7/CPU高17/玻璃透側/支援背插/M-ATX(H31FB-01),NZXT H3 Flow 黑,1990,恩傑 NZXT 機殼,5227.5,,,,,,,,,,,,,,,,,,,,,,,,,,,,37.7,17.0,M-ATX,False,True,黑,,,,,2026-10-10 06:01
case,｛NZXT H3 Flow 白｝顯卡長37.7/CPU高17/玻璃透側/支援背插/M-ATX(H31FW-01),NZXT H3 Flow 白,1990,恩傑 NZXT 機殼,5228.5,,,,,,,,,,,,,,,,,,,,,,,,,,,,37.7,17.0,M-ATX,False,True,白,,,,,2026-10-10 06:01
case,｛NZXT H5 Flow(2024) 黑｝顯卡長41/CPU高17/玻璃透側/E-ATX(H52FB-01),NZXT H5 Flow(2024) 黑,2490,恩傑 NZXT 機殼,5229.5,,,,,,,,,,,,,,,,,,,,,,,,,,,,41.0,17.0,E-ATX,False,True,黑,,,,,2026-10-10 06:01
case,｛NZXT H5 Flow(2024) 白｝顯卡長41/CPU高17/玻璃透側/E-ATX(H52FW-01),NZXT H5 Flow(2024) 白,2490,恩傑 NZXT 機殼,5230.5,,,,,,,,,,,,,,,,,,,,,,,,,,,,41.0,17.0,E-ATX,False,True,白,,,,,2026-10-10 06:01
case,｛NZXT H6 Flow 黑｝顯卡36.5/CPU高16.3/全景玻璃/傾斜前風扇/分艙/ATX(H61FB-01)▼下殺到 10/31 20:00,NZXT H6 Flow 黑,2990,恩傑 NZXT 機殼,5231.5,,,,,,,,,,,,,,,,,,,,,,,,,,,,36.5,16.3,ATX,False,True,黑,,,,,2026-10-10 06:01
case,｛NZXT H6 黑｝顯卡長39/CPU高16.5/全景曲面玻璃/分艙/背插(限ATX)(H62FB-01),NZXT H6 黑,4290,恩傑 NZXT 機殼,5233.5,,,,,,,,,,,,,,,,,,,,,,,,,,,,39.0,16.5,ATX,False,True,黑,,,,,2026-10-10 06:01
case,｛NZXT H6 白｝顯卡長39/CPU高16.5/全景曲面玻璃/分艙/背插(限ATX)(H62FW-01),NZXT H6 白,4290,恩傑 NZXT 機殼,5234.5,,,,,,,,,,,,,,,,,,,,,,,,,,,,39.0,16.5,ATX,False,True,白,,,,,2026-10-10 06:01
case,｛NZXT H6 RGB+ 黑｝顯卡長39/CPU高16.5/全景曲面玻璃/分艙/背插(限ATX)(H62FB-P1),NZXT H6 RGB+ 黑,7990,恩傑 NZXT 機殼,5235.5,,,,,,,,,,,,,,,,,,,,,,,,,,,,39.0,16.5,ATX,False,True,黑,,,,,2026-10-10 06:01
case,｛NZXT H6 RGB+ 白｝顯卡長39/CPU高16.5/全景曲面玻璃/分艙/背插(限ATX)(H62FW-P1),NZXT H6 RGB+ 白,7990,恩傑 NZXT 機殼,5236.5,,,,,,,,,,,,,,,,,,,,,,,,,,,,39.0,16.5,ATX,False,True,白,,,,,2026-10-10 06:01
case,｛NZXT H7 Flow(2024) 黑｝顯卡長41/CPU高18.5/玻璃透側/E-ATX(H72FB-01),NZXT H7 Flow(2024) 黑,4290,恩傑 NZXT 機殼,5237.5,,,,,,,,,,,,,,,,,,,,,,,,,,,,41.0,18.5,E-ATX,False,True,黑,,,,,2026-10-10 06:01
case,｛NZXT H7 Flow(2024) 白｝顯卡長41/CPU高18.5/玻璃透側/E-ATX(H72FW-01),NZXT H7 Flow(2024) 白,4290,恩傑 NZXT 機殼,5238.5,,,,,,,,,,,,,,,,,,,,,,,,,,,,41.0,18.5,E-ATX,False,True,白,,,,,2026-10-10 06:01
case,｛NZXT H7 Flow RGB(2024) 黑｝顯卡長41/CPU高18.5/玻璃透側/E-ATX(H72FB-R1),NZXT H7 Flow RGB(2024) 黑,5290,恩傑 NZXT 機殼,5239.5,,,,,,,,,,,,,,,,,,,,,,,,,,,,41.0,18.5,E-ATX,False,True,黑,,,,,2026-10-10 06:01
case,｛NZXT H7 Flow RGB(2024) 白｝顯卡長41/CPU高18.5/玻璃透側/E-ATX(H72FW-R1),NZXT H7 Flow RGB(2024) 白,5290,恩傑 NZXT 機殼,5240.5,,,,,,,,,,,,,,,,,,,,,,,,,,,,41.0,18.5,E-ATX,False,True,白,,,,,2026-10-10 06:01
case,｛NZXT H9 Flow(2025) 黑｝顯卡43.5/U高16.5/玻璃透側/分艙設計/背插(限ATX)(H92FB-01),NZXT H9 Flow(2025) 黑,5590,恩傑 NZXT 機殼,5241.5,,,,,,,,,,,,,,,,,,,,,,,,,,,,43.5,16.5,ATX,False,True,黑,,,,,2026-10-10 06:01
case,｛NZXT H9 Flow(2025) 白｝顯卡43.5/U高16.5/玻璃透側/分艙設計/背插(限ATX)(H92FW-01),NZXT H9 Flow(2025) 白,5590,恩傑 NZXT 機殼,5242.5,,,,,,,,,,,,,,,,,,,,,,,,,,,,43.5,16.5,ATX,False,True,白,,,,,2026-10-10 06:01
case,｛全漢 S110-B｝顯卡長28.5/CPU高16/網狀面板/簡約設計/M-ATX,全漢 S110-B,790,全漢 FSP 機殼,5244.5,,,,,,,,,,,,,,,,,,,,,,,,,,,,28.5,16.0,M-ATX,False,False,黑,,,,,2026-10-10 06:01
case,｛全漢 S380-BA 黑｝顯卡長44.5/CPU高16/分艙設計/全景玻璃透側/M-ATX,全漢 S380-BA 黑,1690,全漢 FSP 機殼,5245.5,,,,,,,,,,,,,,,,,,,,,,,,,,,,44.5,16.0,M-ATX,False,True,黑,,,,,2026-10-10 06:01
case,｛全漢 S380-WA 白｝顯卡長44.5/CPU高16/分艙設計/全景玻璃透側/M-ATX,全漢 S380-WA 白,1790,全漢 FSP 機殼,5246.5,,,,,,,,,,,,,,,,,,,,,,,,,,,,44.5,16.0,M-ATX,False,True,白,,,,,2026-10-10 06:01
case,｛全漢 M320-BA 黑｝顯卡長42.5/CPU高17/玻璃透側/E-ATX,全漢 M320-BA 黑,1690,全漢 FSP 機殼,5247.5,,,,,,,,,,,,,,,,,,,,,,,,,,,,42.5,17.0,E-ATX,False,True,黑,,,,,2026-10-10 06:01
case,｛全漢 M320-WA 白｝顯卡長42.5/CPU高17/玻璃透側/E-ATX,全漢 M320-WA 白,1690,全漢 FSP 機殼,5248.5,,,,,,,,,,,,,,,,,,,,,,,,,,,,42.5,17.0,E-ATX,False,True,白,,,,,2026-10-10 06:01
case,｛全漢 M580 PRO-BA 黑｝顯卡44.5/U高16/全景曲面玻璃/數顯後風扇/背插/分艙/ATX,全漢 M580 PRO-BA 黑,3290,全漢 FSP 機殼,5249.5,,,,,,,,,,,,,,,,,,,,,,,,,,,,44.5,16.0,ATX,False,True,黑,,,,,2026-10-10 06:01
case,｛全漢 M580 PRO-WA 白｝顯卡44.5/U高16/全景曲面玻璃/數顯後風扇/背插/分艙/ATX,全漢 M580 PRO-WA 白,3290,全漢 FSP 機殼,5250.5,,,,,,,,,,,,,,,,,,,,,,,,,,,,44.5,16.0,ATX,False,True,白,,,,,2026-10-10 06:01
case,｛全漢 CST130 Basic 黑｝顯卡長30/CPU高16.5/壓克力透側/M-ATX,全漢 CST130 Basic 黑,1090,全漢 FSP 機殼,5251.5,,,,,,,,,,,,,,,,,,,,,,,,,,,,30.0,16.5,M-ATX,False,True,黑,,,,,2026-10-10 06:01
case,｛全漢 CST130 Basic 白｝顯卡長30/CPU高16.5/壓克力透側/M-ATX,全漢 CST130 Basic 白,1190,全漢 FSP 機殼,5252.5,,,,,,,,,,,,,,,,,,,,,,,,,,,,30.0,16.5,M-ATX,False,True,白,,,,,2026-10-10 06:01
case,｛全漢 CST351｝顯卡長33.6/CPU高13.8/底部ARGB氣氛燈/前置Type-C/ITX【SFX】,全漢 CST351,990,全漢 FSP 機殼,5253.5,,,,,,,,,,,,,,,,,,,,,,,,,,,,33.6,13.8,ITX,True,False,黑,,,,,2026-10-10 06:01
case,｛全漢 CMT195B 黑｝顯卡長34/CPU高16/鑽切造型面板/壓克力透側/ATX,全漢 CMT195B 黑,990,全漢 FSP 機殼,5255.5,,,,,,,,,,,,,,,,,,,,,,,,,,,,34.0,16.0,ATX,False,True,黑,,,,,2026-10-10 06:01
case,｛全漢 CMT195W 白｝顯卡長34/CPU高16/鑽切造型面板/壓克力透側/ATX,全漢 CMT195W 白,1090,全漢 FSP 機殼,5256.5,,,,,,,,,,,,,,,,,,,,,,,,,,,,34.0,16.0,ATX,False,True,白,,,,,2026-10-10 06:01
case,｛全漢 CMT223S｝靜音機殼 顯卡長30/CPU高16/內建4風扇/ATX,全漢 CMT223S,1590,全漢 FSP 機殼,5257.5,,,,,,,,,,,,,,,,,,,,,,,,,,,,30.0,16.0,ATX,False,False,黑,,,,,2026-10-10 06:01
case,｛全漢 U500-B｝顯卡長42/CPU高18/雙顯卡支架/支援*9 PCI slot/E-ATX,全漢 U500-B,3990,全漢 FSP 機殼,5258.5,,,,,,,,,,,,,,,,,,,,,,,,,,,,42.0,500.0,E-ATX,False,False,黑,,,,,2026-10-10 06:01
case,｛聯力 A4-H2O 黑｝PCIe 5.0/顯卡長32.2/CPU高5.5/鋁合金/ITX【SFX】,聯力 A4-H2O 黑,4700,聯力工業 LIAN LI 機殼,5260.5,,,,,,,,,,,,,,,,,,,,,,,,,,,,32.2,5.5,ITX,True,False,黑,,,,,2026-10-10 06:01
case,｛聯力 A4-H2O 銀｝PCIe 5.0/顯卡長32.2/CPU高5.5/鋁合金/ITX【SFX】,聯力 A4-H2O 銀,4700,聯力工業 LIAN LI 機殼,5261.5,,,,,,,,,,,,,,,,,,,,,,,,,,,,32.2,5.5,ITX,True,False,黑,,,,,2026-10-10 06:01
case,｛聯力 A3-mATX 黑｝顯卡長41.5/CPU高16.5/3面網孔/含顯卡支架/M-ATX,聯力 A3-mATX 黑,1899,聯力工業 LIAN LI 機殼,5262.5,,,,,,,,,,,,,,,,,,,,,,,,,,,,41.5,16.5,M-ATX,False,False,黑,,,,,2026-10-10 06:01
case,｛聯力 A3-mATX 白｝顯卡長41.5/CPU高16.5/3面網孔/含顯卡支架/M-ATX,聯力 A3-mATX 白,1899,聯力工業 LIAN LI 機殼,5263.5,,,,,,,,,,,,,,,,,,,,,,,,,,,,41.5,16.5,M-ATX,False,False,白,,,,,2026-10-10 06:01
case,｛聯力 A3-mATX 實木黑｝顯卡長41.5/CPU高16.5/3面網孔/含顯卡支架/M-ATX,聯力 A3-mATX 實木黑,2369,聯力工業 LIAN LI 機殼,5264.5,,,,,,,,,,,,,,,,,,,,,,,,,,,,41.5,16.5,M-ATX,False,False,黑,,,,,2026-10-10 06:01
case,｛聯力 A3-mATX 實木白｝顯卡長41.5/CPU高16.5/3面網孔/含顯卡支架/M-ATX,聯力 A3-mATX 實木白,2369,聯力工業 LIAN LI 機殼,5265.5,,,,,,,,,,,,,,,,,,,,,,,,,,,,41.5,16.5,M-ATX,False,False,白,,,,,2026-10-10 06:01
case,｛聯力 B4 m-ATX 黑｝卡35.8/CPU高16.8/ATX電源(≦14cm)/雙向擺放/M-ATX【建議SFX】,聯力 B4 m-ATX 黑,1899,聯力工業 LIAN LI 機殼,5266.5,,,,,,,,,,,,,,,,,,,,,,,,,,,,35.8,16.8,M-ATX,False,False,黑,,,,,2026-10-10 06:01
case,｛聯力 B4 m-ATX 白｝卡35.8/CPU高16.8/ATX電源(≦14cm)/雙向擺放/M-ATX【建議SFX】,聯力 B4 m-ATX 白,1899,聯力工業 LIAN LI 機殼,5267.5,,,,,,,,,,,,,,,,,,,,,,,,,,,,35.8,16.8,M-ATX,False,False,白,,,,,2026-10-10 06:01
case,｛聯力 B4 m-ATX 實木黑｝卡35.8/U高16.8/ATX電源(≦14cm)/雙向擺放/M-ATX【建議SFX】,聯力 B4 m-ATX 實木黑,2369,聯力工業 LIAN LI 機殼,5268.5,,,,,,,,,,,,,,,,,,,,,,,,,,,,35.8,16.8,M-ATX,False,False,黑,,,,,2026-10-10 06:01
case,｛聯力 B4 m-ATX 實木白｝卡35.8/U高16.8/ATX電源(≦14cm)/雙向擺放/M-ATX【建議SFX】,聯力 B4 m-ATX 實木白,2369,聯力工業 LIAN LI 機殼,5269.5,,,,,,,,,,,,,,,,,,,,,,,,,,,,35.8,16.8,M-ATX,False,False,白,,,,,2026-10-10 06:01
case,"｛聯力 Vector V100R MINI｝顯卡41.5/U高16.3/全景玻璃/內建燈條,顯卡支架/背插/M-ATX",聯力 Vector V100R MINI,1590,聯力工業 LIAN LI 機殼,5270.5,,,,,,,,,,,,,,,,,,,,,,,,,,,,41.5,16.3,M-ATX,False,True,黑,,,,,2026-10-10 06:01
case,｛聯力 Vector V150 INF｝顯卡長40/CPU高16.3/玻璃開孔面板+透側/支援背插/M-ATX,聯力 Vector V150 INF,2499,聯力工業 LIAN LI 機殼,5275.5,,,,,,,,,,,,,,,,,,,,,,,,,,,,40.0,16.3,M-ATX,False,True,黑,,,,,2026-10-10 06:01
case,｛聯力 LANCOOL 216 RGB 黑｝顯卡長39.2/CPU高18/含磁吸前濾網/玻璃透側/E-ATX,聯力 LANCOOL 216 RGB 黑,2700,聯力工業 LIAN LI 機殼,5276.5,,,,,,,,,,,,,,,,,,,,,,,,,,,,39.2,18.0,E-ATX,False,True,黑,,,,,2026-10-10 06:01
case,｛聯力 LANCOOL 216 RGB 白｝顯卡長39.2/CPU高18/含磁吸前濾網/玻璃透側/E-ATX,聯力 LANCOOL 216 RGB 白,2900,聯力工業 LIAN LI 機殼,5277.5,,,,,,,,,,,,,,,,,,,,,,,,,,,,39.2,18.0,E-ATX,False,True,白,,,,,2026-10-10 06:01
case,｛聯力 LANCOOL 217 黑｝顯卡38/CPU高18/玻璃透側/木質裝飾/支援背插/E-ATX(EEB),聯力 LANCOOL 217 黑,3490,聯力工業 LIAN LI 機殼,5278.5,,,,,,,,,,,,,,,,,,,,,,,,,,,,38.0,18.0,E-ATX,False,True,黑,,,,,2026-10-10 06:01
case,｛聯力 LANCOOL 217 白｝顯卡38/CPU高18/玻璃透側/木質裝飾/支援背插/E-ATX(EEB),聯力 LANCOOL 217 白,3690,聯力工業 LIAN LI 機殼,5279.5,,,,,,,,,,,,,,,,,,,,,,,,,,,,38.0,18.0,E-ATX,False,True,白,,,,,2026-10-10 06:01
case,｛聯力 LANCOOL 217 INF 黑｝顯卡38/U高18/玻璃開孔面板+透側/支援背插/E-ATX(EEB),聯力 LANCOOL 217 INF 黑,3650,聯力工業 LIAN LI 機殼,5280.5,,,,,,,,,,,,,,,,,,,,,,,,,,,,38.0,18.0,E-ATX,False,True,黑,,,,,2026-10-10 06:01
case,｛聯力 LANCOOL 217 INF 白｝顯卡38/U高18/玻璃開孔面板+透側/支援背插/E-ATX(EEB),聯力 LANCOOL 217 INF 白,3850,聯力工業 LIAN LI 機殼,5281.5,,,,,,,,,,,,,,,,,,,,,,,,,,,,38.0,18.0,E-ATX,False,True,白,,,,,2026-10-10 06:01
case,｛聯力 LANCOOL II MESH RGB 純白版｝顯卡長38.4/CPU高17.6/雙玻璃透側/E-ATX,聯力 LANCOOL II MESH RGB 純白版,2390,聯力工業 LIAN LI 機殼,5282.5,,,,,,,,,,,,,,,,,,,,,,,,,,,,38.4,17.6,E-ATX,False,True,白,,,,,2026-10-10 06:01
case,｛聯力 O11 Vision-M 黑｝顯卡長41/CPU高16.2/三面全景玻璃/分艙設計/M-ATX,聯力 O11 Vision-M 黑,2499,聯力工業 LIAN LI 機殼,5283.5,,,,,,,,,,,,,,,,,,,,,,,,,,,,41.0,16.2,M-ATX,False,True,黑,,,,,2026-10-10 06:01
case,｛聯力 O11 Vision-M 白｝顯卡長41/CPU高16.2/三面全景玻璃/分艙設計/M-ATX,聯力 O11 Vision-M 白,2699,聯力工業 LIAN LI 機殼,5284.5,,,,,,,,,,,,,,,,,,,,,,,,,,,,41.0,16.2,M-ATX,False,True,白,,,,,2026-10-10 06:01
case,｛聯力 O11 Vision-M 數位版 黑｝顯卡41/U高16.2/9.2吋LCD/三面全景玻璃/分艙/M-ATX,聯力 O11 Vision-M 數位版 黑,4199,聯力工業 LIAN LI 機殼,5285.5,,,,,,,,,,,,,,,,,,,,,,,,,,,,41.0,16.2,M-ATX,False,True,黑,,,,,2026-10-10 06:01
case,｛聯力 O11 Vision-M 數位版 白｝顯卡41/U高16.2/9.2吋LCD/三面全景玻璃/分艙/M-ATX,聯力 O11 Vision-M 數位版 白,4399,聯力工業 LIAN LI 機殼,5286.5,,,,,,,,,,,,,,,,,,,,,,,,,,,,41.0,16.2,M-ATX,False,True,白,,,,,2026-10-10 06:01
case,｛聯力 O11 Vision Compact 黑｝卡40.8/U高16.4/雙頂蓋模式/全景玻璃/支援背插(限ATX),聯力 O11 Vision Compact 黑,3599,聯力工業 LIAN LI 機殼,5287.5,,,,,,,,,,,,,,,,,,,,,,,,,,,,40.8,16.4,ATX,False,True,黑,,,,,2026-10-10 06:01
case,｛聯力 O11 Vision Compact 白｝卡40.8/U高16.4/雙頂蓋模式/全景玻璃/支援背插(限ATX),聯力 O11 Vision Compact 白,3599,聯力工業 LIAN LI 機殼,5288.5,,,,,,,,,,,,,,,,,,,,,,,,,,,,40.8,16.4,ATX,False,True,白,,,,,2026-10-10 06:01
case,｛聯力 O11 Dynamic Mini V2 黑｝卡40/U高16/全景玻璃/無風扇/僅支援5slots/背插(限ATX),聯力 O11 Dynamic Mini V2 黑,2699,聯力工業 LIAN LI 機殼,5289.5,,,,,,,,,,,,,,,,,,,,,,,,,,,,40.0,16.0,ATX,False,True,黑,,,,,2026-10-10 06:01
case,｛聯力 O11 Dynamic Mini V2 白｝卡40/U高16/全景玻璃/無風扇/僅支援5slots/背插(限ATX),聯力 O11 Dynamic Mini V2 白,2699,聯力工業 LIAN LI 機殼,5290.5,,,,,,,,,,,,,,,,,,,,,,,,,,,,40.0,16.0,ATX,False,True,白,,,,,2026-10-10 06:01
case,｛聯力 O11 Dynamic Mini V2 Flow 黑｝卡40/U16/全景玻璃/5風扇/僅支援5slots/背插(限ATX),聯力 O11 Dynamic Mini V2 Flow 黑,2999,聯力工業 LIAN LI 機殼,5291.5,,,,,,,,,,,,,,,,,,,,,,,,,,,,40.0,16.0,ATX,False,True,黑,,,,,2026-10-10 06:01
case,｛聯力 O11 Dynamic Mini V2 Flow 白｝卡40/U16/全景玻璃/5風扇/僅支援5slots/背插(限ATX),聯力 O11 Dynamic Mini V2 Flow 白,2999,聯力工業 LIAN LI 機殼,5292.5,,,,,,,,,,,,,,,,,,,,,,,,,,,,40.0,16.0,ATX,False,True,白,,,,,2026-10-10 06:01
case,｛聯力 O11 Dynamic EVO RGB 黑｝顯卡45.5/U高16.7/頂底部L型燈條/全景玻璃/E-ATX,聯力 O11 Dynamic EVO RGB 黑,4800,聯力工業 LIAN LI 機殼,5293.5,,,,,,,,,,,,,,,,,,,,,,,,,,,,45.5,16.7,E-ATX,False,True,黑,,,,,2026-10-10 06:01
case,｛聯力 O11 Dynamic EVO RGB 白｝顯卡45.5/U高16.7/頂底部L型燈條/全景玻璃/E-ATX,聯力 O11 Dynamic EVO RGB 白,5100,聯力工業 LIAN LI 機殼,5294.5,,,,,,,,,,,,,,,,,,,,,,,,,,,,45.5,16.7,E-ATX,False,True,白,,,,,2026-10-10 06:01
case,｛聯力 O11 Dynamic EVO XL 黑｝顯卡46/CPU高16.7/雙向翻轉設計/玻璃透側/E-ATX,聯力 O11 Dynamic EVO XL 黑,7200,聯力工業 LIAN LI 機殼,5295.5,,,,,,,,,,,,,,,,,,,,,,,,,,,,46.0,16.7,E-ATX,False,True,黑,,,,,2026-10-10 06:01
case,｛聯力 O11 Dynamic EVO XL 白｝顯卡46/CPU高16.7/雙向翻轉設計/玻璃透側/E-ATX,聯力 O11 Dynamic EVO XL 白,7500,聯力工業 LIAN LI 機殼,5296.5,,,,,,,,,,,,,,,,,,,,,,,,,,,,46.0,16.7,E-ATX,False,True,白,,,,,2026-10-10 06:01
case,｛TRYX FLOVA F50 黑｝顯卡(36~42)/U高17/玻璃透側/布面織材/貫流風機/背插(限ATX),TRYX FLOVA F50 黑,5690,創氪星系 TRYX,5298.5,,,,,,,,,,,,,,,,,,,,,,,,,,,,36.0,17.0,ATX,False,True,黑,,,,,2026-10-10 06:01
case,｛TRYX FLOVA F50 白｝顯卡(36~42)/U高17/玻璃透側/布面織材/貫流風機/背插(限ATX),TRYX FLOVA F50 白,5690,創氪星系 TRYX,5299.5,,,,,,,,,,,,,,,,,,,,,,,,,,,,36.0,17.0,ATX,False,True,白,,,,,2026-10-10 06:01
case,｛TRYX FLOVA F50 粉｝顯卡長(36~42)/U高17/玻璃透側/布面織材/貫流風機/背插(限ATX),TRYX FLOVA F50 粉,5690,創氪星系 TRYX,5300.5,,,,,,,,,,,,,,,,,,,,,,,,,,,,36.0,17.0,ATX,False,True,黑,,,,,2026-10-10 06:01
case,｛TRYX LUCA L70 黑｝顯卡46/U高17/鋁合金框架/全景玻璃/支援背插/E-ATX【客訂】,TRYX LUCA L70 黑,7990,創氪星系 TRYX,5301.5,,,,,,,,,,,,,,,,,,,,,,,,,,,,46.0,17.0,E-ATX,False,True,黑,,,,,2026-10-10 06:01
case,｛TRYX LUCA L70 白｝顯卡46/U高17/鋁合金框架/全景玻璃/支援背插/E-ATX【客訂】,TRYX LUCA L70 白,7990,創氪星系 TRYX,5302.5,,,,,,,,,,,,,,,,,,,,,,,,,,,,46.0,17.0,E-ATX,False,True,白,,,,,2026-10-10 06:01
case,｛喬思伯 C6 黑｝顯卡長(20~25.5)/CPU高7.5/4面網孔/M-ATX,喬思伯 C6 黑,1190,喬思伯 JONSBO 機殼,5310.5,,,,,,,,,,,,,,,,,,,,,,,,,,,,20.0,7.5,M-ATX,False,False,黑,,,,,2026-10-10 06:01
case,｛喬思伯 C6 白｝顯卡長(20~25.5)/CPU高7.5/4面網孔/M-ATX,喬思伯 C6 白,1190,喬思伯 JONSBO 機殼,5311.5,,,,,,,,,,,,,,,,,,,,,,,,,,,,20.0,7.5,M-ATX,False,False,白,,,,,2026-10-10 06:01
case,｛喬思伯 C6 MAX 黑｝顯卡長(30~33.5)/CPU高17/玻璃透側/自帶提把/M-ATX,喬思伯 C6 MAX 黑,1490,喬思伯 JONSBO 機殼,5312.5,,,,,,,,,,,,,,,,,,,,,,,,,,,,30.0,17.0,M-ATX,False,True,黑,,,,,2026-10-10 06:01
case,｛喬思伯 C6 MAX 白｝顯卡長(30~33.5)/CPU高17/玻璃透側/自帶提把/M-ATX,喬思伯 C6 MAX 白,1490,喬思伯 JONSBO 機殼,5313.5,,,,,,,,,,,,,,,,,,,,,,,,,,,,30.0,17.0,M-ATX,False,True,白,,,,,2026-10-10 06:01
case,｛喬思伯 D31 Mesh 黑｝顯卡長(33~40)/CPU高16.8/玻璃透側/M-ATX,喬思伯 D31 Mesh 黑,1590,喬思伯 JONSBO 機殼,5314.5,,,,,,,,,,,,,,,,,,,,,,,,,,,,33.0,16.8,M-ATX,False,True,黑,,,,,2026-10-10 06:01
case,｛喬思伯 D31 Mesh 白｝顯卡長(33~40)/CPU高16.8/玻璃透側/M-ATX,喬思伯 D31 Mesh 白,1590,喬思伯 JONSBO 機殼,5315.5,,,,,,,,,,,,,,,,,,,,,,,,,,,,33.0,16.8,M-ATX,False,True,白,,,,,2026-10-10 06:01
case,｛喬思伯 D32 Pro Mesh 黑｝顯卡36.5/CPU高(16.3~16.9)/網孔側板/背插(B模式)/M-ATX,喬思伯 D32 Pro Mesh 黑,2190,喬思伯 JONSBO 機殼,5316.5,,,,,,,,,,,,,,,,,,,,,,,,,,,,36.5,16.3,M-ATX,False,False,黑,,,,,2026-10-10 06:01
case,｛喬思伯 D32 Pro Mesh 白｝顯卡36.5/CPU高(16.3~16.9)/網孔側板/背插(B模式)/M-ATX,喬思伯 D32 Pro Mesh 白,2190,喬思伯 JONSBO 機殼,5317.5,,,,,,,,,,,,,,,,,,,,,,,,,,,,36.5,16.3,M-ATX,False,False,白,,,,,2026-10-10 06:01
case,｛喬思伯 D32 Pro 黑｝顯卡36.5/CPU高(16.3~16.9)/玻璃透側/支援背插(B模式)/M-ATX,喬思伯 D32 Pro 黑,2190,喬思伯 JONSBO 機殼,5318.5,,,,,,,,,,,,,,,,,,,,,,,,,,,,36.5,16.3,M-ATX,False,True,黑,,,,,2026-10-10 06:01
case,｛喬思伯 D32 Pro 白｝顯卡36.5/CPU高(16.3~16.9)/玻璃透側/支援背插(B模式)/M-ATX,喬思伯 D32 Pro 白,2190,喬思伯 JONSBO 機殼,5319.5,,,,,,,,,,,,,,,,,,,,,,,,,,,,36.5,16.3,M-ATX,False,True,白,,,,,2026-10-10 06:01
case,｛喬思伯 D33 WOOD 黑｝顯卡長43.5/CPU高17.2/玻璃透側/支援背插/M-ATX,喬思伯 D33 WOOD 黑,3190,喬思伯 JONSBO 機殼,5320.5,,,,,,,,,,,,,,,,,,,,,,,,,,,,43.5,17.2,M-ATX,False,True,黑,,,,,2026-10-10 06:01
case,｛喬思伯 D33 WOOD 白｝顯卡長43.5/CPU高17.2/玻璃透側/支援背插/M-ATX,喬思伯 D33 WOOD 白,3190,喬思伯 JONSBO 機殼,5321.5,,,,,,,,,,,,,,,,,,,,,,,,,,,,43.5,17.2,M-ATX,False,True,白,,,,,2026-10-10 06:01
case,｛喬思伯 D34 黑｝顯卡長33.3/CPU高16.5/全景玻璃透側/支援背插/監控面板/M-ATX,喬思伯 D34 黑,3290,喬思伯 JONSBO 機殼,5322.5,,,,,,,,,,,,,,,,,,,,,,,,,,,,33.3,16.5,M-ATX,False,True,黑,,,,,2026-10-10 06:01
case,｛喬思伯 D34 白｝顯卡長33.3/CPU高16.5/全景玻璃透側/支援背插/監控面板/M-ATX,喬思伯 D34 白,3290,喬思伯 JONSBO 機殼,5323.5,,,,,,,,,,,,,,,,,,,,,,,,,,,,33.3,16.5,M-ATX,False,True,白,,,,,2026-10-10 06:01
case,｛喬思伯 Z20 黑｝顯卡長36.3/CPU高16.3/玻璃透側/M-ATX【建議SFX】,喬思伯 Z20 黑,2690,喬思伯 JONSBO 機殼,5324.5,,,,,,,,,,,,,,,,,,,,,,,,,,,,36.3,16.3,M-ATX,False,True,黑,,,,,2026-10-10 06:01
case,｛喬思伯 Z20 白｝顯卡長36.3/CPU高16.3/玻璃透側/M-ATX【建議SFX】,喬思伯 Z20 白,2690,喬思伯 JONSBO 機殼,5325.5,,,,,,,,,,,,,,,,,,,,,,,,,,,,36.3,16.3,M-ATX,False,True,白,,,,,2026-10-10 06:01
case,｛喬思伯 Z20 拼色版 黑橘｝顯卡長36.3/CPU高16.3/玻璃透側/M-ATX【建議SFX】,喬思伯 Z20 拼色版 黑橘,2690,喬思伯 JONSBO 機殼,5326.5,,,,,,,,,,,,,,,,,,,,,,,,,,,,36.3,16.3,M-ATX,False,True,黑,,,,,2026-10-10 06:01
case,｛喬思伯 Z20 拼色版 白粉｝顯卡長36.3/CPU高16.3/玻璃透側/M-ATX【建議SFX】,喬思伯 Z20 拼色版 白粉,2990,喬思伯 JONSBO 機殼,5327.5,,,,,,,,,,,,,,,,,,,,,,,,,,,,36.3,16.3,M-ATX,False,True,白,,,,,2026-10-10 06:01
case,｛喬思伯 D200 黑｝顯卡長41/CPU高17.1/全景曲面玻璃/面板溫度顯示/M-ATX,喬思伯 D200 黑,1990,喬思伯 JONSBO 機殼,5328.5,,,,,,,,,,,,,,,,,,,,,,,,,,,,41.0,17.1,M-ATX,False,True,黑,,,,,2026-10-10 06:01
case,｛喬思伯 D200 白｝顯卡長41/CPU高17.1/全景曲面玻璃/面板溫度顯示/M-ATX,喬思伯 D200 白,1990,喬思伯 JONSBO 機殼,5329.5,,,,,,,,,,,,,,,,,,,,,,,,,,,,41.0,17.1,M-ATX,False,True,白,,,,,2026-10-10 06:01
case,｛喬思伯 D300(TW) 黑｝顯卡長43/U高18/SL-120風扇*4/全景曲面玻璃/支援背插/M-ATX,喬思伯 D300(TW) 黑,2690,喬思伯 JONSBO 機殼,5330.5,,,,,,,,,,,,,,,,,,,,,,,,,,,,43.0,18.0,M-ATX,False,True,黑,,,,,2026-10-10 06:01
case,｛喬思伯 D300(TW) 白｝顯卡長43/U高18/SL-120風扇*4/全景曲面玻璃/支援背插/M-ATX,喬思伯 D300(TW) 白,2690,喬思伯 JONSBO 機殼,5331.5,,,,,,,,,,,,,,,,,,,,,,,,,,,,43.0,18.0,M-ATX,False,True,白,,,,,2026-10-10 06:01
case,｛喬思伯 D400(TW) 黑｝顯卡45/CPU高16.9/SL-120風扇*4/全景曲面玻璃/支援背插/ATX,喬思伯 D400(TW) 黑,2990,喬思伯 JONSBO 機殼,5332.5,,,,,,,,,,,,,,,,,,,,,,,,,,,,45.0,16.9,ATX,False,True,黑,,,,,2026-10-10 06:01
case,｛喬思伯 D400(TW) 白｝顯卡45/CPU高16.9/SL-120風扇*4/全景曲面玻璃/支援背插/ATX,喬思伯 D400(TW) 白,2990,喬思伯 JONSBO 機殼,5333.5,,,,,,,,,,,,,,,,,,,,,,,,,,,,45.0,16.9,ATX,False,True,白,,,,,2026-10-10 06:01
case,｛喬思伯 TK-0 黑｝顯卡長23/CPU高13.7/雙折彎環形玻璃/胡桃木面板/ITX【SFX】,喬思伯 TK-0 黑,3690,喬思伯 JONSBO 機殼,5334.5,,,,,,,,,,,,,,,,,,,,,,,,,,,,23.0,13.7,ITX,True,True,黑,,,,,2026-10-10 06:01
case,｛喬思伯 TK-0 白｝顯卡長23/CPU高13.7/雙折彎環形玻璃/胡桃木面板/ITX【SFX】,喬思伯 TK-0 白,3690,喬思伯 JONSBO 機殼,5335.5,,,,,,,,,,,,,,,,,,,,,,,,,,,,23.0,13.7,ITX,True,True,白,,,,,2026-10-10 06:01
case,｛喬思伯 TK-1 黑｝顯卡長28/CPU高16.5/雙折彎環形玻璃/支援背插/M-ATX,喬思伯 TK-1 黑,3990,喬思伯 JONSBO 機殼,5336.5,,,,,,,,,,,,,,,,,,,,,,,,,,,,28.0,16.5,M-ATX,False,True,黑,,,,,2026-10-10 06:01
case,｛喬思伯 TK-1 白｝顯卡長28/CPU高16.5/雙折彎環形玻璃/支援背插/M-ATX,喬思伯 TK-1 白,3990,喬思伯 JONSBO 機殼,5337.5,,,,,,,,,,,,,,,,,,,,,,,,,,,,28.0,16.5,M-ATX,False,True,白,,,,,2026-10-10 06:01
case,｛喬思伯 TK-2 V2 黑｝顯卡長40.5/CPU高16.5/雙折彎環形玻璃/ATX,喬思伯 TK-2 V2 黑,4190,喬思伯 JONSBO 機殼,5338.5,,,,,,,,,,,,,,,,,,,,,,,,,,,,40.5,16.5,ATX,False,True,黑,,,,,2026-10-10 06:01
case,｛喬思伯 TK-2 V2 白｝顯卡長40.5/CPU高16.5/雙折彎環形玻璃/ATX,喬思伯 TK-2 V2 白,4190,喬思伯 JONSBO 機殼,5339.5,,,,,,,,,,,,,,,,,,,,,,,,,,,,40.5,16.5,ATX,False,True,白,,,,,2026-10-10 06:01
case,｛喬思伯 TK-3(TW) 黑｝顯卡長42/U高16.5/SL-120風扇*4/全景曲面玻璃/分艙設計/ATX,喬思伯 TK-3(TW) 黑,2990,喬思伯 JONSBO 機殼,5340.5,,,,,,,,,,,,,,,,,,,,,,,,,,,,42.0,16.5,ATX,False,True,黑,,,,,2026-10-10 06:01
case,｛喬思伯 TK-5 黑｝顯卡長46/CPU高18/雙折彎環形玻璃/支援背插/ATX,喬思伯 TK-5 黑,3990,喬思伯 JONSBO 機殼,5342.5,,,,,,,,,,,,,,,,,,,,,,,,,,,,46.0,18.0,ATX,False,True,黑,,,,,2026-10-10 06:01
case,｛喬思伯 TK-5 白｝顯卡長46/CPU高18/雙折彎環形玻璃/支援背插/ATX,喬思伯 TK-5 白,3690,喬思伯 JONSBO 機殼,5343.5,,,,,,,,,,,,,,,,,,,,,,,,,,,,46.0,18.0,ATX,False,True,白,,,,,2026-10-10 06:01
case,｛喬思伯 T9 黑｝顯卡長31/CPU高(5.8~7.8)/PCIe5.0線/胡桃木底座/鋁合金外殼/ITX【SFX】,喬思伯 T9 黑,5490,喬思伯 JONSBO 機殼,5344.5,,,,,,,,,,,,,,,,,,,,,,,,,,,,31.0,5.8,ITX,True,False,黑,,,,,2026-10-10 06:01
case,｛喬思伯 T9 銀｝顯卡長31/CPU高(5.8~7.8)/PCIe5.0線/胡桃木底座/鋁合金外殼/ITX【SFX】,喬思伯 T9 銀,5490,喬思伯 JONSBO 機殼,5345.5,,,,,,,,,,,,,,,,,,,,,,,,,,,,31.0,5.8,ITX,True,False,黑,,,,,2026-10-10 06:01
case,｛喬思伯 V12 黑｝顯卡長26/CPU高14/全景曲面玻璃上蓋/胡桃木飾板/分艙設計/M-ATX,喬思伯 V12 黑,3990,喬思伯 JONSBO 機殼,5346.5,,,,,,,,,,,,,,,,,,,,,,,,,,,,26.0,14.0,M-ATX,False,True,黑,,,,,2026-10-10 06:01
case,｛喬思伯 V12 白｝顯卡長26/CPU高14/全景曲面玻璃上蓋/胡桃木飾板/分艙設計/M-ATX,喬思伯 V12 白,3990,喬思伯 JONSBO 機殼,5347.5,,,,,,,,,,,,,,,,,,,,,,,,,,,,26.0,14.0,M-ATX,False,True,白,,,,,2026-10-10 06:01
case,｛喬思伯 X400 鈦灰｝顯卡長42.7/CPU高17.6/全景玻璃透側/分艙設計/支援背插/ATX,喬思伯 X400 鈦灰,3990,喬思伯 JONSBO 機殼,5348.5,,,,,,,,,,,,,,,,,,,,,,,,,,,,42.7,17.6,ATX,False,True,黑,,,,,2026-10-10 06:01
case,｛喬思伯 X400 銀白｝顯卡長42.7/CPU高17.6/全景玻璃透側/分艙設計/支援背插/ATX,喬思伯 X400 銀白,3990,喬思伯 JONSBO 機殼,5349.5,,,,,,,,,,,,,,,,,,,,,,,,,,,,42.7,17.6,ATX,False,True,白,,,,,2026-10-10 06:01
psu,｛XPG CORE REACTOR II VE 750W｝雙8/金牌/全模/ATX3.1(PCIe 5.1)/7年保 原價$3190,XPG CORE REACTOR II VE 750W,2790,特價 or 活動專區,5353.5,,,,,,,,,,,,,,,,,,,,,,,750,金牌,False,True,全模,,,,,,黑,,,,,2026-10-10 06:01
psu,｛XPG CORE REACTOR II VE 850W｝雙8/金牌/全模/ATX3.1(PCIe 5.1)/7年保 原價$3490,XPG CORE REACTOR II VE 850W,3190,特價 or 活動專區,5355.5,,,,,,,,,,,,,,,,,,,,,,,850,金牌,False,True,全模,,,,,,黑,,,,,2026-10-10 06:01
psu,｛COUGAR ATLAS 750W｝雙8/銅牌/ATX3.1(PCIe 5.1)/主日系/5年保 原價$2090！,COUGAR ATLAS 750W,1790,特價 or 活動專區,5356.5,,,,,,,,,,,,,,,,,,,,,,,750,銅牌,False,True,直出,,,,,,黑,,,,,2026-10-10 06:01
psu,｛COUGAR GR 750W｝雙8/金牌/全模組/ATX3.1(PCIe 5.1)/主日系/5年保 原價$2990！,COUGAR GR 750W,2590,特價 or 活動專區,5357.5,,,,,,,,,,,,,,,,,,,,,,,750,金牌,False,True,全模,,,,,,黑,,,,,2026-10-10 06:01
psu,｛COUGAR GR 850W｝雙8/金牌/全模組/ATX3.1(PCIe 5.1)/主日系/5年保 原價$3290！,COUGAR GR 850W,2890,特價 or 活動專區,5358.5,,,,,,,,,,,,,,,,,,,,,,,850,金牌,False,True,全模,,,,,,黑,,,,,2026-10-10 06:01
psu,｛台達 超實在 1100W｝雙8/白金/全模組/ATX3.0(PCIe 5.0)/10年保 原價$6990！,台達 超實在 1100W,5390,特價 or 活動專區,5359.5,,,,,,,,,,,,,,,,,,,,,,,1100,白金,False,True,全模,,,,,,白,,,,,2026-10-10 06:01
psu,｛Apexgaming GTR-750MW(750W) 白色｝雙8/金牌/全模/ATX3.0(PCIe 5.0)/10年 原價$2790,Apexgaming GTR-750MW(750W) 白色,2490,特價 or 活動專區,5360.5,,,,,,,,,,,,,,,,,,,,,,,750,金牌,False,True,全模,,,,,,白,,,,,2026-10-10 06:01
psu,｛Apexgaming GTR-850MW(850W) 白色｝雙8/金牌/全模/ATX3.0(PCIe 5.0)/10年 原價$3090,Apexgaming GTR-850MW(850W) 白色,2790,特價 or 活動專區,5361.5,,,,,,,,,,,,,,,,,,,,,,,850,金牌,False,True,全模,,,,,,白,,,,,2026-10-10 06:01
psu,｛Apexgaming GTR Plus-1000M(1000W)｝雙8/白金/全模/ATX3.1(PCIe 5.1)/10年 原價$5590,Apexgaming GTR Plus-1000M(1000W),3390,特價 or 活動專區,5362.5,,,,,,,,,,,,,,,,,,,,,,,1000,白金,False,True,全模,,,,,,白,,,,,2026-10-10 06:01
psu,｛Apexgaming GTR Plus-1000MW(1000W) 白色｝白金/全模/ATX3.1(PCIe 5.1)10年 原價$5790,Apexgaming GTR Plus-1000MW(1000W) 白色,3590,特價 or 活動專區,5363.5,,,,,,,,,,,,,,,,,,,,,,,1000,白金,False,True,全模,,,,,,白,,,,,2026-10-10 06:01
psu,｛華碩 ROG LOKI 750W｝雙8/白金/ATX3.0(PCIe 5.0)/ARGB風扇/10年保【SFX-L規格】,華碩 ROG LOKI 750W,5990,特規 SFX SFX-L 電源供應器,5367.5,,,,,,,,,,,,,,,,,,,,,,,750,白金,True,True,直出,,,,,,白,,,,,2026-10-10 06:01
psu,｛華碩 ROG LOKI 850W｝雙8/白金/ATX3.0(PCIe 5.0)/ARGB風扇/10年保【SFX-L規格】,華碩 ROG LOKI 850W,6990,特規 SFX SFX-L 電源供應器,5368.5,,,,,,,,,,,,,,,,,,,,,,,850,白金,True,True,直出,,,,,,白,,,,,2026-10-10 06:01
psu,｛華碩 ROG LOKI 850W 白色版｝雙8/白金/ATX3.0(PCIe 5.0)/ARGB/10年保【SFX-L規格】,華碩 ROG LOKI 850W 白色版,7490,特規 SFX SFX-L 電源供應器,5369.5,,,,,,,,,,,,,,,,,,,,,,,850,白金,True,True,直出,,,,,,白,,,,,2026-10-10 06:01
psu,｛華碩 ROG LOKI 1000W｝雙8/白金/ATX3.0(PCIe 5.0)/ARGB風扇/10年保【SFX-L規格】,華碩 ROG LOKI 1000W,8490,特規 SFX SFX-L 電源供應器,5370.5,,,,,,,,,,,,,,,,,,,,,,,1000,白金,True,True,直出,,,,,,白,,,,,2026-10-10 06:01
psu,｛華碩 ROG LOKI 1200W｝雙8/鈦金/ATX3.1(PCIe 5.0)/ARGB風扇/10年保【SFX-L規格】,華碩 ROG LOKI 1200W,9990,特規 SFX SFX-L 電源供應器,5371.5,,,,,,,,,,,,,,,,,,,,,,,1200,鈦金,True,True,直出,,,,,,黑,,,,,2026-10-10 06:01
psu,｛Apexgaming KR-750M(750W)｝雙8/白金/全模/ATX3.0(PCIe 5.0)/全日系/10年【SFX】,Apexgaming KR-750M(750W),3590,特規 SFX SFX-L 電源供應器,5372.5,,,,,,,,,,,,,,,,,,,,,,,750,白金,True,True,全模,,,,,,白,,,,,2026-10-10 06:01
psu,｛Apexgaming KR-850MW(850W) 白色｝雙8/白金/全模/ATX3.0(PCIe 5.0)/10年【SFX】,Apexgaming KR-850MW(850W) 白色,4490,特規 SFX SFX-L 電源供應器,5373.5,,,,,,,,,,,,,,,,,,,,,,,850,白金,True,True,全模,,,,,,白,,,,,2026-10-10 06:01
psu,｛全漢 金鋼彈 650W｝雙8/金牌/全模/全日系/DC-DC/10年保固【SFX規格】,全漢 金鋼彈 650W,3290,特規 SFX SFX-L 電源供應器,5374.5,,,,,,,,,,,,,,,,,,,,,,,650,金牌,True,False,全模,,,,,,黑,,,,,2026-10-10 06:01
psu,｛全漢 金鋼彈 750W ATX3.1(PCIe 5.1)｝雙8/金牌/全模/主日系/10年保【SFX規格】,全漢 金鋼彈 750W ATX3.1(PCIe 5.1),3990,特規 SFX SFX-L 電源供應器,5375.5,,,,,,,,,,,,,,,,,,,,,,,750,金牌,True,True,全模,,,,,,黑,,,,,2026-10-10 06:01
psu,｛全漢 金鋼彈 850W ATX3.1(PCIe 5.1)｝雙8/金牌/全模/主日系/10年保【SFX規格】,全漢 金鋼彈 850W ATX3.1(PCIe 5.1),4990,特規 SFX SFX-L 電源供應器,5376.5,,,,,,,,,,,,,,,,,,,,,,,850,金牌,True,True,全模,,,,,,黑,,,,,2026-10-10 06:01
psu,｛全漢 金鋼彈 850W ATX3.0(PCIe 5.0) 白色｝雙8/金牌/全模/主日系/10年保【SFX規格】,全漢 金鋼彈 850W ATX3.0(PCIe 5.0) 白色,4590,特規 SFX SFX-L 電源供應器,5377.5,,,,,,,,,,,,,,,,,,,,,,,850,金牌,True,True,全模,,,,,,白,,,,,2026-10-10 06:01
psu,｛全漢 DAGGER PM 1200W(MIT)｝雙8/白金/全模/ATX3.1(PCIe 5.1)/主日系/10年【SFX-L】,全漢 DAGGER PM 1200W(MIT),7990,特規 SFX SFX-L 電源供應器,0.5378,,,,,,,,,,,,,,,,,,,,,,,1200,白金,True,True,全模,,,,,,白,,,,,2026-10-10 06:01
psu,｛銀欣 ST30SF 300W｝銅牌/直出線/5年保 (ST30SF.V2.0)【SFX規格】,銀欣 ST30SF 300W,1790,特規 SFX SFX-L 電源供應器,5379.5,,,,,,,,,,,,,,,,,,,,,,,300,銅牌,True,False,直出,,,,,,黑,,,,,2026-10-10 06:01
psu,｛銀欣 ST45SF 450W｝銅牌/直出線/5年保 (ST45SF.V3.0)【SFX規格】,銀欣 ST45SF 450W,2190,特規 SFX SFX-L 電源供應器,5380.5,,,,,,,,,,,,,,,,,,,,,,,450,銅牌,True,False,直出,,,,,,黑,,,,,2026-10-10 06:01
psu,｛銀欣 Extreme 550Rz(550W) Gold｝雙8/金牌/全模組/主日系/ATX3.1/5年保【SFX規格】,銀欣 Extreme 550Rz(550W) Gold,2490,特規 SFX SFX-L 電源供應器,5381.5,,,,,,,,,,,,,,,,,,,,,,,550,金牌,True,True,全模,,,,,,黑,,,,,2026-10-10 06:01
psu,｛銀欣 Extreme 650Rz(650W) Gold｝雙8/金牌/全模組/主日系/ATX3.1/5年保【SFX規格】,銀欣 Extreme 650Rz(650W) Gold,2790,特規 SFX SFX-L 電源供應器,5382.5,,,,,,,,,,,,,,,,,,,,,,,650,金牌,True,True,全模,,,,,,黑,,,,,2026-10-10 06:01
psu,｛酷碼 V SFX GOLD 850W ATX3.1 黑色｝雙8/金牌/全模組(PCIe 5.1)/10年【SFX規格】,酷碼 V SFX GOLD 850W ATX3.1 黑色,4690,特規 SFX SFX-L 電源供應器,5383.5,,,,,,,,,,,,,,,,,,,,,,,850,金牌,True,True,全模,,,,,,黑,,,,,2026-10-10 06:01
psu,｛酷碼 V SFX GOLD 850W ATX3.1 白色｝雙8/金牌/全模組(PCIe 5.1)/10年【SFX規格】,酷碼 V SFX GOLD 850W ATX3.1 白色,4690,特規 SFX SFX-L 電源供應器,5384.5,,,,,,,,,,,,,,,,,,,,,,,850,金牌,True,True,全模,,,,,,白,,,,,2026-10-10 06:01
psu,｛華碩 ROG LOKI 750W｝雙8/白金/ATX3.0(PCIe 5.0)/ARGB風扇/10年保【SFX-L規格】,華碩 ROG LOKI 750W,5990,華碩 ASUS【0800到府收送】,5387.5,,,,,,,,,,,,,,,,,,,,,,,750,白金,True,True,直出,,,,,,白,,,,,2026-10-10 06:01
psu,｛華碩 ROG LOKI 850W｝雙8/白金/ATX3.0(PCIe 5.0)/ARGB風扇/10年保【SFX-L規格】,華碩 ROG LOKI 850W,6990,華碩 ASUS【0800到府收送】,5388.5,,,,,,,,,,,,,,,,,,,,,,,850,白金,True,True,直出,,,,,,白,,,,,2026-10-10 06:01
psu,｛華碩 ROG LOKI 850W 白色版｝雙8/白金/ATX3.0(PCIe 5.0)/ARGB/10年保【SFX-L規格】,華碩 ROG LOKI 850W 白色版,7490,華碩 ASUS【0800到府收送】,5389.5,,,,,,,,,,,,,,,,,,,,,,,850,白金,True,True,直出,,,,,,白,,,,,2026-10-10 06:01
psu,｛華碩 ROG LOKI 1000W｝雙8/白金/ATX3.0(PCIe 5.0)/ARGB風扇/10年保【SFX-L規格】,華碩 ROG LOKI 1000W,8490,華碩 ASUS【0800到府收送】,5390.5,,,,,,,,,,,,,,,,,,,,,,,1000,白金,True,True,直出,,,,,,白,,,,,2026-10-10 06:01
psu,｛華碩 ROG LOKI 1200W｝雙8/鈦金/ATX3.1(PCIe 5.0)/ARGB風扇/10年保【SFX-L規格】,華碩 ROG LOKI 1200W,9990,華碩 ASUS【0800到府收送】,5391.5,,,,,,,,,,,,,,,,,,,,,,,1200,鈦金,True,True,直出,,,,,,黑,,,,,2026-10-10 06:01
psu,｛華碩 PRIME 750W 銅牌 白色版｝雙8/直出線/雙滾珠風扇/壓紋線材/6年保,華碩 PRIME 750W 銅牌 白色版,2390,華碩 ASUS【0800到府收送】,5392.5,,,,,,,,,,,,,,,,,,,,,,,750,銅牌,False,False,直出,,,,,,白,,,,,2026-10-10 06:01
psu,｛華碩 TUF GAMING 650W EVO｝銅牌/全模組/ATX3.1/防潮塗層/6年保,華碩 TUF GAMING 650W EVO,1990,華碩 ASUS【0800到府收送】,5393.5,,,,,,,,,,,,,,,,,,,,,,,650,銅牌,False,True,全模,,,,,,黑,,,,,2026-10-10 06:01
psu,｛華碩 TUF GAMING 750W EVO｝雙8/銅牌/全模組/ATX3.1/防潮塗層/6年保,華碩 TUF GAMING 750W EVO,2390,華碩 ASUS【0800到府收送】,5394.5,,,,,,,,,,,,,,,,,,,,,,,750,銅牌,False,True,全模,,,,,,黑,,,,,2026-10-10 06:01
psu,｛華碩 TUF GAMING 650W Gold EVO｝雙8/金牌/全模組/ATX3.1(PCIe 5.1)/8年保,華碩 TUF GAMING 650W Gold EVO,2790,華碩 ASUS【0800到府收送】,5395.5,,,,,,,,,,,,,,,,,,,,,,,650,金牌,False,True,全模,,,,,,黑,,,,,2026-10-10 06:01
psu,｛華碩 TUF GAMING 750W Gold EVO｝雙8/金牌/全模組/ATX3.1(PCIe 5.1)/8年保,華碩 TUF GAMING 750W Gold EVO,3090,華碩 ASUS【0800到府收送】,5396.5,,,,,,,,,,,,,,,,,,,,,,,750,金牌,False,True,全模,,,,,,黑,,,,,2026-10-10 06:01
psu,｛華碩 TUF GAMING 850W Gold EVO｝雙8/金牌/全模組/ATX3.1(PCIe 5.1)/8年保,華碩 TUF GAMING 850W Gold EVO,3490,華碩 ASUS【0800到府收送】,5397.5,,,,,,,,,,,,,,,,,,,,,,,850,金牌,False,True,全模,,,,,,黑,,,,,2026-10-10 06:01
psu,｛華碩 TUF GAMING 850W Gold EVO 白色版｝雙8/金牌/全模組/ATX3.1(PCIe 5.1)/8年保,華碩 TUF GAMING 850W Gold EVO 白色版,3590,華碩 ASUS【0800到府收送】,5398.5,,,,,,,,,,,,,,,,,,,,,,,850,金牌,False,True,全模,,,,,,白,,,,,2026-10-10 06:01
psu,｛華碩 TUF GAMING 1000W Gold EVO｝雙8/金牌/全模組/ATX3.1(PCIe 5.1)/8年保,華碩 TUF GAMING 1000W Gold EVO,4390,華碩 ASUS【0800到府收送】,5399.5,,,,,,,,,,,,,,,,,,,,,,,1000,金牌,False,True,全模,,,,,,黑,,,,,2026-10-10 06:01
psu,｛華碩 TUF GAMING 1200W Gold EVO｝雙8/金牌/全模組/ATX3.1(PCIe 5.1)/8年保,華碩 TUF GAMING 1200W Gold EVO,4990,華碩 ASUS【0800到府收送】,5400.5,,,,,,,,,,,,,,,,,,,,,,,1200,金牌,False,True,全模,,,,,,黑,,,,,2026-10-10 06:01
psu,｛華碩 TUF GAMING 1000W Gold｝雙8/金牌/全模組/ATX3.0(PCIe 5.0)/防潮塗層/10年保,華碩 TUF GAMING 1000W Gold,4590,華碩 ASUS【0800到府收送】,5401.5,,,,,,,,,,,,,,,,,,,,,,,1000,金牌,False,True,全模,,,,,,黑,,,,,2026-10-10 06:01
psu,｛華碩 TUF GAMING 850W 白金｝全模組/ATX3.1(PCIe 5.1)/8年 送 Herculx 顯卡支架(黑)▼下殺到 10/31 20:00,華碩 TUF GAMING 850W 白金,4390,華碩 ASUS【0800到府收送】,5402.5,,,,,,,,,,,,,,,,,,,,,,,850,白金,False,True,全模,,,,,,白,,,,,2026-10-10 06:01
psu,｛華碩 TUF GAMING 1000W 白金｝全模組/ATX3.1(PCIe 5.1)/8年 送 Herculx 顯卡支架(黑)▼下殺到 10/31 20:00,華碩 TUF GAMING 1000W 白金,4990,華碩 ASUS【0800到府收送】,5403.5,,,,,,,,,,,,,,,,,,,,,,,1000,白金,False,True,全模,,,,,,白,,,,,2026-10-10 06:01
psu,｛華碩 TUF GAMING 1200W 白金｝全模組/ATX3.1(PCIe 5.1)/8年 送 Herculx 顯卡支架(黑)▼下殺到 10/31 20:00,華碩 TUF GAMING 1200W 白金,5990,華碩 ASUS【0800到府收送】,5404.5,,,,,,,,,,,,,,,,,,,,,,,1200,白金,False,True,全模,,,,,,白,,,,,2026-10-10 06:01
psu,｛華碩 ROG STRIX 1000W 白金(Equalizer｝全模/ATX3.1(PCIe 5.1) 送 ESD-T1W外接盒▼下殺到 10/31 20:00,華碩 ROG STRIX 1000W 白金(Equalizer,6490,華碩 ASUS【0800到府收送】,5405.5,,,,,,,,,,,,,,,,,,,,,,,1000,白金,False,True,全模,,,,,,白,,,,,2026-10-10 06:01
psu,｛華碩 ROG STRIX 1000W(白色) 白金(Equalizer｝全模/ATX3.1(PCIe 5.1) 送 ESD-T1W外接盒▼下殺到 10/31 20:00,華碩 ROG STRIX 1000W(白色) 白金(Equalizer,6590,華碩 ASUS【0800到府收送】,5406.5,,,,,,,,,,,,,,,,,,,,,,,1000,白金,False,True,全模,,,,,,白,,,,,2026-10-10 06:01
psu,｛華碩 ROG STRIX 1200W 白金(Equalizer｝全模/ATX3.1(PCIe 5.1) 送 ESD-T1W外接盒▼下殺到 10/31 20:00,華碩 ROG STRIX 1200W 白金(Equalizer,7490,華碩 ASUS【0800到府收送】,5407.5,,,,,,,,,,,,,,,,,,,,,,,1200,白金,False,True,全模,,,,,,白,,,,,2026-10-10 06:01
psu,｛華碩 ROG THOR III 1000W｝雙8/白金/全模組/OLED監控/ATX3.1(PCIe 5.1)/10年保,華碩 ROG THOR III 1000W,10490,華碩 ASUS【0800到府收送】,5409.5,,,,,,,,,,,,,,,,,,,,,,,1000,白金,False,True,全模,,,,,,白,,,,,2026-10-10 06:01
psu,｛華碩 ROG THOR III 1200W 白金 ROG Equalizer｝全模/OLED監控/ATX3.1(PCIe 5.1)/10年,華碩 ROG THOR III 1200W 白金 ROG Equalizer,13990,華碩 ASUS【0800到府收送】,5412.5,,,,,,,,,,,,,,,,,,,,,,,1200,白金,False,True,全模,,,,,,白,,,,,2026-10-10 06:01
psu,｛華碩 ROG THOR III 1200W(白色) 白金 ROG Equalizer｝全模/ATX3.1(PCIe 5.1)/10年,華碩 ROG THOR III 1200W(白色) 白金 ROG Equalizer,14590,華碩 ASUS【0800到府收送】,5413.5,,,,,,,,,,,,,,,,,,,,,,,1200,白金,False,True,全模,,,,,,白,,,,,2026-10-10 06:01
psu,｛華碩 ROG THOR III EVO 1600W｝鈦金/全模/OLED/ATX3.1(雙PCie 5.1/Equalizer線)10年,華碩 ROG THOR III EVO 1600W,23990,華碩 ASUS【0800到府收送】,5414.5,,,,,,,,,,,,,,,,,,,,,,,1600,鈦金,False,True,全模,,,,,,黑,,,,,2026-10-10 06:01
psu,｛華碩 Pro WS 2200W｝雙8/白金/全模組/ATX3.1(4*PCIe 5.1)/10年保(限220V T型插座),華碩 Pro WS 2200W,19990,華碩 ASUS【0800到府收送】,5415.5,,,,,,,,,,,,,,,,,,,,,,,2200,白金,False,True,全模,,,,,,白,,,,,2026-10-10 06:01
psu,｛華碩 Pro WS 3000W｝雙8/白金/全模組/ATX3.1(4*PCIe 5.1)/10年保(限220V T型插座),華碩 Pro WS 3000W,29990,華碩 ASUS【0800到府收送】,5416.5,,,,,,,,,,,,,,,,,,,,,,,3000,白金,False,True,全模,,,,,,白,,,,,2026-10-10 06:01
psu,｛海韻 S12III-500W｝銅牌/智慧溫控風扇/5年保,海韻 S12III-500W,1550,海韻 Seasonic,5419.5,,,,,,,,,,,,,,,,,,,,,,,500,銅牌,False,False,直出,,,,,,黑,,,,,2026-10-10 06:01
psu,｛海韻 S12III-550W｝銅牌/智慧溫控風扇/5年保,海韻 S12III-550W,1690,海韻 Seasonic,5420.5,,,,,,,,,,,,,,,,,,,,,,,550,銅牌,False,False,直出,,,,,,黑,,,,,2026-10-10 06:01
psu,｛海韻 S12III-650W｝銅牌/智慧溫控風扇/5年保,海韻 S12III-650W,1850,海韻 Seasonic,5421.5,,,,,,,,,,,,,,,,,,,,,,,650,銅牌,False,False,直出,,,,,,黑,,,,,2026-10-10 06:01
psu,｛海韻 CORE GX-650 ATX3(650W)｝雙8/金牌/全模組/ATX3.1(PCIe 5.1)/10年保,海韻 CORE GX-650 ATX3(650W),2990,海韻 Seasonic,5424.5,,,,,,,,,,,,,,,,,,,,,,,650,金牌,False,True,全模,,,,,,黑,,,,,2026-10-10 06:01
psu,｛海韻 CORE GX-750 ATX3(750W)｝雙8/金牌/全模組/ATX3.1(PCIe 5.1)/10年保,海韻 CORE GX-750 ATX3(750W),3290,海韻 Seasonic,5425.5,,,,,,,,,,,,,,,,,,,,,,,750,金牌,False,True,全模,,,,,,黑,,,,,2026-10-10 06:01
psu,｛海韻 CORE GX-850 ATX3(850W)｝雙8/金牌/全模組/ATX3.1(PCIe 5.1)/10年保,海韻 CORE GX-850 ATX3(850W),3790,海韻 Seasonic,5426.5,,,,,,,,,,,,,,,,,,,,,,,850,金牌,False,True,全模,,,,,,黑,,,,,2026-10-10 06:01
psu,｛海韻 CORE GX-650 ATX3(650W) 白色版｝雙8/金牌/全模組/ATX3.1(PCIe 5.1)/10年,海韻 CORE GX-650 ATX3(650W) 白色版,3090,海韻 Seasonic,5427.5,,,,,,,,,,,,,,,,,,,,,,,650,金牌,False,True,全模,,,,,,白,,,,,2026-10-10 06:01
psu,｛海韻 CORE GX-750 ATX3(750W) 白色版｝雙8/金牌/全模組/ATX3.1(PCIe 5.1)/10年,海韻 CORE GX-750 ATX3(750W) 白色版,3390,海韻 Seasonic,5428.5,,,,,,,,,,,,,,,,,,,,,,,750,金牌,False,True,全模,,,,,,白,,,,,2026-10-10 06:01
psu,｛海韻 CORE GX-850 ATX3(850W) 白色版｝雙8/金牌/全模組/ATX3.1(PCIe 5.1)/10年,海韻 CORE GX-850 ATX3(850W) 白色版,3890,海韻 Seasonic,5429.5,,,,,,,,,,,,,,,,,,,,,,,850,金牌,False,True,全模,,,,,,白,,,,,2026-10-10 06:01
psu,｛海韻 FOCUS GX-550(550W)｝雙8/金牌/全模組/10年保,海韻 FOCUS GX-550(550W),2590,海韻 Seasonic,5430.5,,,,,,,,,,,,,,,,,,,,,,,550,金牌,False,False,全模,,,,,,黑,,,,,2026-10-10 06:01
psu,｛海韻 FOCUS GX-650(650W)｝雙8/金牌/全模組/10年保,海韻 FOCUS GX-650(650W),2790,海韻 Seasonic,5431.5,,,,,,,,,,,,,,,,,,,,,,,650,金牌,False,False,全模,,,,,,黑,,,,,2026-10-10 06:01
psu,｛海韻 FOCUS GX-750(750W)｝雙8/金牌/全模組/10年保,海韻 FOCUS GX-750(750W),2990,海韻 Seasonic,5432.5,,,,,,,,,,,,,,,,,,,,,,,750,金牌,False,False,全模,,,,,,黑,,,,,2026-10-10 06:01
psu,｛海韻 FOCUS GX-850(850W)｝雙8/金牌/全模組/10年保,海韻 FOCUS GX-850(850W),3490,海韻 Seasonic,5433.5,,,,,,,,,,,,,,,,,,,,,,,850,金牌,False,False,全模,,,,,,黑,,,,,2026-10-10 06:01
psu,｛海韻 FOCUS GX-750 ATX3(750W)｝雙8/金牌/全模組/ATX3.1(PCIe 5.1)/10年保,海韻 FOCUS GX-750 ATX3(750W),3790,海韻 Seasonic,5434.5,,,,,,,,,,,,,,,,,,,,,,,750,金牌,False,True,全模,,,,,,黑,,,,,2026-10-10 06:01
psu,｛海韻 FOCUS GX-750 ATX3(750W) 白色版｝雙8/金牌/全模組/ATX3.1(PCIe 5.1)/10年保,海韻 FOCUS GX-750 ATX3(750W) 白色版,4090,海韻 Seasonic,5435.5,,,,,,,,,,,,,,,,,,,,,,,750,金牌,False,True,全模,,,,,,白,,,,,2026-10-10 06:01
psu,｛海韻 FOCUS GX-850 ATX3(850W)｝雙8/金牌/全模組/ATX3.1(PCIe 5.1)/10年保,海韻 FOCUS GX-850 ATX3(850W),4290,海韻 Seasonic,5436.5,,,,,,,,,,,,,,,,,,,,,,,850,金牌,False,True,全模,,,,,,黑,,,,,2026-10-10 06:01
psu,｛海韻 FOCUS GX-850 ATX3(850W) 白色版｝雙8/金牌/全模組/ATX3.1(PCIe 5.1)/10年保,海韻 FOCUS GX-850 ATX3(850W) 白色版,4490,海韻 Seasonic,5437.5,,,,,,,,,,,,,,,,,,,,,,,850,金牌,False,True,全模,,,,,,白,,,,,2026-10-10 06:01
psu,｛海韻 FOCUS GX-1000 ATX3(1000W)｝雙8/金牌/全模組/ATX3.1(PCIe 5.1)/10年保,海韻 FOCUS GX-1000 ATX3(1000W),5490,海韻 Seasonic,5438.5,,,,,,,,,,,,,,,,,,,,,,,1000,金牌,False,True,全模,,,,,,黑,,,,,2026-10-10 06:01
psu,｛海韻 FOCUS GX-1000 ATX3(1000W)｝白色版 雙8/金牌/全模組/ATX3.1(PCIe 5.1)/10年保,海韻 FOCUS GX-1000 ATX3(1000W),5790,海韻 Seasonic,5439.5,,,,,,,,,,,,,,,,,,,,,,,1000,金牌,False,True,全模,,,,,,白,,,,,2026-10-10 06:01
psu,｛海韻 FOCUS PX-850 ATX3.1(850W)｝雙8/白金/全模組/PCIe 5.1/全日系/10年保,海韻 FOCUS PX-850 ATX3.1(850W),4790,海韻 Seasonic,5440.5,,,,,,,,,,,,,,,,,,,,,,,850,白金,False,True,全模,,,,,,白,,,,,2026-10-10 06:01
psu,｛海韻 FOCUS PX-1000 ATX3.1(1000W)｝雙8/白金/全模組/PCIe 5.1/全日系/10年保,海韻 FOCUS PX-1000 ATX3.1(1000W),6090,海韻 Seasonic,5441.5,,,,,,,,,,,,,,,,,,,,,,,1000,白金,False,True,全模,,,,,,白,,,,,2026-10-10 06:01
psu,｛海韻 VERTEX GX-1200(1200W)｝雙8/金牌/全模組/ATX3.1(PCIe 5.1)/12年保,海韻 VERTEX GX-1200(1200W),6490,海韻 Seasonic,5442.5,,,,,,,,,,,,,,,,,,,,,,,1200,金牌,False,True,全模,,,,,,黑,,,,,2026-10-10 06:01
psu,｛海韻 VERTEX GX-1200(1200W)｝白色版 雙8/金牌/全模組/ATX3.1(PCIe 5.1)/12年保,海韻 VERTEX GX-1200(1200W),6490,海韻 Seasonic,5443.5,,,,,,,,,,,,,,,,,,,,,,,1200,金牌,False,True,全模,,,,,,白,,,,,2026-10-10 06:01
psu,｛海韻 VERTEX PX-1200(1200W)｝雙8/白金/全模組/ATX3.1(PCIe 5.1)/12年保,海韻 VERTEX PX-1200(1200W),7590,海韻 Seasonic,5444.5,,,,,,,,,,,,,,,,,,,,,,,1200,白金,False,True,全模,,,,,,白,,,,,2026-10-10 06:01
psu,｛海韻 PRIME PX-1600 ATX3.0(1600W)｝雙8/白金/全模組/雙PCIe 5.1/12年保,海韻 PRIME PX-1600 ATX3.0(1600W),16490,海韻 Seasonic,5446.5,,,,,,,,,,,,,,,,,,,,,,,1600,白金,False,True,全模,,,,,,白,,,,,2026-10-10 06:01
psu,｛海韻 PRIME PX-2200 ATX3(2200W)｝雙8/白金/全模組/4*PCIe 5.1/12年(限220V H型插座),海韻 PRIME PX-2200 ATX3(2200W),17490,海韻 Seasonic,5447.5,,,,,,,,,,,,,,,,,,,,,,,2200,白金,False,True,全模,,,,,,白,,,,,2026-10-10 06:01
psu,｛海韻 PRIME TX-1300 ATX3(1300W)｝雙8/鈦金/全模組/PCIe 5.1/12年保,海韻 PRIME TX-1300 ATX3(1300W),16490,海韻 Seasonic,5448.5,,,,,,,,,,,,,,,,,,,,,,,1300,鈦金,False,True,全模,,,,,,黑,,,,,2026-10-10 06:01
psu,｛海韻 PRIME TX-1600 ATX3(1600W)｝雙8/鈦金/全模組/雙PCIe 5.1/12年保,海韻 PRIME TX-1600 ATX3(1600W),18490,海韻 Seasonic,5449.5,,,,,,,,,,,,,,,,,,,,,,,1600,鈦金,False,True,全模,,,,,,黑,,,,,2026-10-10 06:01
psu,｛全漢 金鋼彈 650W｝金牌/全模/全日系/DC-DC/10年保【SFX規格】,全漢 金鋼彈 650W,3290,全漢 FSP 電源供應器【原價屋售出 2年快換 電供就是穩 !!】,5452.5,,,,,,,,,,,,,,,,,,,,,,,650,金牌,True,False,全模,,,,,,黑,,,,,2026-10-10 06:01
psu,｛全漢 金鋼彈 750W ATX3.1(PCIe 5.1)｝雙8/金牌/全模/主日系/10年保【SFX規格】,全漢 金鋼彈 750W ATX3.1(PCIe 5.1),3990,全漢 FSP 電源供應器【原價屋售出 2年快換 電供就是穩 !!】,5453.5,,,,,,,,,,,,,,,,,,,,,,,750,金牌,True,True,全模,,,,,,黑,,,,,2026-10-10 06:01
psu,｛全漢 金鋼彈 850W ATX3.1(PCIe 5.1)｝雙8/金牌/全模/主日系/10年保【SFX規格】,全漢 金鋼彈 850W ATX3.1(PCIe 5.1),4990,全漢 FSP 電源供應器【原價屋售出 2年快換 電供就是穩 !!】,5454.5,,,,,,,,,,,,,,,,,,,,,,,850,金牌,True,True,全模,,,,,,黑,,,,,2026-10-10 06:01
psu,｛全漢 金鋼彈 850W ATX3.0(PCIe 5.0) 白色｝雙8/金牌/全模/主日系/10年保【SFX規格】,全漢 金鋼彈 850W ATX3.0(PCIe 5.0) 白色,4590,全漢 FSP 電源供應器【原價屋售出 2年快換 電供就是穩 !!】,5455.5,,,,,,,,,,,,,,,,,,,,,,,850,金牌,True,True,全模,,,,,,白,,,,,2026-10-10 06:01
psu,｛全漢 DAGGER PM 1200W(MIT)｝雙8/白金/全模/ATX3.1(PCIe 5.1)/主日系/10年【SFX-L】,全漢 DAGGER PM 1200W(MIT),7990,全漢 FSP 電源供應器【原價屋售出 2年快換 電供就是穩 !!】,5456.5,,,,,,,,,,,,,,,,,,,,,,,1200,白金,True,True,全模,,,,,,白,,,,,2026-10-10 06:01
psu,｛全漢 聖武士 650W｝雙8/銅牌/全日系/DC-DC/5年保,全漢 聖武士 650W,1690,全漢 FSP 電源供應器【原價屋售出 2年快換 電供就是穩 !!】,5457.5,,,,,,,,,,,,,,,,,,,,,,,650,銅牌,False,False,直出,,,,,,黑,,,,,2026-10-10 06:01
psu,｛全漢 HEXA 85+ PRO GEN5 750W｝雙8/銅牌/主日系/ATX3.0(PCIe 5.0)/5年保,全漢 HEXA 85+ PRO GEN5 750W,1790,全漢 FSP 電源供應器【原價屋售出 2年快換 電供就是穩 !!】,5458.5,,,,,,,,,,,,,,,,,,,,,,,750,銅牌,False,True,直出,,,,,,黑,,,,,2026-10-10 06:01
psu,｛全漢 HYDRO G PRO 1200W ATX3.0(PCIe 5.0)｝雙8/金牌/全模/全日系/防潮塗層/10年保,全漢 HYDRO G PRO 1200W ATX3.0(PCIe 5.0),4990,全漢 FSP 電源供應器【原價屋售出 2年快換 電供就是穩 !!】,5459.5,,,,,,,,,,,,,,,,,,,,,,,1200,金牌,False,True,全模,,,,,,黑,,,,,2026-10-10 06:01
psu,｛全漢 VIC BD+ 550W｝雙8/銅牌/ATX3.1/壓紋線/3+2年(憑發票),全漢 VIC BD+ 550W,1590,全漢 FSP 電源供應器【原價屋售出 2年快換 電供就是穩 !!】,5460.5,,,,,,,,,,,,,,,,,,,,,,,550,銅牌,False,True,直出,,,,,,黑,,,,,2026-10-10 06:01
psu,｛全漢 VIC BD+ 650W｝雙8/銅牌/ATX3.1/壓紋線/3+2年(憑發票),全漢 VIC BD+ 650W,1790,全漢 FSP 電源供應器【原價屋售出 2年快換 電供就是穩 !!】,5461.5,,,,,,,,,,,,,,,,,,,,,,,650,銅牌,False,True,直出,,,,,,黑,,,,,2026-10-10 06:01
psu,｛全漢 VIC GD 650W｝雙8/金牌/直出線/ATX3.1/壓紋線/3+2年(憑發票),全漢 VIC GD 650W,1890,全漢 FSP 電源供應器【原價屋售出 2年快換 電供就是穩 !!】,5462.5,,,,,,,,,,,,,,,,,,,,,,,650,金牌,False,True,直出,,,,,,黑,,,,,2026-10-10 06:01
psu,｛全漢 VIC GM 850W｝雙8/金牌/全模/ATX3.1(PCIe 5.1)/5年保,全漢 VIC GM 850W,2990,全漢 FSP 電源供應器【原價屋售出 2年快換 電供就是穩 !!】,5467.5,,,,,,,,,,,,,,,,,,,,,,,850,金牌,False,True,全模,,,,,,黑,,,,,2026-10-10 06:01
psu,｛全漢 VITA GD 750W(MIT)｝雙8/金牌/直出線/ATX3.1(PCIe 5.1)/主日系/5年保,全漢 VITA GD 750W(MIT),2390,全漢 FSP 電源供應器【原價屋售出 2年快換 電供就是穩 !!】,5469.5,,,,,,,,,,,,,,,,,,,,,,,750,金牌,False,True,直出,,,,,,黑,,,,,2026-10-10 06:01
psu,｛全漢 VITA GD 850W(MIT)｝雙8/金牌/直出線/ATX3.1(PCIe 5.1)/主日系/5年保,全漢 VITA GD 850W(MIT),2690,全漢 FSP 電源供應器【原價屋售出 2年快換 電供就是穩 !!】,5470.5,,,,,,,,,,,,,,,,,,,,,,,850,金牌,False,True,直出,,,,,,黑,,,,,2026-10-10 06:01
psu,｛全漢 VITA GM 650W(MIT)｝雙8/金牌/全模/ATX3.1/主日系/10年保,全漢 VITA GM 650W(MIT),2990,全漢 FSP 電源供應器【原價屋售出 2年快換 電供就是穩 !!】,5471.5,,,,,,,,,,,,,,,,,,,,,,,650,金牌,False,True,全模,,,,,,黑,,,,,2026-10-10 06:01
psu,｛全漢 VITA GM 650W(MIT) 白色版｝雙8/金牌/全模/ATX3.1/主日系/10年保,全漢 VITA GM 650W(MIT) 白色版,3090,全漢 FSP 電源供應器【原價屋售出 2年快換 電供就是穩 !!】,5472.5,,,,,,,,,,,,,,,,,,,,,,,650,金牌,False,True,全模,,,,,,白,,,,,2026-10-10 06:01
psu,｛全漢 VITA GM 750W(MIT)｝雙8/金牌/全模/ATX3.1(PCIe 5.1)/主日系/10年保,全漢 VITA GM 750W(MIT),3390,全漢 FSP 電源供應器【原價屋售出 2年快換 電供就是穩 !!】,5473.5,,,,,,,,,,,,,,,,,,,,,,,750,金牌,False,True,全模,,,,,,黑,,,,,2026-10-10 06:01
psu,｛全漢 VITA GM 750W(MIT) 白色版｝雙8/金牌/全模/ATX3.1(PCIe 5.1)/主日系/10年保,全漢 VITA GM 750W(MIT) 白色版,3490,全漢 FSP 電源供應器【原價屋售出 2年快換 電供就是穩 !!】,5474.5,,,,,,,,,,,,,,,,,,,,,,,750,金牌,False,True,全模,,,,,,白,,,,,2026-10-10 06:01
psu,｛全漢 VITA GM 850W(MIT) 白色版｝雙8/金牌/全模/ATX3.1(PCIe 5.1)/主日系/10年保,全漢 VITA GM 850W(MIT) 白色版,3990,全漢 FSP 電源供應器【原價屋售出 2年快換 電供就是穩 !!】,5475.5,,,,,,,,,,,,,,,,,,,,,,,850,金牌,False,True,全模,,,,,,白,,,,,2026-10-10 06:01
psu,｛全漢 VITA GM 1000W(MIT) 白色版｝雙8/金牌/全模/ATX3.1(PCIe 5.1)/主日系/10年保,全漢 VITA GM 1000W(MIT) 白色版,4890,全漢 FSP 電源供應器【原價屋售出 2年快換 電供就是穩 !!】,5476.5,,,,,,,,,,,,,,,,,,,,,,,1000,金牌,False,True,全模,,,,,,白,,,,,2026-10-10 06:01
psu,｛全漢 VITA PM 750W(MIT)｝雙8/白金/全模/ATX3.1(PCIe 5.1)/主日系/10年保,全漢 VITA PM 750W(MIT),3890,全漢 FSP 電源供應器【原價屋售出 2年快換 電供就是穩 !!】,5477.5,,,,,,,,,,,,,,,,,,,,,,,750,白金,False,True,全模,,,,,,白,,,,,2026-10-10 06:01
psu,｛全漢 VITA PM 850W(MIT)｝雙8/白金/全模/ATX3.1(PCIe 5.1)/主日系/10年保,全漢 VITA PM 850W(MIT),4390,全漢 FSP 電源供應器【原價屋售出 2年快換 電供就是穩 !!】,5478.5,,,,,,,,,,,,,,,,,,,,,,,850,白金,False,True,全模,,,,,,白,,,,,2026-10-10 06:01
psu,｛全漢 VITA PM 1000W(MIT)｝雙8/白金/全模/ATX3.1(PCIe 5.1)/主日系/10年保,全漢 VITA PM 1000W(MIT),5290,全漢 FSP 電源供應器【原價屋售出 2年快換 電供就是穩 !!】,5479.5,,,,,,,,,,,,,,,,,,,,,,,1000,白金,False,True,全模,,,,,,白,,,,,2026-10-10 06:01
psu,｛全漢 VITA PM 1000W(MIT) 白色版｝雙8/白金/全模/ATX3.1(PCIe 5.1)/主日系/10年保,全漢 VITA PM 1000W(MIT) 白色版,5290,全漢 FSP 電源供應器【原價屋售出 2年快換 電供就是穩 !!】,5481.5,,,,,,,,,,,,,,,,,,,,,,,1000,白金,False,True,全模,,,,,,白,,,,,2026-10-10 06:01
psu,｛全漢 MEGA GM 850W(MIT)｝雙8/金牌/全模/ATX3.1(PCIe 5.1)/全日系/防潮塗層/10年保,全漢 MEGA GM 850W(MIT),5290,全漢 FSP 電源供應器【原價屋售出 2年快換 電供就是穩 !!】,5482.5,,,,,,,,,,,,,,,,,,,,,,,850,金牌,False,True,全模,,,,,,黑,,,,,2026-10-10 06:01
psu,｛全漢 MEGA GM 1000W(MIT)｝雙8/金牌/全模/ATX3.1(PCIe 5.1)/全日系/防潮塗層/10年保,全漢 MEGA GM 1000W(MIT),6290,全漢 FSP 電源供應器【原價屋售出 2年快換 電供就是穩 !!】,5483.5,,,,,,,,,,,,,,,,,,,,,,,1000,金牌,False,True,全模,,,,,,黑,,,,,2026-10-10 06:01
psu,｛全漢 MEGA GM 1200W(MIT)｝雙8/金牌/全模/ATX3.1(PCIe 5.1)/全日系/防潮塗層/10年保,全漢 MEGA GM 1200W(MIT),7290,全漢 FSP 電源供應器【原價屋售出 2年快換 電供就是穩 !!】,5484.5,,,,,,,,,,,,,,,,,,,,,,,1200,金牌,False,True,全模,,,,,,黑,,,,,2026-10-10 06:01
psu,｛全漢 MEGA TI 1350W(MIT)｝雙8/鈦金/全模/ATX3.1(雙PCIe 5.1)/全日系/防潮塗層/10年保,全漢 MEGA TI 1350W(MIT),17500,全漢 FSP 電源供應器【原價屋售出 2年快換 電供就是穩 !!】,5485.5,,,,,,,,,,,,,,,,,,,,,,,1350,鈦金,False,True,全模,,,,,,黑,,,,,2026-10-10 06:01
psu,｛全漢 MEGA TI 1650W(MIT)｝雙8/鈦金/全模/ATX3.1(雙PCIe 5.1)/全日系/防潮塗層/10年保,全漢 MEGA TI 1650W(MIT),19500,全漢 FSP 電源供應器【原價屋售出 2年快換 電供就是穩 !!】,5486.5,,,,,,,,,,,,,,,,,,,,,,,1650,鈦金,False,True,全模,,,,,,黑,,,,,2026-10-10 06:01
psu,｛全漢 CANNON PRO 2500W(MIT)｝白金/ATX3.1(4組PCIe 5.1)/3年(限220V T型插座)【無快換】,全漢 CANNON PRO 2500W(MIT),26900,全漢 FSP 電源供應器【原價屋售出 2年快換 電供就是穩 !!】,5487.5,,,,,,,,,,,,,,,,,,,,,,,2500,白金,False,True,直出,,,,,,白,,,,,2026-10-10 06:01
psu,｛台達 550W 銅牌｝雙8/DC-DC/5年保固/3年換新/GPS-550GB A,台達 550W 銅牌,1990,台達 DELTA 最穩定的電源【保固憑原價屋發票/保貼】,5490.5,,,,,,,,,,,,,,,,,,,,,,,550,銅牌,False,False,直出,,,,,,黑,,,,,2026-10-10 06:01
psu,｛台達 650W 銅牌｝雙8/DC-DC/5年保固/3年換新/GPS-650FB A,台達 650W 銅牌,2190,台達 DELTA 最穩定的電源【保固憑原價屋發票/保貼】,5491.5,,,,,,,,,,,,,,,,,,,,,,,650,銅牌,False,False,直出,,,,,,黑,,,,,2026-10-10 06:01
psu,｛台達 650W 金牌｝雙8/全模組/DC-DC/10年保固/3年換新/GPS-650MB A,台達 650W 金牌,2890,台達 DELTA 最穩定的電源【保固憑原價屋發票/保貼】,5492.5,,,,,,,,,,,,,,,,,,,,,,,650,金牌,False,False,全模,,,,,,黑,,,,,2026-10-10 06:01
psu,｛台達 超實在 850W 金牌｝雙8/全模組/ATX3.1(PCIe 5.1)/10年保,台達 超實在 850W 金牌,3890,台達 DELTA 最穩定的電源【保固憑原價屋發票/保貼】,5493.5,,,,,,,,,,,,,,,,,,,,,,,850,金牌,False,True,全模,,,,,,黑,,,,,2026-10-10 06:01
psu,｛台達 超實在 1100W 白金｝雙8/全模組/ATX3.0(PCIe 5.0)/10年保 原價$6990！,台達 超實在 1100W 白金,5390,台達 DELTA 最穩定的電源【保固憑原價屋發票/保貼】,5494.5,,,,,,,,,,,,,,,,,,,,,,,1100,白金,False,True,全模,,,,,,白,,,,,2026-10-10 06:01
psu,｛Apexgaming KR-750M(750W)｝雙8/白金/全模/ATX3.0(PCIe 5.0)/全日系/10年【SFX】,Apexgaming KR-750M(750W),3590,Apexgaming 美商艾湃電競【首利100%品牌，原價屋售出 3年快換】,5496.5,,,,,,,,,,,,,,,,,,,,,,,750,白金,True,True,全模,,,,,,白,,,,,2026-10-10 06:01
psu,｛Apexgaming KR-850MW(850W) 白色｝雙8/白金/全模/ATX3.0(PCIe 5.0)/10年【SFX】,Apexgaming KR-850MW(850W) 白色,4490,Apexgaming 美商艾湃電競【首利100%品牌，原價屋售出 3年快換】,5497.5,,,,,,,,,,,,,,,,,,,,,,,850,白金,True,True,全模,,,,,,白,,,,,2026-10-10 06:01
psu,｛Apexgaming(首利) A-550(550W)｝銀牌/直出線/主日系/5年保,Apexgaming(首利) A-550(550W),1390,Apexgaming 美商艾湃電競【首利100%品牌，原價屋售出 3年快換】,5498.5,,,,,,,,,,,,,,,,,,,,,,,550,,False,False,直出,,,,,,黑,,,,,2026-10-10 06:01
psu,｛Apexgaming(首利) A-650(650W)｝雙8/銀牌/直出線/主日系/5年保,Apexgaming(首利) A-650(650W),1590,Apexgaming 美商艾湃電競【首利100%品牌，原價屋售出 3年快換】,5499.5,,,,,,,,,,,,,,,,,,,,,,,650,,False,False,直出,,,,,,黑,,,,,2026-10-10 06:01
psu,｛Apexgaming(首利) A-750(750W)｝雙8/銀牌/直出線/PCIe 5.1/主日系/5年保,Apexgaming(首利) A-750(750W),1790,Apexgaming 美商艾湃電競【首利100%品牌，原價屋售出 3年快換】,5500.5,,,,,,,,,,,,,,,,,,,,,,,750,,False,True,直出,,,,,,黑,,,,,2026-10-10 06:01
psu,｛Apexgaming(首利) A-850(850W)｝雙8/銀牌/直出線/ATX3.1(PCIe 5.1)/全日系/5年保,Apexgaming(首利) A-850(850W),2090,Apexgaming 美商艾湃電競【首利100%品牌，原價屋售出 3年快換】,5501.5,,,,,,,,,,,,,,,,,,,,,,,850,,False,True,直出,,,,,,黑,,,,,2026-10-10 06:01
psu,｛Apexgaming(首利) AJ-650M(650W)｝雙8/金牌/全模/全日系/智慧停轉/10年保,Apexgaming(首利) AJ-650M(650W),2090,Apexgaming 美商艾湃電競【首利100%品牌，原價屋售出 3年快換】,5502.5,,,,,,,,,,,,,,,,,,,,,,,650,金牌,False,False,全模,,,,,,黑,,,,,2026-10-10 06:01
psu,｛Apexgaming(首利) STR650MW(650W) 白色｝雙8/金牌/全模/全日系/10年保,Apexgaming(首利) STR650MW(650W) 白色,2290,Apexgaming 美商艾湃電競【首利100%品牌，原價屋售出 3年快換】,5503.5,,,,,,,,,,,,,,,,,,,,,,,650,金牌,False,False,全模,,,,,,白,,,,,2026-10-10 06:01
psu,｛Apexgaming GTR-750M(750W)｝雙8/金牌/全模/ATX3.0(PCIe 5.0)/全日系/10年,Apexgaming GTR-750M(750W),2690,Apexgaming 美商艾湃電競【首利100%品牌，原價屋售出 3年快換】,5504.5,,,,,,,,,,,,,,,,,,,,,,,750,金牌,False,True,全模,,,,,,黑,,,,,2026-10-10 06:01
psu,｛Apexgaming GTR-750MW(750W) 白色｝雙8/金牌/全模/ATX3.0(PCIe 5.0)/10年,Apexgaming GTR-750MW(750W) 白色,2490,Apexgaming 美商艾湃電競【首利100%品牌，原價屋售出 3年快換】,5505.5,,,,,,,,,,,,,,,,,,,,,,,750,金牌,False,True,全模,,,,,,白,,,,,2026-10-10 06:01
psu,｛Apexgaming GTR-850M(850W)｝雙8/金牌/全模/ATX3.0(PCIe 5.0)/全日系/10年,Apexgaming GTR-850M(850W),2890,Apexgaming 美商艾湃電競【首利100%品牌，原價屋售出 3年快換】,5506.5,,,,,,,,,,,,,,,,,,,,,,,850,金牌,False,True,全模,,,,,,黑,,,,,2026-10-10 06:01
psu,｛Apexgaming GTR-850MW(850W) 白色｝雙8/金牌/全模/ATX3.0(PCIe 5.0)/10年,Apexgaming GTR-850MW(850W) 白色,2790,Apexgaming 美商艾湃電競【首利100%品牌，原價屋售出 3年快換】,5507.5,,,,,,,,,,,,,,,,,,,,,,,850,金牌,False,True,全模,,,,,,白,,,,,2026-10-10 06:01
psu,｛Apexgaming GTR Plus-1000M(1000W)｝雙8/白金/全模/ATX3.1(PCIe 5.1)/10年 原價$5590,Apexgaming GTR Plus-1000M(1000W),3390,Apexgaming 美商艾湃電競【首利100%品牌，原價屋售出 3年快換】,5508.5,,,,,,,,,,,,,,,,,,,,,,,1000,白金,False,True,全模,,,,,,白,,,,,2026-10-10 06:01
psu,｛Apexgaming GTR Plus-1000MW(1000W) 白色｝白金/全模/ATX3.1(PCIe 5.1)10年 原價$5790,Apexgaming GTR Plus-1000MW(1000W) 白色,3590,Apexgaming 美商艾湃電競【首利100%品牌，原價屋售出 3年快換】,5509.5,,,,,,,,,,,,,,,,,,,,,,,1000,白金,False,True,全模,,,,,,白,,,,,2026-10-10 06:01
psu,｛Apexgaming(首利) ODIN 1200W｝雙8/白金/全模組/ATX3.0(PCIe 5.0)/全日系/10年保,Apexgaming(首利) ODIN 1200W,4390,Apexgaming 美商艾湃電競【首利100%品牌，原價屋售出 3年快換】,5510.5,,,,,,,,,,,,,,,,,,,,,,,1200,白金,False,True,全模,,,,,,白,,,,,2026-10-10 06:01
psu,｛Apexgaming(首利) ODIN 1650W｝雙8/白金/全模組/ATX3.0(雙PCIe 5.0)/全日系/10年保,Apexgaming(首利) ODIN 1650W,14990,Apexgaming 美商艾湃電競【首利100%品牌，原價屋售出 3年快換】,5511.5,,,,,,,,,,,,,,,,,,,,,,,1650,白金,False,True,全模,,,,,,白,,,,,2026-10-10 06:01
psu,｛COUGAR VTE 400W 銅牌｝主日系/DC-DC/5年保,COUGAR VTE 400W 銅牌,1290,美洲獅 COUGAR 電源【偉訓30年品質保證】,5514.5,,,,,,,,,,,,,,,,,,,,,,,400,銅牌,False,False,直出,,,,,,黑,,,,,2026-10-10 06:01
psu,｛COUGAR ATLAS 550W 銅牌｝主日系/DC-DC/5年保,COUGAR ATLAS 550W 銅牌,1590,美洲獅 COUGAR 電源【偉訓30年品質保證】,5515.5,,,,,,,,,,,,,,,,,,,,,,,550,銅牌,False,False,直出,,,,,,黑,,,,,2026-10-10 06:01
psu,｛COUGAR ATLAS 650W｝雙8/銅牌/主日系/DC-DC/5年保,COUGAR ATLAS 650W,1790,美洲獅 COUGAR 電源【偉訓30年品質保證】,5516.5,,,,,,,,,,,,,,,,,,,,,,,650,銅牌,False,False,直出,,,,,,黑,,,,,2026-10-10 06:01
psu,｛COUGAR ATLAS 750W｝雙8/銅牌/ATX3.1(PCIe 5.1)/主日系/5年保 原價$2090！,COUGAR ATLAS 750W,1790,美洲獅 COUGAR 電源【偉訓30年品質保證】,5517.5,,,,,,,,,,,,,,,,,,,,,,,750,銅牌,False,True,直出,,,,,,黑,,,,,2026-10-10 06:01
psu,｛COUGAR GR 750W｝雙8/金牌/全模組/ATX3.1(PCIe 5.1)/主日系/5年保 原價$2990！,COUGAR GR 750W,2590,美洲獅 COUGAR 電源【偉訓30年品質保證】,5521.5,,,,,,,,,,,,,,,,,,,,,,,750,金牌,False,True,全模,,,,,,黑,,,,,2026-10-10 06:01
psu,｛COUGAR GR 850W｝雙8/金牌/全模組/ATX3.1(PCIe 5.1)/主日系/5年保 原價$3290！,COUGAR GR 850W,2890,美洲獅 COUGAR 電源【偉訓30年品質保證】,5522.5,,,,,,,,,,,,,,,,,,,,,,,850,金牌,False,True,全模,,,,,,黑,,,,,2026-10-10 06:01
psu,｛COUGAR GR 1000W｝雙8/金牌/全模組/ATX3.1(PCIe 5.1)/全日系/壓紋線/10年保,COUGAR GR 1000W,3890,美洲獅 COUGAR 電源【偉訓30年品質保證】,5523.5,,,,,,,,,,,,,,,,,,,,,,,1000,金牌,False,True,全模,,,,,,黑,,,,,2026-10-10 06:01
psu,｛COUGAR GEX PRO 850W｝雙8/金牌/全模組/ATX3.1(PCIe 5.1)/10年保▼下殺到 10/31 20:00,COUGAR GEX PRO 850W,3090,美洲獅 COUGAR 電源【偉訓30年品質保證】,5524.5,,,,,,,,,,,,,,,,,,,,,,,850,金牌,False,True,全模,,,,,,黑,,,,,2026-10-10 06:01
psu,｛COUGAR POLAR X2 1050W｝雙8/白金/全模組/ATX3.1(PCIe 5.0)/全日系/10年▼下殺到 10/31 20:00,COUGAR POLAR X2 1050W,4990,美洲獅 COUGAR 電源【偉訓30年品質保證】,5525.5,,,,,,,,,,,,,,,,,,,,,,,1050,白金,False,True,全模,,,,,,白,,,,,2026-10-10 06:01
psu,｛COUGAR POLAR X2 1200W｝雙8/白金/全模組/ATX3.1(PCIe 5.0)/全日系/10年▼下殺到 10/31 20:00,COUGAR POLAR X2 1200W,5990,美洲獅 COUGAR 電源【偉訓30年品質保證】,5526.5,,,,,,,,,,,,,,,,,,,,,,,1200,白金,False,True,全模,,,,,,白,,,,,2026-10-10 06:01
psu,｛振華 BRONZE KING II 400W｝銅牌/5年保,振華 BRONZE KING II 400W,1250,振華 Super Flower,5529.5,,,,,,,,,,,,,,,,,,,,,,,400,銅牌,False,False,直出,,,,,,黑,,,,,2026-10-10 06:01
psu,｛振華 BRONZE KING II 500W｝雙8/銅牌/5年保,振華 BRONZE KING II 500W,1490,振華 Super Flower,5530.5,,,,,,,,,,,,,,,,,,,,,,,500,銅牌,False,False,直出,,,,,,黑,,,,,2026-10-10 06:01
psu,｛振華 BRONZE KING II PLUS 650W｝雙8/銅牌/5年保,振華 BRONZE KING II PLUS 650W,1790,振華 Super Flower,5532.5,,,,,,,,,,,,,,,,,,,,,,,650,銅牌,False,False,直出,,,,,,黑,,,,,2026-10-10 06:01
psu,｛振華 COMBAT DG 750W｝雙8/金牌/直出線/ATX3.1(PCIe 5.1)/主日系/7年保,振華 COMBAT DG 750W,2290,振華 Super Flower,5533.5,,,,,,,,,,,,,,,,,,,,,,,750,金牌,False,True,直出,,,,,,黑,,,,,2026-10-10 06:01
psu,｛振華 COMBAT DG 1000W｝雙8/金牌/直出線/ATX3.1(PCIe 5.1)/主日系/7年 原價$3290！,振華 COMBAT DG 1000W,2790,振華 Super Flower,5534.5,,,,,,,,,,,,,,,,,,,,,,,1000,金牌,False,True,直出,,,,,,黑,,,,,2026-10-10 06:01
psu,｛振華 COMBAT SG PLUS 550W｝雙8/金牌/半模/ATX3.1/全日系/10年保,振華 COMBAT SG PLUS 550W,2190,振華 Super Flower,5535.5,,,,,,,,,,,,,,,,,,,,,,,550,金牌,False,True,半模,,,,,,黑,,,,,2026-10-10 06:01
psu,｛振華 COMBAT SG PLUS 650W｝雙8/金牌/半模/ATX3.1/全日系/10年保,振華 COMBAT SG PLUS 650W,2390,振華 Super Flower,5536.5,,,,,,,,,,,,,,,,,,,,,,,650,金牌,False,True,半模,,,,,,黑,,,,,2026-10-10 06:01
psu,｛振華 COMBAT SG PLUS 850W｝雙8/金牌/半模/ATX3.1(PCIe 5.1)/全日系/10年保,振華 COMBAT SG PLUS 850W,2890,振華 Super Flower,5537.5,,,,,,,,,,,,,,,,,,,,,,,850,金牌,False,True,半模,,,,,,黑,,,,,2026-10-10 06:01
psu,｛振華 COMBAT FG 650W 黑色｝雙8/金牌/全模/ATX3.1(PCIe 5.0)/全日系/10年保,振華 COMBAT FG 650W 黑色,2690,振華 Super Flower,5538.5,,,,,,,,,,,,,,,,,,,,,,,650,金牌,False,True,全模,,,,,,黑,,,,,2026-10-10 06:01
psu,｛振華 COMBAT FG 650W 白色｝雙8/金牌/全模/ATX3.1(PCIe 5.0)/全日系/10年保,振華 COMBAT FG 650W 白色,2790,振華 Super Flower,5539.5,,,,,,,,,,,,,,,,,,,,,,,650,金牌,False,True,全模,,,,,,白,,,,,2026-10-10 06:01
psu,｛振華 COMBAT FG 850W 白色｝雙8/金牌/全模/ATX3.1(PCIe 5.0)/全日系/10年保,振華 COMBAT FG 850W 白色,3090,振華 Super Flower,5540.5,,,,,,,,,,,,,,,,,,,,,,,850,金牌,False,True,全模,,,,,,白,,,,,2026-10-10 06:01
psu,｛振華 LEADEX III 850W 金牌｝雙8/全模/ATX3.1(PCIe 5.1)/主日系/智慧停轉/10年保,振華 LEADEX III 850W 金牌,3090,振華 Super Flower,5541.5,,,,,,,,,,,,,,,,,,,,,,,850,金牌,False,True,全模,,,,,,黑,,,,,2026-10-10 06:01
psu,｛振華 LEADEX III 1000W 金牌｝雙8/全模/ATX3.1(PCIe 5.1)/主日系/智慧停轉/10年保,振華 LEADEX III 1000W 金牌,4190,振華 Super Flower,5542.5,,,,,,,,,,,,,,,,,,,,,,,1000,金牌,False,True,全模,,,,,,黑,,,,,2026-10-10 06:01
psu,｛振華 LEADEX III 750W(黑色) 白金｝雙8/全模/ATX3.1(PCIe 5.1)/主日系/智慧停轉/10年保,振華 LEADEX III 750W(黑色) 白金,3390,振華 Super Flower,5543.5,,,,,,,,,,,,,,,,,,,,,,,750,白金,False,True,全模,,,,,,白,,,,,2026-10-10 06:01
psu,｛振華 LEADEX III 750W(白色) 白金｝雙8/全模/ATX3.1(PCIe 5.1)/主日系/智慧停轉/10年保,振華 LEADEX III 750W(白色) 白金,3490,振華 Super Flower,5544.5,,,,,,,,,,,,,,,,,,,,,,,750,白金,False,True,全模,,,,,,白,,,,,2026-10-10 06:01
psu,｛振華 LEADEX III 850W(黑色) 白金｝雙8/全模/ATX3.1(PCIe 5.1)/主日系/智慧停轉/10年保,振華 LEADEX III 850W(黑色) 白金,3790,振華 Super Flower,5545.5,,,,,,,,,,,,,,,,,,,,,,,850,白金,False,True,全模,,,,,,白,,,,,2026-10-10 06:01
psu,｛振華 LEADEX III 1000W 白金｝雙8/全模/ATX3.1(PCIe 5.1)/全日系/智慧停轉/10年保,振華 LEADEX III 1000W 白金,4590,振華 Super Flower,5547.5,,,,,,,,,,,,,,,,,,,,,,,1000,白金,False,True,全模,,,,,,白,,,,,2026-10-10 06:01
psu,｛振華 LEADEX III 1300W 白金｝雙8/全模/ATX3.1(PCIe 5.1)/全日系/智慧停轉/10年保,振華 LEADEX III 1300W 白金,5490,振華 Super Flower,5548.5,,,,,,,,,,,,,,,,,,,,,,,1300,白金,False,True,全模,,,,,,白,,,,,2026-10-10 06:01
psu,｛振華 LEADEX VII PRO 850W 黑色｝雙8/白金/全模/ATX3.1(PCIe 5.1)/全日系/10年保,振華 LEADEX VII PRO 850W 黑色,4390,振華 Super Flower,5549.5,,,,,,,,,,,,,,,,,,,,,,,850,白金,False,True,全模,,,,,,白,,,,,2026-10-10 06:01
psu,｛振華 LEADEX VII PRO 850W 白色｝ 雙8/白金/全模/ATX3.1(PCIe 5.1)/全日系/10年保,振華 LEADEX VII PRO 850W 白色,4590,振華 Super Flower,5550.5,,,,,,,,,,,,,,,,,,,,,,,850,白金,False,True,全模,,,,,,白,,,,,2026-10-10 06:01
psu,｛振華 LEADEX VII PRO 1200W 黑色｝雙8/白金/全模/ATX3.1(PCIe 5.1)/全日系/10年保,振華 LEADEX VII PRO 1200W 黑色,6990,振華 Super Flower,5551.5,,,,,,,,,,,,,,,,,,,,,,,1200,白金,False,True,全模,,,,,,白,,,,,2026-10-10 06:01
psu,｛振華 LEADEX VII PRO 1200W 白色｝雙8/白金/全模/ATX3.1(PCIe 5.1)/全日系/10年保,振華 LEADEX VII PRO 1200W 白色,7190,振華 Super Flower,5552.5,,,,,,,,,,,,,,,,,,,,,,,1200,白金,False,True,全模,,,,,,白,,,,,2026-10-10 06:01
psu,｛振華 LEADEX Titanium 2800W｝鈦金/ATX3.1(4組PCIe 5.1)/全日系/10年(限220V T型插座),振華 LEADEX Titanium 2800W,22900,振華 Super Flower,5559.5,,,,,,,,,,,,,,,,,,,,,,,2800,鈦金,False,True,直出,,,,,,黑,,,,,2026-10-10 06:01
psu,｛Montech BETA 2 550W｝雙8/銅牌/ATX3.1/主日系/直出壓紋線/5年保,Montech BETA 2 550W,1490,君主 Montech 【原廠兩年換新】,5561.5,,,,,,,,,,,,,,,,,,,,,,,550,銅牌,False,True,直出,,,,,,黑,,,,,2026-10-10 06:01
psu,｛Montech BETA 2 650W｝雙8/銅牌/ATX3.1/主日系/直出壓紋線/5年保,Montech BETA 2 650W,1690,君主 Montech 【原廠兩年換新】,5562.5,,,,,,,,,,,,,,,,,,,,,,,650,銅牌,False,True,直出,,,,,,黑,,,,,2026-10-10 06:01
psu,｛Montech BETA 2 750W｝雙8/銅牌/ATX3.1/主日系/直出壓紋線/5年保,Montech BETA 2 750W,1890,君主 Montech 【原廠兩年換新】,5563.5,,,,,,,,,,,,,,,,,,,,,,,750,銅牌,False,True,直出,,,,,,黑,,,,,2026-10-10 06:01
psu,｛Montech BETA 2 850W｝雙8/銅牌/ATX3.1(PCIe 5.1)/主日系/直出壓紋線/5年保,Montech BETA 2 850W,2090,君主 Montech 【原廠兩年換新】,5564.5,,,,,,,,,,,,,,,,,,,,,,,850,銅牌,False,True,直出,,,,,,黑,,,,,2026-10-10 06:01
psu,｛Montech GAMMA 3 650W｝雙8/金牌/ATX3.1(PCIe 5.1)/主日系/壓紋線/5年保,Montech GAMMA 3 650W,1890,君主 Montech 【原廠兩年換新】,5565.5,,,,,,,,,,,,,,,,,,,,,,,650,金牌,False,True,直出,,,,,,黑,,,,,2026-10-10 06:01
psu,｛Montech GAMMA 3 750W｝雙8/金牌/ATX3.1(PCIe 5.1)/主日系/壓紋線/5年保,Montech GAMMA 3 750W,2190,君主 Montech 【原廠兩年換新】,5566.5,,,,,,,,,,,,,,,,,,,,,,,750,金牌,False,True,直出,,,,,,黑,,,,,2026-10-10 06:01
psu,｛Montech GAMMA 3 850W｝雙8/金牌/ATX3.1(PCIe 5.1)/主日系/壓紋線/5年保,Montech GAMMA 3 850W,2490,君主 Montech 【原廠兩年換新】,5567.5,,,,,,,,,,,,,,,,,,,,,,,850,金牌,False,True,直出,,,,,,黑,,,,,2026-10-10 06:01
psu,｛Montech CENTURY II 650W｝雙8/金牌/全模/ATX3.1(PCIe 5.1)/主日系/智慧停轉/10年,Montech CENTURY II 650W,2490,君主 Montech 【原廠兩年換新】,5568.5,,,,,,,,,,,,,,,,,,,,,,,650,金牌,False,True,全模,,,,,,黑,,,,,2026-10-10 06:01
psu,｛Montech CENTURY II 850W｝雙8/金牌/全模/ATX3.1(PCIe 5.1)/全日系/智慧停轉/10年,Montech CENTURY II 850W,2990,君主 Montech 【原廠兩年換新】,5569.5,,,,,,,,,,,,,,,,,,,,,,,850,金牌,False,True,全模,,,,,,黑,,,,,2026-10-10 06:01
psu,｛Montech CENTURY II 1050W｝雙8/金牌/全模/ATX3.1(PCIe 5.1)/全日系/智慧停轉/10年,Montech CENTURY II 1050W,3990,君主 Montech 【原廠兩年換新】,5570.5,,,,,,,,,,,,,,,,,,,,,,,1050,金牌,False,True,全模,,,,,,黑,,,,,2026-10-10 06:01
psu,｛Montech CENTURY II 1200W｝雙8/金牌/全模/ATX3.1(PCIe 5.1)/全日系/智慧停轉/10年,Montech CENTURY II 1200W,4790,君主 Montech 【原廠兩年換新】,5571.5,,,,,,,,,,,,,,,,,,,,,,,1200,金牌,False,True,全模,,,,,,黑,,,,,2026-10-10 06:01
psu,｛Montech TITAN GOLD 750W｝雙8/金牌/全模/ATX3.0(PCIe 5.0)/全日系/智慧停轉/10年,Montech TITAN GOLD 750W,3290,君主 Montech 【原廠兩年換新】,5572.5,,,,,,,,,,,,,,,,,,,,,,,750,金牌,False,True,全模,,,,,,黑,,,,,2026-10-10 06:01
psu,｛Montech TITAN GOLD 1200W｝雙8/金牌/全模/ATX3.0(PCIe 5.0)/全日系/智慧停轉/10年,Montech TITAN GOLD 1200W,4790,君主 Montech 【原廠兩年換新】,5573.5,,,,,,,,,,,,,,,,,,,,,,,1200,金牌,False,True,全模,,,,,,黑,,,,,2026-10-10 06:01
psu,｛Montech TITAN PLA 750W 白色｝雙8/白金/全模/ATX3.1(PCIe 5.1) /智慧停轉/10年,Montech TITAN PLA 750W 白色,3690,君主 Montech 【原廠兩年換新】,5574.5,,,,,,,,,,,,,,,,,,,,,,,750,白金,False,True,全模,,,,,,白,,,,,2026-10-10 06:01
psu,｛Montech TITAN PLA 850W 白色｝雙8/白金/全模/ATX3.1(PCIe 5.1)/智慧停轉/10年,Montech TITAN PLA 850W 白色,4290,君主 Montech 【原廠兩年換新】,5575.5,,,,,,,,,,,,,,,,,,,,,,,850,白金,False,True,全模,,,,,,白,,,,,2026-10-10 06:01
psu,｛Montech TITAN PLA 1000W 白色｝雙8/白金/全模/ATX3.1(PCIe 5.1)/智慧停轉/10年,Montech TITAN PLA 1000W 白色,6290,君主 Montech 【原廠兩年換新】,5576.5,,,,,,,,,,,,,,,,,,,,,,,1000,白金,False,True,全模,,,,,,白,,,,,2026-10-10 06:01
psu,｛Montech TITAN PLA 1200W 白色｝雙8/白金/全模/ATX3.1(PCIe 5.1)/智慧停轉/10年,Montech TITAN PLA 1200W 白色,7490,君主 Montech 【原廠兩年換新】,5577.5,,,,,,,,,,,,,,,,,,,,,,,1200,白金,False,True,全模,,,,,,白,,,,,2026-10-10 06:01
psu,｛銀欣 ST30SF 300W｝銅牌/直出線/5年保 (ST30SF.V2.0)【SFX規格】,銀欣 ST30SF 300W,1790,銀欣 SilverStone【原價屋售出 2年快換】,5580.5,,,,,,,,,,,,,,,,,,,,,,,300,銅牌,True,False,直出,,,,,,黑,,,,,2026-10-10 06:01
psu,｛銀欣 ST45SF 450W｝銅牌/直出線/5年保 (ST45SF.V3.0)【SFX規格】,銀欣 ST45SF 450W,2190,銀欣 SilverStone【原價屋售出 2年快換】,5581.5,,,,,,,,,,,,,,,,,,,,,,,450,銅牌,True,False,直出,,,,,,黑,,,,,2026-10-10 06:01
psu,｛銀欣 Extreme 550Rz(550W) Gold｝雙8/金牌/全模組/主日系/ATX3.1/5年保【SFX規格】,銀欣 Extreme 550Rz(550W) Gold,2490,銀欣 SilverStone【原價屋售出 2年快換】,5582.5,,,,,,,,,,,,,,,,,,,,,,,550,金牌,True,True,全模,,,,,,黑,,,,,2026-10-10 06:01
psu,｛銀欣 Extreme 650Rz(650W) Gold｝雙8/金牌/全模組/主日系/ATX3.1/5年保【SFX規格】,銀欣 Extreme 650Rz(650W) Gold,2790,銀欣 SilverStone【原價屋售出 2年快換】,5583.5,,,,,,,,,,,,,,,,,,,,,,,650,金牌,True,True,全模,,,,,,黑,,,,,2026-10-10 06:01
psu,｛銀欣 ET450-B(450W)｝銅牌/直出線/5年保,銀欣 ET450-B(450W),1350,銀欣 SilverStone【原價屋售出 2年快換】,5584.5,,,,,,,,,,,,,,,,,,,,,,,450,銅牌,False,False,直出,,,,,,黑,,,,,2026-10-10 06:01
psu,｛銀欣 ET650-B(650W)｝雙8/銅牌/直出線/扁平線/5年保,銀欣 ET650-B(650W),1690,銀欣 SilverStone【原價屋售出 2年快換】,5585.5,,,,,,,,,,,,,,,,,,,,,,,650,銅牌,False,False,直出,,,,,,黑,,,,,2026-10-10 06:01
psu,｛銀欣 ATTIS 650R(650W) 白｝雙8/銅牌/直出線/扁平線/主日系/ATX3.1/5年保,銀欣 ATTIS 650R(650W) 白,1990,銀欣 SilverStone【原價屋售出 2年快換】,5587.5,,,,,,,,,,,,,,,,,,,,,,,650,銅牌,False,True,直出,,,,,,白,,,,,2026-10-10 06:01
psu,｛銀欣 ATTIS 750R(750W) 黑｝雙8/銅牌/直出線/扁平線/主日系/ATX3.1/5年保,銀欣 ATTIS 750R(750W) 黑,2090,銀欣 SilverStone【原價屋售出 2年快換】,5588.5,,,,,,,,,,,,,,,,,,,,,,,750,銅牌,False,True,直出,,,,,,黑,,,,,2026-10-10 06:01
psu,｛銀欣 Triton 650Rx(650W)｝雙8/金牌/直出線/主日系/ATX3.1(PCIe 5.1)/5年,銀欣 Triton 650Rx(650W),2090,銀欣 SilverStone【原價屋售出 2年快換】,5589.5,,,,,,,,,,,,,,,,,,,,,,,650,金牌,False,True,直出,,,,,,黑,,,,,2026-10-10 06:01
psu,｛銀欣 Triton 750Rx(750W)｝雙8/金牌/直出線/主日系/ATX3.1(PCIe 5.1)/5年,銀欣 Triton 750Rx(750W),2290,銀欣 SilverStone【原價屋售出 2年快換】,5590.5,,,,,,,,,,,,,,,,,,,,,,,750,金牌,False,True,直出,,,,,,黑,,,,,2026-10-10 06:01
psu,｛銀欣 Triton 850Rx(850W)｝雙8/金牌/直出線/主日系/ATX3.1(PCIe 5.1)/5年,銀欣 Triton 850Rx(850W),2490,銀欣 SilverStone【原價屋售出 2年快換】,5591.5,,,,,,,,,,,,,,,,,,,,,,,850,金牌,False,True,直出,,,,,,黑,,,,,2026-10-10 06:01
psu,｛銀欣 DA750R Gold(750W) 黑色｝雙8/金牌/全模組/主日系/ATX3.0(PCIe 5.0)/5年,銀欣 DA750R Gold(750W) 黑色,2590,銀欣 SilverStone【原價屋售出 2年快換】,5592.5,,,,,,,,,,,,,,,,,,,,,,,750,金牌,False,True,全模,,,,,,黑,,,,,2026-10-10 06:01
psu,｛銀欣 DA750R Gold(750W) 白色｝雙8/金牌/全模組/主日系/ATX3.0(PCIe 5.0)/5年,銀欣 DA750R Gold(750W) 白色,2690,銀欣 SilverStone【原價屋售出 2年快換】,5593.5,,,,,,,,,,,,,,,,,,,,,,,750,金牌,False,True,全模,,,,,,白,,,,,2026-10-10 06:01
psu,｛銀欣 DA850R Gold(850W) 黑色｝雙8/金牌/全模組/主日系/ATX3.0(PCIe 5.0)/5年,銀欣 DA850R Gold(850W) 黑色,2890,銀欣 SilverStone【原價屋售出 2年快換】,5594.5,,,,,,,,,,,,,,,,,,,,,,,850,金牌,False,True,全模,,,,,,黑,,,,,2026-10-10 06:01
psu,｛銀欣 DA850R Gold(850W) 白色｝雙8/金牌/全模組/主日系/ATX3.0(PCIe 5.0)/5年,銀欣 DA850R Gold(850W) 白色,2990,銀欣 SilverStone【原價屋售出 2年快換】,5595.5,,,,,,,,,,,,,,,,,,,,,,,850,金牌,False,True,全模,,,,,,白,,,,,2026-10-10 06:01
psu,｛銀欣 HELA 850R Platinum(850W)｝雙8/白金/全模組/全日系/ATX3.0(PCIe 5.0)/5年保,銀欣 HELA 850R Platinum(850W),3590,銀欣 SilverStone【原價屋售出 2年快換】,5596.5,,,,,,,,,,,,,,,,,,,,,,,850,白金,False,True,全模,,,,,,白,,,,,2026-10-10 06:01
psu,｛酷碼 V SFX GOLD 850W ATX3.1 黑色｝雙8/金牌/全模組(PCIe 5.1)/10年【SFX規格】,酷碼 V SFX GOLD 850W ATX3.1 黑色,4690,酷碼 Cooler Master,5600.5,,,,,,,,,,,,,,,,,,,,,,,850,金牌,True,True,全模,,,,,,黑,,,,,2026-10-10 06:01
psu,｛酷碼V SFX GOLD 850W ATX3.1 白色｝雙8/金牌/全模組(PCIe 5.1)/10年【SFX規格】,酷碼V SFX GOLD 850W ATX3.1 白色,4690,酷碼 Cooler Master,5601.5,,,,,,,,,,,,,,,,,,,,,,,850,金牌,True,True,全模,,,,,,白,,,,,2026-10-10 06:01
psu,｛酷碼 MWE BRONZE V2 450W｝銅牌/DC-DC+LLC/5年保/2020年版,酷碼 MWE BRONZE V2 450W,1490,酷碼 Cooler Master,5602.5,,,,,,,,,,,,,,,,,,,,,,,450,銅牌,False,False,直出,,,,,,黑,,,,,2026-10-10 06:01
psu,｛酷碼 MWE GOLD V3 550W 黑色｝雙8/金牌/直出線/ATX3.1/5年,酷碼 MWE GOLD V3 550W 黑色,1690,酷碼 Cooler Master,5603.5,,,,,,,,,,,,,,,,,,,,,,,550,金牌,False,True,直出,,,,,,黑,,,,,2026-10-10 06:01
psu,｛酷碼 MWE GOLD V3 550W 白色｝雙8/金牌/直出線/ATX3.1/5年,酷碼 MWE GOLD V3 550W 白色,1690,酷碼 Cooler Master,5604.5,,,,,,,,,,,,,,,,,,,,,,,550,金牌,False,True,直出,,,,,,白,,,,,2026-10-10 06:01
psu,｛酷碼 MWE GOLD V3 650W 黑色｝雙8/金牌/直出線/ATX3.1/5年,酷碼 MWE GOLD V3 650W 黑色,1990,酷碼 Cooler Master,5605.5,,,,,,,,,,,,,,,,,,,,,,,650,金牌,False,True,直出,,,,,,黑,,,,,2026-10-10 06:01
psu,｛酷碼 MWE GOLD V3 650W 白色｝雙8/金牌/直出線/ATX3.1/5年,酷碼 MWE GOLD V3 650W 白色,1990,酷碼 Cooler Master,5606.5,,,,,,,,,,,,,,,,,,,,,,,650,金牌,False,True,直出,,,,,,白,,,,,2026-10-10 06:01
psu,｛酷碼 MWE GOLD V3 750W 黑色｝雙8/金牌/直出線/ATX3.1(PCIe 5.1)/5年,酷碼 MWE GOLD V3 750W 黑色,2290,酷碼 Cooler Master,5607.5,,,,,,,,,,,,,,,,,,,,,,,750,金牌,False,True,直出,,,,,,黑,,,,,2026-10-10 06:01
psu,｛酷碼 MWE GOLD V3 750W 白色｝雙8/金牌/直出線/ATX3.1(PCIe 5.1)/5年,酷碼 MWE GOLD V3 750W 白色,2290,酷碼 Cooler Master,5608.5,,,,,,,,,,,,,,,,,,,,,,,750,金牌,False,True,直出,,,,,,白,,,,,2026-10-10 06:01
psu,｛酷碼 MWE GOLD V3 850W 黑色｝雙8/金牌/直出線/ATX3.1(PCIe 5.1)/5年,酷碼 MWE GOLD V3 850W 黑色,2490,酷碼 Cooler Master,5609.5,,,,,,,,,,,,,,,,,,,,,,,850,金牌,False,True,直出,,,,,,黑,,,,,2026-10-10 06:01
psu,｛酷碼 MWE GOLD V3 850W 白色｝雙8/金牌/直出線/ATX3.1(PCIe 5.1)/5年,酷碼 MWE GOLD V3 850W 白色,2490,酷碼 Cooler Master,5610.5,,,,,,,,,,,,,,,,,,,,,,,850,金牌,False,True,直出,,,,,,白,,,,,2026-10-10 06:01
psu,｛酷碼 GX II GOLD 750W｝雙8/金牌/全模組/ATX3.1(PCIe 5.1垂直線)/主日系/10年,酷碼 GX II GOLD 750W,2790,酷碼 Cooler Master,5611.5,,,,,,,,,,,,,,,,,,,,,,,750,金牌,False,True,全模,,,,,,黑,,,,,2026-10-10 06:01
psu,｛酷碼 MWE GOLD V4 850W 黑色｝雙8/金牌/全模組/ATX3.1(PCIe 5.1)LED警示燈/10年,酷碼 MWE GOLD V4 850W 黑色,3390,酷碼 Cooler Master,5612.5,,,,,,,,,,,,,,,,,,,,,,,850,金牌,False,True,全模,,,,,,黑,,,,,2026-10-10 06:01
psu,｛酷碼 MWE GOLD V4 850W 白色｝雙8/金牌/全模組/ATX3.1(PCIe 5.1)LED警示燈/10年,酷碼 MWE GOLD V4 850W 白色,3390,酷碼 Cooler Master,5613.5,,,,,,,,,,,,,,,,,,,,,,,850,金牌,False,True,全模,,,,,,白,,,,,2026-10-10 06:01
psu,｛酷碼 MWE GOLD V4 1000W 白色｝雙8/金牌/全模組/ATX3.1(PCIe 5.1)LED警示燈/10年,酷碼 MWE GOLD V4 1000W 白色,4690,酷碼 Cooler Master,5615.5,,,,,,,,,,,,,,,,,,,,,,,1000,金牌,False,True,全模,,,,,,白,,,,,2026-10-10 06:01
psu,｛酷碼 ELITE PLATINUM 850W 黑色｝雙8/白金牌/全模組/ATX3.1(PCIe 5.1)全日系/12年,酷碼 ELITE PLATINUM 850W 黑色,3890,酷碼 Cooler Master,5618.5,,,,,,,,,,,,,,,,,,,,,,,850,白金,False,True,全模,,,,,,白,,,,,2026-10-10 06:01
psu,｛酷碼 ELITE PLATINUM 850W 白色｝雙8/白金牌/全模組/ATX3.1(PCIe 5.1)全日系/12年,酷碼 ELITE PLATINUM 850W 白色,3890,酷碼 Cooler Master,5619.5,,,,,,,,,,,,,,,,,,,,,,,850,白金,False,True,全模,,,,,,白,,,,,2026-10-10 06:01
psu,｛酷碼 ELITE PLATINUM 1000W 黑色｝雙8/白金牌/全模組/ATX3.1(PCIe 5.1)全日系/12年,酷碼 ELITE PLATINUM 1000W 黑色,4990,酷碼 Cooler Master,5620.5,,,,,,,,,,,,,,,,,,,,,,,1000,白金,False,True,全模,,,,,,白,,,,,2026-10-10 06:01
psu,｛酷碼 ELITE PLATINUM 1000W 白色｝雙8/白金牌/全模組/ATX3.1(PCIe 5.1)全日系/12年,酷碼 ELITE PLATINUM 1000W 白色,4990,酷碼 Cooler Master,5621.5,,,,,,,,,,,,,,,,,,,,,,,1000,白金,False,True,全模,,,,,,白,,,,,2026-10-10 06:01
psu,｛酷碼 V Platinum V2 1100W｝雙8/白金/全模組/ATX3.1(PCIe 5.1垂直線)/12年,酷碼 V Platinum V2 1100W,6250,酷碼 Cooler Master,5624.5,,,,,,,,,,,,,,,,,,,,,,,1100,白金,False,True,全模,,,,,,白,,,,,2026-10-10 06:01
psu,｛酷碼 V Platinum V2 1300W｝雙8/白金/全模組/ATX3.1(PCIe 5.1垂直線)/12年,酷碼 V Platinum V2 1300W,7250,酷碼 Cooler Master,5625.5,,,,,,,,,,,,,,,,,,,,,,,1300,白金,False,True,全模,,,,,,白,,,,,2026-10-10 06:01
psu,｛酷碼 V Platinum V2 1600W｝雙8/白金/全模組/ATX3.1(PCIe 5.1垂直線)/12年,酷碼 V Platinum V2 1600W,10750,酷碼 Cooler Master,5626.5,,,,,,,,,,,,,,,,,,,,,,,1600,白金,False,True,全模,,,,,,白,,,,,2026-10-10 06:01
psu,｛酷碼 X Silent Max Platinum 1300W｝雙8/白金/全模組/數位電源/ATX3.1(PCIe 5.0)/15年,酷碼 X Silent Max Platinum 1300W,11990,酷碼 Cooler Master,5627.5,,,,,,,,,,,,,,,,,,,,,,,1300,白金,False,True,全模,,,,,,白,,,,,2026-10-10 06:01
psu,｛XPG CORE PYLON II 550W｝雙8/銅牌/ATX3.1(PCIe 5.1)/5年保,XPG CORE PYLON II 550W,1590,威剛 XPG【保內原廠展服快換】,5629.5,,,,,,,,,,,,,,,,,,,,,,,550,銅牌,False,True,直出,,,,,,黑,,,,,2026-10-10 06:01
psu,｛XPG CORE PYLON II 650W｝雙8/銅牌/ATX3.1(PCIe 5.1)/5年保,XPG CORE PYLON II 650W,1790,威剛 XPG【保內原廠展服快換】,5630.5,,,,,,,,,,,,,,,,,,,,,,,650,銅牌,False,True,直出,,,,,,黑,,,,,2026-10-10 06:01
psu,｛XPG CORE PYLON II 750W｝雙8/銅牌/ATX3.1(PCIe 5.1)/5年保,XPG CORE PYLON II 750W,1990,威剛 XPG【保內原廠展服快換】,5631.5,,,,,,,,,,,,,,,,,,,,,,,750,銅牌,False,True,直出,,,,,,黑,,,,,2026-10-10 06:01
psu,｛XPG CORE SHIFT II VE 750W｝雙8/金牌/直出線/ATX3.1(PCIe 5.1)/5年保,XPG CORE SHIFT II VE 750W,2090,威剛 XPG【保內原廠展服快換】,5632.5,,,,,,,,,,,,,,,,,,,,,,,750,金牌,False,True,直出,,,,,,黑,,,,,2026-10-10 06:01
psu,｛XPG CORE SHIFT II VE 850W｝雙8/金牌/直出線/ATX3.1(PCIe 5.1)/5年保,XPG CORE SHIFT II VE 850W,2390,威剛 XPG【保內原廠展服快換】,5633.5,,,,,,,,,,,,,,,,,,,,,,,850,金牌,False,True,直出,,,,,,黑,,,,,2026-10-10 06:01
psu,｛XPG KYBER II 750W｝雙8/金牌/半模/ATX3.1(PCIe 5.1)/主日系/5年保,XPG KYBER II 750W,2290,威剛 XPG【保內原廠展服快換】,5634.5,,,,,,,,,,,,,,,,,,,,,,,750,金牌,False,True,半模,,,,,,黑,,,,,2026-10-10 06:01
psu,｛XPG KYBER II 850W｝雙8/金牌/半模/ATX3.1(PCIe 5.1)/主日系/5年保,XPG KYBER II 850W,2590,威剛 XPG【保內原廠展服快換】,5635.5,,,,,,,,,,,,,,,,,,,,,,,850,金牌,False,True,半模,,,,,,黑,,,,,2026-10-10 06:01
psu,｛XPG CORE REACTOR II VE 750W｝雙8/金牌/全模/ATX3.1(PCIe 5.1)/7年保 原價$3190,XPG CORE REACTOR II VE 750W,2790,威剛 XPG【保內原廠展服快換】,5636.5,,,,,,,,,,,,,,,,,,,,,,,750,金牌,False,True,全模,,,,,,黑,,,,,2026-10-10 06:01
psu,｛XPG CORE REACTOR II VE 850W｝雙8/金牌/全模/ATX3.1(PCIe 5.1)/7年保 原價$3490,XPG CORE REACTOR II VE 850W,3190,威剛 XPG【保內原廠展服快換】,5638.5,,,,,,,,,,,,,,,,,,,,,,,850,金牌,False,True,全模,,,,,,黑,,,,,2026-10-10 06:01
psu,｛XPG CORE REACTOR II 750W｝雙8/金牌/全模組/ATX3.0(PCIe 5.0)/全日系/10年保,XPG CORE REACTOR II 750W,3290,威剛 XPG【保內原廠展服快換】,5639.5,,,,,,,,,,,,,,,,,,,,,,,750,金牌,False,True,全模,,,,,,黑,,,,,2026-10-10 06:01
psu,｛XPG CORE REACTOR II 850W｝雙8/金牌/全模組/ATX3.0(PCIe 5.0)/全日系/10年保,XPG CORE REACTOR II 850W,3690,威剛 XPG【保內原廠展服快換】,5640.5,,,,,,,,,,,,,,,,,,,,,,,850,金牌,False,True,全模,,,,,,黑,,,,,2026-10-10 06:01
psu,｛XPG CORE REACTOR II 850W 白色｝雙8/金牌/全模/ATX3.0(PCIe 5.0)/全日系/10年保,XPG CORE REACTOR II 850W 白色,3990,威剛 XPG【保內原廠展服快換】,5641.5,,,,,,,,,,,,,,,,,,,,,,,850,金牌,False,True,全模,,,,,,白,,,,,2026-10-10 06:01
psu,｛XPG CORE REACTOR II 1000W｝雙8/金牌/全模組/ATX3.0(PCIe 5.0)/全日系/10年保,XPG CORE REACTOR II 1000W,4590,威剛 XPG【保內原廠展服快換】,5642.5,,,,,,,,,,,,,,,,,,,,,,,1000,金牌,False,True,全模,,,,,,黑,,,,,2026-10-10 06:01
psu,｛XPG CORE REACTOR II 1200W｝雙8/金牌/全模組/ATX3.0(PCIe 5.0)/全日系/10年保,XPG CORE REACTOR II 1200W,5590,威剛 XPG【保內原廠展服快換】,5643.5,,,,,,,,,,,,,,,,,,,,,,,1200,金牌,False,True,全模,,,,,,黑,,,,,2026-10-10 06:01
psu,｛XPG FUSION 1600W｝雙8/鈦金/全模組/ATX3.0(雙PCIe 5.0)/全日系/12年,XPG FUSION 1600W,19900,威剛 XPG【保內原廠展服快換】,5645.5,,,,,,,,,,,,,,,,,,,,,,,1600,鈦金,False,True,全模,,,,,,黑,,,,,2026-10-10 06:01
psu,｛保銳 EB450-C 450W｝銅牌/直出壓紋線/全日系/5年,保銳 EB450-C 450W,1090,保銳 ENERMAX【原價屋售出 2年快換】,5648.5,,,,,,,,,,,,,,,,,,,,,,,450,銅牌,False,False,直出,,,,,,黑,,,,,2026-10-10 06:01
psu,｛保銳 EB550-C 550W｝銅牌/直出壓紋線/ATX3.1/全日系/5年,保銳 EB550-C 550W,1490,保銳 ENERMAX【原價屋售出 2年快換】,5649.5,,,,,,,,,,,,,,,,,,,,,,,550,銅牌,False,True,直出,,,,,,黑,,,,,2026-10-10 06:01
psu,｛保銳 EB650-C 650W｝雙8/銅牌/直出壓紋線/ATX3.1/全日系/5年,保銳 EB650-C 650W,1690,保銳 ENERMAX【原價屋售出 2年快換】,5650.5,,,,,,,,,,,,,,,,,,,,,,,650,銅牌,False,True,直出,,,,,,黑,,,,,2026-10-10 06:01
psu,｛保銳 Cyberbron II 700W｝雙8/銅牌/直出扁線/主日系/5年,保銳 Cyberbron II 700W,1690,保銳 ENERMAX【原價屋售出 2年快換】,5651.5,,,,,,,,,,,,,,,,,,,,,,,700,銅牌,False,False,直出,,,,,,黑,,,,,2026-10-10 06:01
psu,｛保銳 CyberG II 650W｝雙8/金牌/直出扁線/ATX3.1/全日系/7年,保銳 CyberG II 650W,1790,保銳 ENERMAX【原價屋售出 2年快換】,5652.5,,,,,,,,,,,,,,,,,,,,,,,650,金牌,False,True,直出,,,,,,黑,,,,,2026-10-10 06:01
psu,｛保銳 CyberG II 750W｝雙8/金牌/直出扁線/ATX3.1(PCIe 5.1)/全日系/7年,保銳 CyberG II 750W,2090,保銳 ENERMAX【原價屋售出 2年快換】,5653.5,,,,,,,,,,,,,,,,,,,,,,,750,金牌,False,True,直出,,,,,,黑,,,,,2026-10-10 06:01
psu,｛保銳 CyberG II 850W｝雙8/金牌/直出扁線/ATX3.1(PCIe 5.1)/全日系/7年,保銳 CyberG II 850W,2390,保銳 ENERMAX【原價屋售出 2年快換】,5654.5,,,,,,,,,,,,,,,,,,,,,,,850,金牌,False,True,直出,,,,,,黑,,,,,2026-10-10 06:01
psu,｛保銳 Revolution III 650W 黑色｝雙8/金牌/全模組/ATX3.1(PCIe 5.1)/全日系/10年,保銳 Revolution III 650W 黑色,2490,保銳 ENERMAX【原價屋售出 2年快換】,5655.5,,,,,,,,,,,,,,,,,,,,,,,650,金牌,False,True,全模,,,,,,黑,,,,,2026-10-10 06:01
psu,｛保銳 Revolution III 650W 白色｝雙8/金牌/全模組/ATX3.1(PCIe 5.1)/全日系/10年,保銳 Revolution III 650W 白色,2490,保銳 ENERMAX【原價屋售出 2年快換】,5656.5,,,,,,,,,,,,,,,,,,,,,,,650,金牌,False,True,全模,,,,,,白,,,,,2026-10-10 06:01
psu,｛保銳 Revolution III 750W 黑色｝雙8/金牌/全模組/ATX3.1(PCIe 5.1)/全日系/10年,保銳 Revolution III 750W 黑色,2790,保銳 ENERMAX【原價屋售出 2年快換】,5657.5,,,,,,,,,,,,,,,,,,,,,,,750,金牌,False,True,全模,,,,,,黑,,,,,2026-10-10 06:01
psu,｛保銳 Revolution III 750W 白色｝雙8/金牌/全模組/ATX3.1(PCIe 5.1)/全日系/10年,保銳 Revolution III 750W 白色,2790,保銳 ENERMAX【原價屋售出 2年快換】,5658.5,,,,,,,,,,,,,,,,,,,,,,,750,金牌,False,True,全模,,,,,,白,,,,,2026-10-10 06:01
psu,｛保銳 Revolution III 850W 黑色｝雙8/金牌/全模組/ATX3.1(PCIe 5.1)/全日系/10年,保銳 Revolution III 850W 黑色,3090,保銳 ENERMAX【原價屋售出 2年快換】,5659.5,,,,,,,,,,,,,,,,,,,,,,,850,金牌,False,True,全模,,,,,,黑,,,,,2026-10-10 06:01
psu,｛保銳 Revolution III 850W 白色｝雙8/金牌/全模組/ATX3.1(PCIe 5.1)/全日系/10年,保銳 Revolution III 850W 白色,3090,保銳 ENERMAX【原價屋售出 2年快換】,5660.5,,,,,,,,,,,,,,,,,,,,,,,850,金牌,False,True,全模,,,,,,白,,,,,2026-10-10 06:01
psu,｛保銳 Revolution III 1000W｝雙8/金牌/全模組/ATX3.1(PCIe 5.1)/全日系/10年,保銳 Revolution III 1000W,4290,保銳 ENERMAX【原價屋售出 2年快換】,5661.5,,,,,,,,,,,,,,,,,,,,,,,1000,金牌,False,True,全模,,,,,,黑,,,,,2026-10-10 06:01
psu,｛保銳 Revolution III S 1000W 黑色｝雙8/白金/全模/ATX3.1(PCIe 5.1)/全日系/13年保,保銳 Revolution III S 1000W 黑色,4990,保銳 ENERMAX【原價屋售出 2年快換】,5663.5,,,,,,,,,,,,,,,,,,,,,,,1000,白金,False,True,全模,,,,,,白,,,,,2026-10-10 06:01
psu,｛保銳 Revolution III S 1000W 白色｝雙8/白金/全模/ATX3.1(PCIe 5.1)/全日系/13年保,保銳 Revolution III S 1000W 白色,4990,保銳 ENERMAX【原價屋售出 2年快換】,5664.5,,,,,,,,,,,,,,,,,,,,,,,1000,白金,False,True,全模,,,,,,白,,,,,2026-10-10 06:01
psu,｛保銳 PlatimaxII 1200DF(1200W) 黑色｝雙8/白金/全模/ATX3.1(PCIe 5.1)/全日系/13年保,保銳 PlatimaxII 1200DF(1200W) 黑色,5990,保銳 ENERMAX【原價屋售出 2年快換】,5665.5,,,,,,,,,,,,,,,,,,,,,,,1200,白金,False,True,全模,,,,,,白,,,,,2026-10-10 06:01
psu,｛保銳 PlatimaxII 1200DF(1200W) 白色｝雙8/白金/全模/ATX3.1(PCIe 5.1)/全日系/13年保,保銳 PlatimaxII 1200DF(1200W) 白色,5990,保銳 ENERMAX【原價屋售出 2年快換】,5666.5,,,,,,,,,,,,,,,,,,,,,,,1200,白金,False,True,全模,,,,,,白,,,,,2026-10-10 06:01
psu,｛保銳 PlatiGemini 1200W｝雙8/白金/符合ATX12VO/全模/ATX3.1(PCIe 5.1)/全日系/10年,保銳 PlatiGemini 1200W,5990,保銳 ENERMAX【原價屋售出 2年快換】,5667.5,,,,,,,,,,,,,,,,,,,,,,,1200,白金,False,True,全模,,,,,,白,,,,,2026-10-10 06:01
psu,｛Antec CSK550DC(550W)｝雙8/銅牌/直出線/靜音風扇/DC-DC/5年保,Antec CSK550DC(550W),1590,安鈦克 Antec 電源供應器 美國選購率第一【原價屋售出 2年快換!!】,5670.5,,,,,,,,,,,,,,,,,,,,,,,550,銅牌,False,False,直出,,,,,,黑,,,,,2026-10-10 06:01
psu,｛Antec CSK650DC(650W)｝雙8/銅牌/直出線/靜音風扇/DC-DC/5年保,Antec CSK650DC(650W),1790,安鈦克 Antec 電源供應器 美國選購率第一【原價屋售出 2年快換!!】,5671.5,,,,,,,,,,,,,,,,,,,,,,,650,銅牌,False,False,直出,,,,,,黑,,,,,2026-10-10 06:01
psu,｛Antec CSK750DC(750W) 白色｝雙8/銅牌/直出線/PCIe 5.1/DC-DC/5年保,Antec CSK750DC(750W) 白色,2190,安鈦克 Antec 電源供應器 美國選購率第一【原價屋售出 2年快換!!】,5673.5,,,,,,,,,,,,,,,,,,,,,,,750,銅牌,False,True,直出,,,,,,白,,,,,2026-10-10 06:01
psu,｛Antec CSK750H(750W)｝雙8/銅牌/半模組/靜音風扇/5年保,Antec CSK750H(750W),1890,安鈦克 Antec 電源供應器 美國選購率第一【原價屋售出 2年快換!!】,5674.5,,,,,,,,,,,,,,,,,,,,,,,750,銅牌,False,False,半模,,,,,,黑,,,,,2026-10-10 06:01
psu,｛Antec GSK 750W V2｝雙8/金牌/全模/ATX3.1(PCIe 5.1)/溫控風扇/壓紋線/10年保,Antec GSK 750W V2,2790,安鈦克 Antec 電源供應器 美國選購率第一【原價屋售出 2年快換!!】,5675.5,,,,,,,,,,,,,,,,,,,,,,,750,金牌,False,True,全模,,,,,,黑,,,,,2026-10-10 06:01
psu,｛Antec GSK 850W V2｝雙8/金牌/全模/ATX3.1(PCIe 5.1)/溫控風扇/壓紋線/10年保,Antec GSK 850W V2,3090,安鈦克 Antec 電源供應器 美國選購率第一【原價屋售出 2年快換!!】,5676.5,,,,,,,,,,,,,,,,,,,,,,,850,金牌,False,True,全模,,,,,,黑,,,,,2026-10-10 06:01
psu,｛Antec GSK 1000W｝雙8/金牌/全模/ATX3.1(PCIe 5.1)/溫控風扇/壓紋線/10年保,Antec GSK 1000W,3790,安鈦克 Antec 電源供應器 美國選購率第一【原價屋售出 2年快換!!】,5677.5,,,,,,,,,,,,,,,,,,,,,,,1000,金牌,False,True,全模,,,,,,黑,,,,,2026-10-10 06:01
psu,｛Antec NE750GM(750W)｝雙8/金牌/全模/全日系/智慧溫控風扇/10年保,Antec NE750GM(750W),2290,安鈦克 Antec 電源供應器 美國選購率第一【原價屋售出 2年快換!!】,5678.5,,,,,,,,,,,,,,,,,,,,,,,750,金牌,False,False,全模,,,,,,黑,,,,,2026-10-10 06:01
psu,｛Antec NE850GM(850W) 白色｝雙8/黑色線材/金牌/全模/全日系/智慧溫控風扇/10年保,Antec NE850GM(850W) 白色,2490,安鈦克 Antec 電源供應器 美國選購率第一【原價屋售出 2年快換!!】,5680.5,,,,,,,,,,,,,,,,,,,,,,,850,金牌,False,False,全模,,,,,,白,,,,,2026-10-10 06:01
psu,｛Antec NE1000G M ATX3.0(1000W) 白色｝雙8/金牌/全模/PCIe 5.0/全日系/10年保,Antec NE1000G M ATX3.0(1000W) 白色,3590,安鈦克 Antec 電源供應器 美國選購率第一【原價屋售出 2年快換!!】,5681.5,,,,,,,,,,,,,,,,,,,,,,,1000,金牌,False,True,全模,,,,,,白,,,,,2026-10-10 06:01
psu,｛Antec NE1300G M ATX3.0(1300W)｝雙8/金牌/全模/PCIe 5.0/全日系/10年保,Antec NE1300G M ATX3.0(1300W),3990,安鈦克 Antec 電源供應器 美國選購率第一【原價屋售出 2年快換!!】,5682.5,,,,,,,,,,,,,,,,,,,,,,,1300,金牌,False,True,全模,,,,,,黑,,,,,2026-10-10 06:01
psu,｛Antec NE850(850W) Platinum｝雙8/白金/全模/ATX3.1(PCIe 5.1)/主日系/10年保,Antec NE850(850W) Platinum,3690,安鈦克 Antec 電源供應器 美國選購率第一【原價屋售出 2年快換!!】,5683.5,,,,,,,,,,,,,,,,,,,,,,,850,白金,False,True,全模,,,,,,白,,,,,2026-10-10 06:01
psu,｛Antec NE1000(1000W) Platinum｝雙8/白金/全模/ATX3.1(PCIe 5.1)/主日系/10年保,Antec NE1000(1000W) Platinum,4190,安鈦克 Antec 電源供應器 美國選購率第一【原價屋售出 2年快換!!】,5684.5,,,,,,,,,,,,,,,,,,,,,,,1000,白金,False,True,全模,,,,,,白,,,,,2026-10-10 06:01
psu,｛Antec NE1200(1200W) Platinum｝雙8/白金/全模/ATX3.1(PCIe 5.1)/主日系/10年保,Antec NE1200(1200W) Platinum,4790,安鈦克 Antec 電源供應器 美國選購率第一【原價屋售出 2年快換!!】,5685.5,,,,,,,,,,,,,,,,,,,,,,,1200,白金,False,True,全模,,,,,,白,,,,,2026-10-10 06:01
psu,｛微星 MAG A550BN 550W｝銅牌/DC-DC/5年保,微星 MAG A550BN 550W,1790,微星 MSI 【到府收件 兩年展服快換】,5689.5,,,,,,,,,,,,,,,,,,,,,,,550,銅牌,False,False,直出,,,,,,黑,,,,,2026-10-10 06:01
psu,｛微星 MAG A650BN 650W｝銅牌/DC-DC/5年保,微星 MAG A650BN 650W,1990,微星 MSI 【到府收件 兩年展服快換】,5690.5,,,,,,,,,,,,,,,,,,,,,,,650,銅牌,False,False,直出,,,,,,黑,,,,,2026-10-10 06:01
psu,｛微星 MAG A650BNL WHITE 650W 白｝銅牌/DC-DC/5年保,微星 MAG A650BNL WHITE 650W 白,2090,微星 MSI 【到府收件 兩年展服快換】,5692.5,,,,,,,,,,,,,,,,,,,,,,,650,銅牌,False,False,直出,,,,,,白,,,,,2026-10-10 06:01
psu,｛微星 MAG A750BN PCIE5 III 750W｝雙8/銅牌/ATX3.1/5年保,微星 MAG A750BN PCIE5 III 750W,2290,微星 MSI 【到府收件 兩年展服快換】,5693.5,,,,,,,,,,,,,,,,,,,,,,,750,銅牌,False,True,直出,,,,,,黑,,,,,2026-10-10 06:01
psu,｛微星 MAG A650GL 650W｝雙8/金牌/全模組/DC-DC/7年保,微星 MAG A650GL 650W,3090,微星 MSI 【到府收件 兩年展服快換】,5694.5,,,,,,,,,,,,,,,,,,,,,,,650,金牌,False,False,全模,,,,,,黑,,,,,2026-10-10 06:01
psu,｛微星 MAG A750GL PCIE5 750W｝雙8/金牌/全模組/ATX3.0/7年保,微星 MAG A750GL PCIE5 750W,3290,微星 MSI 【到府收件 兩年展服快換】,5695.5,,,,,,,,,,,,,,,,,,,,,,,750,金牌,False,True,全模,,,,,,黑,,,,,2026-10-10 06:01
psu,｛微星 MAG A850GL PCIE5 WHITE 850W 白｝雙8/金牌/全模組/ATX3.0/7年保,微星 MAG A850GL PCIE5 WHITE 850W 白,3790,微星 MSI 【到府收件 兩年展服快換】,5697.5,,,,,,,,,,,,,,,,,,,,,,,850,金牌,False,True,全模,,,,,,白,,,,,2026-10-10 06:01
psu,｛微星 MAG A1000GL PCIE5 1000W｝雙8/金牌/全模組/ATX3.1/7年保▼下殺到 10/31 20:00,微星 MAG A1000GL PCIE5 1000W,3790,微星 MSI 【到府收件 兩年展服快換】,5698.5,,,,,,,,,,,,,,,,,,,,,,,1000,金牌,False,True,全模,,,,,,黑,,,,,2026-10-10 06:01
psu,｛微星 MAG A750GLS PCIE5 750W｝雙8/金牌/全模/壓紋線/ATX3.1(PCIe 5.1)/7年 原價$3690,微星 MAG A750GLS PCIE5 750W,2890,微星 MSI 【到府收件 兩年展服快換】,5699.5,,,,,,,,,,,,,,,,,,,,,,,750,金牌,False,True,全模,,,,,,黑,,,,,2026-10-10 06:01
psu,｛微星 PRO A850PL PCIE5 850W｝雙8/白金/全模組/ATX3.1(PCIe 5.1)/7年▼下殺到 10/31 20:00,微星 PRO A850PL PCIE5 850W,3690,微星 MSI 【到府收件 兩年展服快換】,5701.5,,,,,,,,,,,,,,,,,,,,,,,850,白金,False,True,全模,,,,,,白,,,,,2026-10-10 06:01
psu,｛微星 PRO A1000PL PCIE5 1000W｝雙8/白金/全模組/ATX3.1(PCIe 5.1)/7年▼下殺到 10/31 20:00,微星 PRO A1000PL PCIE5 1000W,4590,微星 MSI 【到府收件 兩年展服快換】,5702.5,,,,,,,,,,,,,,,,,,,,,,,1000,白金,False,True,全模,,,,,,白,,,,,2026-10-10 06:01
psu,｛微星 MAG A1000PLS PCIE5 1000W｝雙8/白金/全模組/ATX3.1(PCIe 5.1)/10年保,微星 MAG A1000PLS PCIE5 1000W,6490,微星 MSI 【到府收件 兩年展服快換】,5703.5,,,,,,,,,,,,,,,,,,,,,,,1000,白金,False,True,全模,,,,,,白,,,,,2026-10-10 06:01
psu,｛微星 MPG Ai1300TS PCIE5 1300W｝雙8/鈦金/全模/ATX3.1(雙PCIe 5)/軟體監控/12年,微星 MPG Ai1300TS PCIE5 1300W,16490,微星 MSI 【到府收件 兩年展服快換】,5705.5,,,,,,,,,,,,,,,,,,,,,,,1300,鈦金,False,True,全模,,,,,,黑,,,,,2026-10-10 06:01
psu,｛微星 MPG Ai1600TS PCIE5 1600W｝雙8/鈦金/全模/ATX3.1(雙PCIe 5)/軟體監控/12年,微星 MPG Ai1600TS PCIE5 1600W,18490,微星 MSI 【到府收件 兩年展服快換】,5706.5,,,,,,,,,,,,,,,,,,,,,,,1600,鈦金,False,True,全模,,,,,,黑,,,,,2026-10-10 06:01
psu,｛九州風神 PK550D(550W)｝雙8/銅牌/DC-DC/5年,九州風神 PK550D(550W),1390,DEEPCOOL 九州風神,5709.5,,,,,,,,,,,,,,,,,,,,,,,550,銅牌,False,False,直出,,,,,,黑,,,,,2026-10-10 06:01
psu,｛九州風神 PK650D(650W)｝雙8/銅牌/DC-DC/5年,九州風神 PK650D(650W),1590,DEEPCOOL 九州風神,5710.5,,,,,,,,,,,,,,,,,,,,,,,650,銅牌,False,False,直出,,,,,,黑,,,,,2026-10-10 06:01
psu,｛九州風神 PN650D(650W)｝雙8/金牌/直出線/ATX3.1(PCIe 5.1)/10年 送 快睿CR401 ARGB散熱器！,九州風神 PN650D(650W),2190,DEEPCOOL 九州風神,5711.5,,,,,,,,,,,,,,,,,,,,,,,650,金牌,False,True,直出,,,,,,黑,,,,,2026-10-10 06:01
psu,｛九州風神 PN750D(750W)｝雙8/金牌/直出線/ATX3.1(PCIe 5.1)/10年 送 快睿CR401 ARGB散熱器！,九州風神 PN750D(750W),2490,DEEPCOOL 九州風神,5712.5,,,,,,,,,,,,,,,,,,,,,,,750,金牌,False,True,直出,,,,,,黑,,,,,2026-10-10 06:01
psu,｛九州風神 PN850D(850W)｝雙8/金牌/直出線/ATX3.1(PCIe 5.1)/10年,九州風神 PN850D(850W),2790,DEEPCOOL 九州風神,5713.5,,,,,,,,,,,,,,,,,,,,,,,850,金牌,False,True,直出,,,,,,黑,,,,,2026-10-10 06:01
psu,｛九州風神 PN650M(650W)｝雙8/金牌/全模組/ATX3.1(PCIe 5.1)/主日系/10年,九州風神 PN650M(650W),2490,DEEPCOOL 九州風神,5714.5,,,,,,,,,,,,,,,,,,,,,,,650,金牌,False,True,全模,,,,,,黑,,,,,2026-10-10 06:01
psu,｛九州風神 PN750M(750W)｝雙8/金牌/全模組/ATX3.1(PCIe 5.1)/主日系/10年,九州風神 PN750M(750W),2790,DEEPCOOL 九州風神,5715.5,,,,,,,,,,,,,,,,,,,,,,,750,金牌,False,True,全模,,,,,,黑,,,,,2026-10-10 06:01
psu,｛九州風神 PN850M(850W)｝雙8/金牌/全模組/ATX3.1(PCIe 5.1)/主日系/10年,九州風神 PN850M(850W),3090,DEEPCOOL 九州風神,5716.5,,,,,,,,,,,,,,,,,,,,,,,850,金牌,False,True,全模,,,,,,黑,,,,,2026-10-10 06:01
psu,｛九州風神 PN850M WH(850W) 白色｝雙8/金牌/全模組/ATX3.1(PCIe 5.1)/主日系/10年,九州風神 PN850M WH(850W) 白色,3190,DEEPCOOL 九州風神,5717.5,,,,,,,,,,,,,,,,,,,,,,,850,金牌,False,True,全模,,,,,,白,,,,,2026-10-10 06:01
psu,｛darkFlash PMT 750W 黑色｝雙8/金牌/全模組/ATX3.1(PCIe 5.1)/主日系/10年保,darkFlash PMT 750W 黑色,2990,大飛 darkFlash,5721.5,,,,,,,,,,,,,,,,,,,,,,,750,金牌,False,True,全模,,,,,,黑,,,,,2026-10-10 06:01
psu,｛darkFlash PMT 750W 白色｝雙8/金牌/全模組/ATX3.1(PCIe 5.1)/主日系/10年保,darkFlash PMT 750W 白色,3090,大飛 darkFlash,5722.5,,,,,,,,,,,,,,,,,,,,,,,750,金牌,False,True,全模,,,,,,白,,,,,2026-10-10 06:01
psu,｛darkFlash PMT 850W 黑色｝雙8/金牌/全模組/ATX3.1(PCIe 5.1)/主日系/10年保,darkFlash PMT 850W 黑色,3290,大飛 darkFlash,5723.5,,,,,,,,,,,,,,,,,,,,,,,850,金牌,False,True,全模,,,,,,黑,,,,,2026-10-10 06:01
psu,｛darkFlash PMT 850W 白色｝雙8/金牌/全模組/ATX3.1(PCIe 5.1)/主日系/10年保,darkFlash PMT 850W 白色,3390,大飛 darkFlash,5724.5,,,,,,,,,,,,,,,,,,,,,,,850,金牌,False,True,全模,,,,,,白,,,,,2026-10-10 06:01
psu,｛NZXT C750(750W) 銅牌｝雙8/直出線/ATX3.1(PCIe 5.1)/5年,NZXT C750(750W) 銅牌,2490,恩傑 NZXT【原價屋售出 2年快換】,5727.5,,,,,,,,,,,,,,,,,,,,,,,750,銅牌,False,True,直出,,,,,,黑,,,,,2026-10-10 06:01
psu,｛NZXT C850(850W) CORE 黑｝雙8/金牌/全模組/ATX3.1(PCIe 5.1)壓紋線/7年,NZXT C850(850W) CORE 黑,3990,恩傑 NZXT【原價屋售出 2年快換】,5728.5,,,,,,,,,,,,,,,,,,,,,,,850,金牌,False,True,全模,,,,,,黑,,,,,2026-10-10 06:01
psu,｛NZXT C850(850W) ATX3.1 白｝雙8/金牌/全模組/PCIe 5.1/全日系/10年,NZXT C850(850W) ATX3.1 白,4290,恩傑 NZXT【原價屋售出 2年快換】,5729.5,,,,,,,,,,,,,,,,,,,,,,,850,金牌,False,True,全模,,,,,,白,,,,,2026-10-10 06:01
psu,｛NZXT C1000(1000W) ATX3.1 黑｝雙8/金牌/全模組/PCIe 5.1/全日系/10年,NZXT C1000(1000W) ATX3.1 黑,5490,恩傑 NZXT【原價屋售出 2年快換】,5730.5,,,,,,,,,,,,,,,,,,,,,,,1000,金牌,False,True,全模,,,,,,黑,,,,,2026-10-10 06:01
psu,｛NZXT C1000(1000W) ATX3.1 白｝雙8/金牌/全模組/PCIe 5.1/全日系/10年,NZXT C1000(1000W) ATX3.1 白,5690,恩傑 NZXT【原價屋售出 2年快換】,5731.5,,,,,,,,,,,,,,,,,,,,,,,1000,金牌,False,True,全模,,,,,,白,,,,,2026-10-10 06:01
psu,｛NZXT C1200(1200W) ATX3.1 黑｝雙8/金牌/全模組/PCIe 5.1/全日系/10年,NZXT C1200(1200W) ATX3.1 黑,7390,恩傑 NZXT【原價屋售出 2年快換】,5732.5,,,,,,,,,,,,,,,,,,,,,,,1200,金牌,False,True,全模,,,,,,黑,,,,,2026-10-10 06:01
psu,｛NZXT C1500(1500W) ATX3.1｝雙8/白金/數位電源/全模組/雙PCIe 5.1/全日系/10年,NZXT C1500(1500W) ATX3.1,11990,恩傑 NZXT【原價屋售出 2年快換】,5734.5,,,,,,,,,,,,,,,,,,,,,,,1500,白金,False,True,全模,,,,,,白,,,,,2026-10-10 06:01
psu,｛ASRock SL-750G(750W) 黑｝雙8/金牌/全模組/ATX3.1(PCIe 5.1)/全日系/10年,ASRock SL-750G(750W) 黑,3290,華擎 ASRock,5737.5,,,,,,,,,,,,,,,,,,,,,,,750,金牌,False,True,全模,,,,,,黑,,,,,2026-10-10 06:01
psu,｛ASRock SL-850G(850W) 黑｝雙8/金牌/全模組/ATX3.1(PCIe 5.1)/全日系/10年,ASRock SL-850G(850W) 黑,3890,華擎 ASRock,5738.5,,,,,,,,,,,,,,,,,,,,,,,850,金牌,False,True,全模,,,,,,黑,,,,,2026-10-10 06:01
psu,｛ASRock SL-850GW(850W) 白｝雙8/金牌/全模組/ATX3.1(PCIe 5.1)/全日系/10年,ASRock SL-850GW(850W) 白,3990,華擎 ASRock,5739.5,,,,,,,,,,,,,,,,,,,,,,,850,金牌,False,True,全模,,,,,,白,,,,,2026-10-10 06:01
psu,｛ASRock SL-1000G(1000W) 黑｝雙8/金牌/全模組/ATX3.1(PCIe 5.1)/全日系/10年,ASRock SL-1000G(1000W) 黑,4590,華擎 ASRock,5740.5,,,,,,,,,,,,,,,,,,,,,,,1000,金牌,False,True,全模,,,,,,黑,,,,,2026-10-10 06:01
psu,｛ASRock SL-1000GW(1000W) 白｝雙8/金牌/全模組/ATX3.1(PCIe 5.1)/全日系/10年,ASRock SL-1000GW(1000W) 白,4690,華擎 ASRock,5741.5,,,,,,,,,,,,,,,,,,,,,,,1000,金牌,False,True,全模,,,,,,白,,,,,2026-10-10 06:01
psu,｛技嘉 P550B(550W)｝銅牌/3年保,技嘉 P550B(550W),1690,技嘉 GIGABYTE,5744.5,,,,,,,,,,,,,,,,,,,,,,,550,銅牌,False,False,直出,,,,,,黑,,,,,2026-10-10 06:01
psu,｛技嘉 P650G PG5(650W)｝ 雙8/金牌/ATX3.1(PCIe 5.1)/主日系/5年保,技嘉 P650G PG5(650W),2690,技嘉 GIGABYTE,5745.5,,,,,,,,,,,,,,,,,,,,,,,650,金牌,False,True,直出,,,,,,黑,,,,,2026-10-10 06:01
psu,｛技嘉 UD750GM PG5 V2(750W)｝雙8/金牌/全模組/ATX3.1(PCIe 5.1)全日系/10年,技嘉 UD750GM PG5 V2(750W),3290,技嘉 GIGABYTE,5746.5,,,,,,,,,,,,,,,,,,,,,,,750,金牌,False,True,全模,,,,,,黑,,,,,2026-10-10 06:01
psu,｛技嘉 UD750GM PG5 V2 ICE(750W)｝雙8/金牌/全模組/ATX3.1(PCIe 5.1)全日系/10年,技嘉 UD750GM PG5 V2 ICE(750W),3390,技嘉 GIGABYTE,5747.5,,,,,,,,,,,,,,,,,,,,,,,750,金牌,False,True,全模,,,,,,白,,,,,2026-10-10 06:01
psu,｛技嘉 UD850GM PG5 V2(850W)｝雙8/金牌/全模組/ATX3.1(PCIe 5.1)全日系/10年,技嘉 UD850GM PG5 V2(850W),3890,技嘉 GIGABYTE,5748.5,,,,,,,,,,,,,,,,,,,,,,,850,金牌,False,True,全模,,,,,,黑,,,,,2026-10-10 06:01
psu,｛技嘉 UD850GM PG5 V2 ICE(850W)｝雙8/金牌/全模組/ATX3.1(PCIe 5.1)全日系/10年,技嘉 UD850GM PG5 V2 ICE(850W),3990,技嘉 GIGABYTE,5749.5,,,,,,,,,,,,,,,,,,,,,,,850,金牌,False,True,全模,,,,,,白,,,,,2026-10-10 06:01
psu,｛技嘉 UD1000GM PG5 V2(1000W)｝雙8/金牌/全模組/ATX3.1(PCIe 5.1)全日系/10年,技嘉 UD1000GM PG5 V2(1000W),5290,技嘉 GIGABYTE,5750.5,,,,,,,,,,,,,,,,,,,,,,,1000,金牌,False,True,全模,,,,,,黑,,,,,2026-10-10 06:01
psu,｛技嘉 UD1000GM PG5 V2 ICE(1000W)｝雙8/金牌/全模組/ATX3.1(PCIe 5.1)全日系/10年,技嘉 UD1000GM PG5 V2 ICE(1000W),5390,技嘉 GIGABYTE,5751.5,,,,,,,,,,,,,,,,,,,,,,,1000,金牌,False,True,全模,,,,,,白,,,,,2026-10-10 06:01
psu,｛技嘉 UD1600PM PG5(1600W)｝雙8/白金/全模組/ATX3.1(雙PCIe 5.1)主日系/10年,技嘉 UD1600PM PG5(1600W),14990,技嘉 GIGABYTE,5752.5,,,,,,,,,,,,,,,,,,,,,,,1600,白金,False,True,全模,,,,,,白,,,,,2026-10-10 06:01
psu,｛技嘉 GAMING 1000GM PG5(1000W)｝雙8/金牌/全模組/ATX3.1(PCIe 5.1)全日系/10年,技嘉 GAMING 1000GM PG5(1000W),5990,技嘉 GIGABYTE,5753.5,,,,,,,,,,,,,,,,,,,,,,,1000,金牌,False,True,全模,,,,,,黑,,,,,2026-10-10 06:01
psu,｛技嘉 AORUS ELITE 1000W｝雙8/白金/全模組/ATX3.0(PCIe 5.0)全日系/10年,技嘉 AORUS ELITE 1000W,6990,技嘉 GIGABYTE,5754.5,,,,,,,,,,,,,,,,,,,,,,,1000,白金,False,True,全模,,,,,,白,,,,,2026-10-10 06:01
psu,｛技嘉 AORUS ELITE 1000W ICE(白色)｝雙8/白金/全模組/ATX3.0(PCIe 5.0)全日系/10年,技嘉 AORUS ELITE 1000W ICE(白色),6490,技嘉 GIGABYTE,5755.5,,,,,,,,,,,,,,,,,,,,,,,1000,白金,False,True,全模,,,,,,白,,,,,2026-10-10 06:01
psu,｛曜越 Toughpower GF A3 750W｝雙8/金牌/全模組/ATX3.0(PCIe 5.0)/主日系/10年保,曜越 Toughpower GF A3 750W,2690,曜越 Thermaltake【原價屋售出 3年快換 !!】,5758.5,,,,,,,,,,,,,,,,,,,,,,,750,金牌,False,True,全模,,,,,,黑,,,,,2026-10-10 06:01
psu,｛曜越 Toughpower GF A3 850W｝雙8/金牌/全模組/ATX3.0(PCIe 5.0)/主日系/10年保,曜越 Toughpower GF A3 850W,2990,曜越 Thermaltake【原價屋售出 3年快換 !!】,5759.5,,,,,,,,,,,,,,,,,,,,,,,850,金牌,False,True,全模,,,,,,黑,,,,,2026-10-10 06:01
psu,｛曜越 Toughpower GF3 1350W ATX3.0(PCIe 5.0)｝雙8/金牌/全模組/10年保,曜越 Toughpower GF3 1350W ATX3.0(PCIe 5.0),4990,曜越 Thermaltake【原價屋售出 3年快換 !!】,5760.5,,,,,,,,,,,,,,,,,,,,,,,1350,金牌,False,True,全模,,,,,,黑,,,,,2026-10-10 06:01
psu,｛聯力 RS1000G(1000W) 黑｝金牌/全模組/ATX3.1(PCIe 5.1)/USB Hub/雙向安裝/10年,聯力 RS1000G(1000W) 黑,4399,聯力工業 LIAN LI,5767.5,,,,,,,,,,,,,,,,,,,,,,,1000,金牌,False,True,全模,,,,,,黑,,,,,2026-10-10 06:01
psu,｛聯力 RS1200G(1200W) 黑｝金牌/全模組/ATX3.1(PCIe 5.1)/USB Hub/雙向安裝/10年,聯力 RS1200G(1200W) 黑,5299,聯力工業 LIAN LI,5769.5,,,,,,,,,,,,,,,,,,,,,,,1200,金牌,False,True,全模,,,,,,黑,,,,,2026-10-10 06:01
psu,｛聯力 RS1200G(1200W) 白｝金牌/全模組/ATX3.1(PCIe 5.1)/USB Hub/雙向安裝/10年,聯力 RS1200G(1200W) 白,5449,聯力工業 LIAN LI,5770.5,,,,,,,,,,,,,,,,,,,,,,,1200,金牌,False,True,全模,,,,,,白,,,,,2026-10-10 06:01
os,Windows 11 中文家用隨機版 64位元,Windows 11 中文家用隨機版 64位元,4590,Microsoft Windows 11 隨機版 (序號類商品一經售出不接受退貨),8803.5,,,,,,,,,,,,,,,,,,,,,,,,,,,,,,,,,,,,,,2026-10-10 06:01
os,Windows 11 中文家用隨機版 64位元【組裝價】,Windows 11 中文家用隨機版 64位元【組裝價】,4390,Microsoft Windows 11 隨機版 (序號類商品一經售出不接受退貨),8804,,,,,,,,,,,,,,,,,,,,,,,,,,,,,,,,,,,,,,2026-10-10 06:01
os,Windows 11 中文家用彩盒版 64位元 (USB),Windows 11 中文家用彩盒版 64位元 (USB),4790,Microsoft Windows 11 彩盒版(序號類商品一經售出不接受退貨),8811.5,,,,,,,,,,,,,,,,,,,,,,,,,,,,,,,,,,,,,,2026-10-10 06:01
os,Windows 11 中文家用彩盒版 64位元 (USB)【組裝價】,Windows 11 中文家用彩盒版 64位元 (USB)【組裝價】,4590,Microsoft Windows 11 彩盒版(序號類商品一經售出不接受退貨),8812,,,,,,,,,,,,,,,,,,,,,,,,,,,,,,,,,,,,,,2026-10-10 06:01
